file,mode,rule,result,duration
test_files_filters/buggy.sleec,redundancy,0,unsat,0.09365224838256836
test_files_filters/buggy.sleec,redundancy,1,sat,0.08102679252624512
test_files_filters/buggy.sleec,redundancy,2,unknown (TIMEOUT),20.008339405059814
test_files_filters/buggy.sleec,redundancy,3,unknown (TIMEOUT),20.06606936454773
test_files_filters/buggy.sleec,redundancy,4,sat,0.1880795955657959
test_files_filters/buggy.sleec,redundancy,5,unsat,0.022617340087890625
test_files_filters/buggy.sleec,redundancy,6,unsat,0.10991406440734863
test_files_filters/buggy.sleec,redundancy,7,sat,0.01924920082092285
test_files_filters/buggy.sleec,redundancy,8,sat,0.022312164306640625
test_files_filters/buggy.sleec,redundancy,9,sat,0.029584169387817383
test_files_filters/buggy.sleec,redundancy,10,sat,0.14161968231201172
test_files_filters/buggy.sleec,redundancy,11,sat,0.02831101417541504
test_files_filters/buggy.sleec,conflict,0,unknown (TIMEOUT),20.00921106338501
test_files_filters/buggy.sleec,conflict,1,unknown (TIMEOUT),20.008599281311035
test_files_filters/buggy.sleec,conflict,2,unknown (TIMEOUT),20.023927450180054
test_files_filters/buggy.sleec,conflict,3,unknown (TIMEOUT),20.02344799041748
test_files_filters/buggy.sleec,conflict,4,unknown (TIMEOUT),20.012879133224487
test_files_filters/buggy.sleec,conflict,5,unknown (TIMEOUT),20.001184701919556
test_files_filters/buggy.sleec,conflict,6,unknown (TIMEOUT),20.049108266830444
test_files_filters/buggy.sleec,conflict,7,sat,0.03997325897216797
test_files_filters/buggy.sleec,conflict,8,sat,0.04639697074890137
test_files_filters/buggy.sleec,conflict,9,sat,0.16407251358032227
test_files_filters/buggy.sleec,conflict,10,unknown (TIMEOUT),20.00972604751587
test_files_filters/buggy.sleec,conflict,11,unsat,0.037874698638916016
test_files_filters/buggy.sleec,concern,0,unknown (TIMEOUT),20.011433601379395
test_files_filters/test1.sleec,redundancy,0,sat,0.015358924865722656
test_files_filters/test1.sleec,redundancy,1,sat,0.009383201599121094
test_files_filters/test1.sleec,redundancy,2,unsat,0.01582789421081543
test_files_filters/test1.sleec,redundancy,3,sat,0.026766538619995117
test_files_filters/test1.sleec,conflict,0,sat,0.04794669151306152
test_files_filters/test1.sleec,conflict,1,sat,0.017138004302978516
test_files_filters/test1.sleec,conflict,2,sat,0.04478716850280762
test_files_filters/test1.sleec,conflict,3,sat,0.04644656181335449
test_files_filters/test4.sleec,redundancy,0,sat,0.01930975914001465
test_files_filters/test4.sleec,redundancy,1,sat,0.01734185218811035
test_files_filters/test4.sleec,redundancy,2,sat,0.009657144546508789
test_files_filters/test4.sleec,conflict,0,sat,0.049034833908081055
test_files_filters/test4.sleec,conflict,1,sat,0.06717061996459961
test_files_filters/test4.sleec,conflict,2,sat,0.019690752029418945
test_files_filters/test4.sleec,concern,0,unsat,0.08972001075744629
test_files_filters/test3.sleec,redundancy,0,sat,0.01933121681213379
test_files_filters/test3.sleec,redundancy,1,sat,0.017560243606567383
test_files_filters/test3.sleec,redundancy,2,sat,0.00982046127319336
test_files_filters/test3.sleec,conflict,0,sat,0.049478769302368164
test_files_filters/test3.sleec,conflict,1,sat,0.06827402114868164
test_files_filters/test3.sleec,conflict,2,sat,0.019946575164794922
test_files_filters/test3.sleec,concern,0,sat,0.07588601112365723
test_files_filters/test.sleec,redundancy,0,unsat,0.052434444427490234
test_files_filters/test.sleec,redundancy,1,unsat,0.013898849487304688
test_files_filters/test.sleec,redundancy,2,unsat,0.013736724853515625
test_files_filters/test.sleec,redundancy,3,sat,0.023818492889404297
test_files_filters/test.sleec,redundancy,4,unsat,0.023657798767089844
test_files_filters/test.sleec,redundancy,5,unsat,0.04940462112426758
test_files_filters/test.sleec,redundancy,6,unsat,0.6155359745025635
test_files_filters/test.sleec,redundancy,7,unsat,0.018093585968017578
test_files_filters/test.sleec,redundancy,8,unsat,0.03712797164916992
test_files_filters/test.sleec,redundancy,9,unsat,0.052155256271362305
test_files_filters/test.sleec,redundancy,10,unsat,0.05192089080810547
test_files_filters/test.sleec,redundancy,11,sat,0.11110639572143555
test_files_filters/test.sleec,redundancy,12,unsat,0.05255007743835449
test_files_filters/test.sleec,redundancy,13,sat,0.05425667762756348
test_files_filters/test.sleec,redundancy,14,unsat,0.03884768486022949
test_files_filters/test.sleec,redundancy,15,sat,0.023078441619873047
test_files_filters/test.sleec,redundancy,16,sat,0.061888694763183594
test_files_filters/test.sleec,redundancy,17,sat,0.033434391021728516
test_files_filters/test.sleec,redundancy,18,sat,0.019582509994506836
test_files_filters/test.sleec,redundancy,19,sat,0.043627023696899414
test_files_filters/test.sleec,redundancy,20,unknown (TIMEOUT),20.014337301254272
test_files_filters/test.sleec,conflict,0,sat,0.04899454116821289
test_files_filters/test.sleec,conflict,1,sat,0.039832115173339844
test_files_filters/test.sleec,conflict,2,sat,0.040471792221069336
test_files_filters/test.sleec,conflict,3,sat,0.25162482261657715
test_files_filters/test.sleec,conflict,4,sat,0.2567861080169678
test_files_filters/test.sleec,conflict,5,sat,0.3672029972076416
test_files_filters/test.sleec,conflict,6,sat,0.17712116241455078
test_files_filters/test.sleec,conflict,7,sat,0.17515254020690918
test_files_filters/test.sleec,conflict,8,sat,0.17577266693115234
test_files_filters/test.sleec,conflict,9,sat,0.17623114585876465
test_files_filters/test.sleec,conflict,10,sat,0.17716574668884277
test_files_filters/test.sleec,conflict,11,sat,0.17743730545043945
test_files_filters/test.sleec,conflict,12,sat,0.18068671226501465
test_files_filters/test.sleec,conflict,13,sat,0.020848989486694336
test_files_filters/test.sleec,conflict,14,sat,0.020198583602905273
test_files_filters/test.sleec,conflict,15,sat,0.020122051239013672
test_files_filters/test.sleec,conflict,16,sat,0.023375511169433594
test_files_filters/test.sleec,conflict,17,unknown (TIMEOUT),20.017468690872192
test_files_filters/test.sleec,conflict,18,unknown (TIMEOUT),20.016496896743774
test_files_filters/test.sleec,conflict,19,unknown (TIMEOUT),20.014092683792114
test_files_filters/test.sleec,conflict,20,unknown (TIMEOUT),20.01410984992981
test_files_filters/test2.sleec,redundancy,0,sat,0.020718097686767578
test_files_filters/test2.sleec,redundancy,1,sat,0.017393827438354492
test_files_filters/test2.sleec,redundancy,2,sat,0.025712013244628906
test_files_filters/test2.sleec,conflict,0,unknown (TIMEOUT),20.003360986709595
test_files_filters/test2.sleec,conflict,1,sat,0.04776644706726074
test_files_filters/test2.sleec,conflict,2,unknown (TIMEOUT),20.01069974899292
test_files_filters/safescade/safescade-corrected.sleec,redundancy,0,sat,0.20817899703979492
test_files_filters/safescade/safescade-corrected.sleec,redundancy,1,sat,0.052161216735839844
test_files_filters/safescade/safescade-corrected.sleec,redundancy,2,sat,0.05061173439025879
test_files_filters/safescade/safescade-corrected.sleec,redundancy,3,sat,0.050196170806884766
test_files_filters/safescade/safescade-corrected.sleec,redundancy,4,sat,0.24590444564819336
test_files_filters/safescade/safescade-corrected.sleec,redundancy,5,sat,0.053899288177490234
test_files_filters/safescade/safescade-corrected.sleec,redundancy,6,sat,0.05388236045837402
test_files_filters/safescade/safescade-corrected.sleec,redundancy,7,sat,0.0568389892578125
test_files_filters/safescade/safescade-corrected.sleec,redundancy,8,sat,0.6065933704376221
test_files_filters/safescade/safescade-corrected.sleec,redundancy,9,sat,0.06685543060302734
test_files_filters/safescade/safescade-corrected.sleec,redundancy,10,sat,0.0876777172088623
test_files_filters/safescade/safescade-corrected.sleec,redundancy,11,sat,0.052399635314941406
test_files_filters/safescade/safescade-corrected.sleec,redundancy,12,sat,0.42124032974243164
test_files_filters/safescade/safescade-corrected.sleec,redundancy,13,sat,0.2528524398803711
test_files_filters/safescade/safescade-corrected.sleec,redundancy,14,sat,0.05487179756164551
test_files_filters/safescade/safescade-corrected.sleec,redundancy,15,sat,0.05507373809814453
test_files_filters/safescade/safescade-corrected.sleec,redundancy,16,sat,0.0871732234954834
test_files_filters/safescade/safescade-corrected.sleec,redundancy,17,sat,0.05525827407836914
test_files_filters/safescade/safescade-corrected.sleec,redundancy,18,sat,0.08897972106933594
test_files_filters/safescade/safescade-corrected.sleec,redundancy,19,sat,0.08662843704223633
test_files_filters/safescade/safescade-corrected.sleec,redundancy,20,sat,0.3429117202758789
test_files_filters/safescade/safescade-corrected.sleec,redundancy,21,sat,0.455446720123291
test_files_filters/safescade/safescade-corrected.sleec,redundancy,22,sat,0.09764504432678223
test_files_filters/safescade/safescade-corrected.sleec,redundancy,23,sat,0.1164705753326416
test_files_filters/safescade/safescade-corrected.sleec,redundancy,24,sat,0.09131169319152832
test_files_filters/safescade/safescade-corrected.sleec,redundancy,25,sat,0.09471774101257324
test_files_filters/safescade/safescade-corrected.sleec,redundancy,26,sat,0.05603528022766113
test_files_filters/safescade/safescade-corrected.sleec,conflict,0,sat,0.512413501739502
test_files_filters/safescade/safescade-corrected.sleec,conflict,1,sat,0.09788775444030762
test_files_filters/safescade/safescade-corrected.sleec,conflict,2,sat,0.11235451698303223
test_files_filters/safescade/safescade-corrected.sleec,conflict,3,sat,0.10164856910705566
test_files_filters/safescade/safescade-corrected.sleec,conflict,4,sat,0.5257608890533447
test_files_filters/safescade/safescade-corrected.sleec,conflict,5,sat,0.09436202049255371
test_files_filters/safescade/safescade-corrected.sleec,conflict,6,sat,0.08890366554260254
test_files_filters/safescade/safescade-corrected.sleec,conflict,7,sat,0.5567417144775391
test_files_filters/safescade/safescade-corrected.sleec,conflict,8,sat,0.11040425300598145
test_files_filters/safescade/safescade-corrected.sleec,conflict,9,sat,0.10517692565917969
test_files_filters/safescade/safescade-corrected.sleec,conflict,10,sat,0.15241265296936035
test_files_filters/safescade/safescade-corrected.sleec,conflict,11,sat,0.10612225532531738
test_files_filters/safescade/safescade-corrected.sleec,conflict,12,sat,0.7413651943206787
test_files_filters/safescade/safescade-corrected.sleec,conflict,13,sat,0.5443766117095947
test_files_filters/safescade/safescade-corrected.sleec,conflict,14,sat,0.10840916633605957
test_files_filters/safescade/safescade-corrected.sleec,conflict,15,sat,0.10380411148071289
test_files_filters/safescade/safescade-corrected.sleec,conflict,16,sat,0.13813066482543945
test_files_filters/safescade/safescade-corrected.sleec,conflict,17,sat,0.09477782249450684
test_files_filters/safescade/safescade-corrected.sleec,conflict,18,sat,0.13814473152160645
test_files_filters/safescade/safescade-corrected.sleec,conflict,19,sat,0.13751649856567383
test_files_filters/safescade/safescade-corrected.sleec,conflict,20,sat,0.6029343605041504
test_files_filters/safescade/safescade-corrected.sleec,conflict,21,sat,0.5798604488372803
test_files_filters/safescade/safescade-corrected.sleec,conflict,22,sat,0.10546731948852539
test_files_filters/safescade/safescade-corrected.sleec,conflict,23,sat,0.14221811294555664
test_files_filters/safescade/safescade-corrected.sleec,conflict,24,sat,0.14070558547973633
test_files_filters/safescade/safescade-corrected.sleec,conflict,25,sat,0.16045331954956055
test_files_filters/safescade/safescade-corrected.sleec,conflict,26,sat,0.09899425506591797
test_files_filters/safescade/safescade-corrected.sleec,concern,0,unsat,0.1089162826538086
test_files_filters/safescade/safescade-corrected.sleec,concern,1,unsat,0.06998729705810547
test_files_filters/safescade/safescade-corrected.sleec,concern,2,sat,0.4317970275878906
test_files_filters/safescade/safescade.sleec,redundancy,0,sat,0.28186702728271484
test_files_filters/safescade/safescade.sleec,redundancy,1,unsat,0.03213620185852051
test_files_filters/safescade/safescade.sleec,redundancy,2,sat,0.04938530921936035
test_files_filters/safescade/safescade.sleec,redundancy,3,unsat,0.03717350959777832
test_files_filters/safescade/safescade.sleec,redundancy,4,unsat,0.03209948539733887
test_files_filters/safescade/safescade.sleec,redundancy,5,sat,0.051445722579956055
test_files_filters/safescade/safescade.sleec,redundancy,6,sat,0.7267594337463379
test_files_filters/safescade/safescade.sleec,redundancy,7,sat,0.33537769317626953
test_files_filters/safescade/safescade.sleec,redundancy,8,sat,0.04901528358459473
test_files_filters/safescade/safescade.sleec,redundancy,9,sat,0.048132896423339844
test_files_filters/safescade/safescade.sleec,redundancy,10,sat,0.05116891860961914
test_files_filters/safescade/safescade.sleec,redundancy,11,sat,0.14158964157104492
test_files_filters/safescade/safescade.sleec,redundancy,12,sat,0.19956660270690918
test_files_filters/safescade/safescade.sleec,redundancy,13,sat,0.05391693115234375
test_files_filters/safescade/safescade.sleec,redundancy,14,sat,0.09138369560241699
test_files_filters/safescade/safescade.sleec,redundancy,15,sat,0.3945467472076416
test_files_filters/safescade/safescade.sleec,redundancy,16,sat,0.23200583457946777
test_files_filters/safescade/safescade.sleec,redundancy,17,sat,0.05155515670776367
test_files_filters/safescade/safescade.sleec,redundancy,18,sat,0.12030434608459473
test_files_filters/safescade/safescade.sleec,redundancy,19,sat,0.4182248115539551
test_files_filters/safescade/safescade.sleec,redundancy,20,sat,0.08427548408508301
test_files_filters/safescade/safescade.sleec,redundancy,21,sat,0.1258375644683838
test_files_filters/safescade/safescade.sleec,redundancy,22,sat,0.09997797012329102
test_files_filters/safescade/safescade.sleec,redundancy,23,sat,0.3433263301849365
test_files_filters/safescade/safescade.sleec,redundancy,24,sat,0.5696730613708496
test_files_filters/safescade/safescade.sleec,redundancy,25,sat,0.05929088592529297
test_files_filters/safescade/safescade.sleec,redundancy,26,sat,0.08607196807861328
test_files_filters/safescade/safescade.sleec,redundancy,27,sat,0.0847170352935791
test_files_filters/safescade/safescade.sleec,conflict,0,sat,0.4129903316497803
test_files_filters/safescade/safescade.sleec,conflict,1,sat,0.09367084503173828
test_files_filters/safescade/safescade.sleec,conflict,2,sat,0.15261197090148926
test_files_filters/safescade/safescade.sleec,conflict,3,sat,0.4167361259460449
test_files_filters/safescade/safescade.sleec,conflict,4,sat,0.09627366065979004
test_files_filters/safescade/safescade.sleec,conflict,5,sat,0.15093255043029785
test_files_filters/safescade/safescade.sleec,conflict,6,sat,0.1489264965057373
test_files_filters/safescade/safescade.sleec,conflict,7,sat,0.420182466506958
test_files_filters/safescade/safescade.sleec,conflict,8,sat,0.08635067939758301
test_files_filters/safescade/safescade.sleec,conflict,9,sat,0.08725237846374512
test_files_filters/safescade/safescade.sleec,conflict,10,sat,0.5199146270751953
test_files_filters/safescade/safescade.sleec,conflict,11,sat,0.18015670776367188
test_files_filters/safescade/safescade.sleec,conflict,12,sat,0.4114243984222412
test_files_filters/safescade/safescade.sleec,conflict,13,sat,0.08764934539794922
test_files_filters/safescade/safescade.sleec,conflict,14,sat,0.09176397323608398
test_files_filters/safescade/safescade.sleec,conflict,15,sat,0.7447552680969238
test_files_filters/safescade/safescade.sleec,conflict,16,sat,0.4481847286224365
test_files_filters/safescade/safescade.sleec,conflict,17,sat,0.18138933181762695
test_files_filters/safescade/safescade.sleec,conflict,18,sat,0.18901610374450684
test_files_filters/safescade/safescade.sleec,conflict,19,sat,0.0590059757232666
test_files_filters/safescade/safescade.sleec,conflict,20,sat,0.13922500610351562
test_files_filters/safescade/safescade.sleec,conflict,21,sat,0.18705224990844727
test_files_filters/safescade/safescade.sleec,conflict,22,sat,0.13332295417785645
test_files_filters/safescade/safescade.sleec,conflict,23,sat,0.6016604900360107
test_files_filters/safescade/safescade.sleec,conflict,24,sat,0.6162831783294678
test_files_filters/safescade/safescade.sleec,conflict,25,sat,0.06215381622314453
test_files_filters/safescade/safescade.sleec,conflict,26,sat,0.13794445991516113
test_files_filters/safescade/safescade.sleec,conflict,27,sat,0.13257622718811035
test_files_filters/safescade/safescade.sleec,concern,0,sat,0.3881826400756836
test_files_filters/safescade/safescade.sleec,concern,1,sat,0.3953700065612793
test_files_filters/safescade/safescade.sleec,concern,2,sat,0.6472523212432861
test_files_filters/safescade/safescade.sleec,concern,3,sat,0.43529200553894043
test_files_filters/covidfree/covidfree.sleec,redundancy,0,sat,0.07132482528686523
test_files_filters/covidfree/covidfree.sleec,redundancy,1,sat,0.05581188201904297
test_files_filters/covidfree/covidfree.sleec,redundancy,2,unknown (TIMEOUT),20.003339529037476
test_files_filters/covidfree/covidfree.sleec,redundancy,3,unknown (TIMEOUT),20.000622510910034
test_files_filters/covidfree/covidfree.sleec,redundancy,4,sat,0.06228446960449219
test_files_filters/covidfree/covidfree.sleec,redundancy,5,unsat,0.02040410041809082
test_files_filters/covidfree/covidfree.sleec,redundancy,6,sat,0.19630193710327148
test_files_filters/covidfree/covidfree.sleec,redundancy,7,sat,0.057478904724121094
test_files_filters/covidfree/covidfree.sleec,redundancy,8,sat,0.09171509742736816
test_files_filters/covidfree/covidfree.sleec,redundancy,9,sat,0.0923163890838623
test_files_filters/covidfree/covidfree.sleec,redundancy,10,sat,0.053087711334228516
test_files_filters/covidfree/covidfree.sleec,redundancy,11,sat,0.0665130615234375
test_files_filters/covidfree/covidfree.sleec,redundancy,12,unknown (TIMEOUT),20.006221055984497
test_files_filters/covidfree/covidfree.sleec,redundancy,13,sat,0.06262397766113281
test_files_filters/covidfree/covidfree.sleec,redundancy,14,sat,0.052846431732177734
test_files_filters/covidfree/covidfree.sleec,redundancy,15,unknown (TIMEOUT),20.03485655784607
test_files_filters/covidfree/covidfree.sleec,redundancy,16,unknown (TIMEOUT),20.0062518119812
test_files_filters/covidfree/covidfree.sleec,redundancy,17,unknown (TIMEOUT),20.068293809890747
test_files_filters/covidfree/covidfree.sleec,redundancy,18,sat,0.058217525482177734
test_files_filters/covidfree/covidfree.sleec,redundancy,19,unknown (TIMEOUT),20.00761318206787
test_files_filters/covidfree/covidfree.sleec,redundancy,20,sat,0.0672149658203125
test_files_filters/covidfree/covidfree.sleec,redundancy,21,sat,0.14318609237670898
test_files_filters/covidfree/covidfree.sleec,redundancy,22,sat,0.07110905647277832
test_files_filters/covidfree/covidfree.sleec,redundancy,23,sat,0.19965291023254395
test_files_filters/covidfree/covidfree.sleec,redundancy,24,sat,0.06256246566772461
test_files_filters/covidfree/covidfree.sleec,conflict,0,sat,0.07278132438659668
test_files_filters/covidfree/covidfree.sleec,conflict,1,sat,0.0958089828491211
test_files_filters/covidfree/covidfree.sleec,conflict,2,unknown (TIMEOUT),20.00448727607727
test_files_filters/covidfree/covidfree.sleec,conflict,3,unknown (TIMEOUT),20.02919316291809
test_files_filters/covidfree/covidfree.sleec,conflict,4,sat,0.1092061996459961
test_files_filters/covidfree/covidfree.sleec,conflict,5,unknown (TIMEOUT),20.057480812072754
test_files_filters/covidfree/covidfree.sleec,conflict,6,sat,0.06051278114318848
test_files_filters/covidfree/covidfree.sleec,conflict,7,unknown (TIMEOUT),20.002803802490234
test_files_filters/covidfree/covidfree.sleec,conflict,8,sat,0.1489572525024414
test_files_filters/covidfree/covidfree.sleec,conflict,9,sat,0.143632173538208
test_files_filters/covidfree/covidfree.sleec,conflict,10,unknown (TIMEOUT),20.005982637405396
test_files_filters/covidfree/covidfree.sleec,conflict,11,sat,0.08190584182739258
test_files_filters/covidfree/covidfree.sleec,conflict,12,unknown (TIMEOUT),20.005595207214355
test_files_filters/covidfree/covidfree.sleec,conflict,13,sat,0.1275644302368164
test_files_filters/covidfree/covidfree.sleec,conflict,14,sat,0.11982560157775879
test_files_filters/covidfree/covidfree.sleec,conflict,15,unknown (TIMEOUT),20.025761365890503
test_files_filters/covidfree/covidfree.sleec,conflict,16,unknown (TIMEOUT),20.032817602157593
test_files_filters/covidfree/covidfree.sleec,conflict,17,unknown (TIMEOUT),20.00484824180603
test_files_filters/covidfree/covidfree.sleec,conflict,18,sat,0.10088729858398438
test_files_filters/covidfree/covidfree.sleec,conflict,19,unknown (TIMEOUT),20.029812574386597
test_files_filters/covidfree/covidfree.sleec,conflict,20,sat,0.13229107856750488
test_files_filters/covidfree/covidfree.sleec,conflict,21,sat,0.11110615730285645
test_files_filters/covidfree/covidfree.sleec,conflict,22,sat,0.1109309196472168
test_files_filters/covidfree/covidfree.sleec,conflict,23,sat,0.06522941589355469
test_files_filters/covidfree/covidfree.sleec,conflict,24,sat,0.06006431579589844
test_files_filters/covidfree/manual.sleec,redundancy,0,sat,0.1561582088470459
test_files_filters/covidfree/manual.sleec,redundancy,1,sat,0.032097578048706055
test_files_filters/covidfree/manual.sleec,redundancy,2,sat,0.03165793418884277
test_files_filters/covidfree/manual.sleec,redundancy,3,sat,0.029188871383666992
test_files_filters/covidfree/manual.sleec,redundancy,4,sat,0.028529644012451172
test_files_filters/covidfree/manual.sleec,redundancy,5,sat,0.0365142822265625
test_files_filters/covidfree/manual.sleec,redundancy,6,sat,0.02872610092163086
test_files_filters/covidfree/manual.sleec,redundancy,7,sat,0.055109262466430664
test_files_filters/covidfree/manual.sleec,redundancy,8,sat,0.05470991134643555
test_files_filters/covidfree/manual.sleec,redundancy,9,sat,0.03461956977844238
test_files_filters/covidfree/manual.sleec,redundancy,10,sat,0.05009722709655762
test_files_filters/covidfree/manual.sleec,redundancy,11,sat,0.05285382270812988
test_files_filters/covidfree/manual.sleec,redundancy,12,sat,0.02962970733642578
test_files_filters/covidfree/manual.sleec,redundancy,13,sat,0.03205132484436035
test_files_filters/covidfree/manual.sleec,redundancy,14,sat,0.028929948806762695
test_files_filters/covidfree/manual.sleec,redundancy,15,sat,0.053457021713256836
test_files_filters/covidfree/manual.sleec,redundancy,16,sat,0.030318260192871094
test_files_filters/covidfree/manual.sleec,redundancy,17,sat,0.03349924087524414
test_files_filters/covidfree/manual.sleec,redundancy,18,sat,0.04623985290527344
test_files_filters/covidfree/manual.sleec,conflict,0,sat,0.06713128089904785
test_files_filters/covidfree/manual.sleec,conflict,1,sat,0.06282448768615723
test_files_filters/covidfree/manual.sleec,conflict,2,sat,0.054224252700805664
test_files_filters/covidfree/manual.sleec,conflict,3,sat,0.05844616889953613
test_files_filters/covidfree/manual.sleec,conflict,4,sat,0.05476069450378418
test_files_filters/covidfree/manual.sleec,conflict,5,sat,0.031286001205444336
test_files_filters/covidfree/manual.sleec,conflict,6,sat,0.05393409729003906
test_files_filters/covidfree/manual.sleec,conflict,7,sat,0.08206033706665039
test_files_filters/covidfree/manual.sleec,conflict,8,sat,0.08090066909790039
test_files_filters/covidfree/manual.sleec,conflict,9,sat,0.06935763359069824
test_files_filters/covidfree/manual.sleec,conflict,10,sat,0.0810701847076416
test_files_filters/covidfree/manual.sleec,conflict,11,sat,0.08031249046325684
test_files_filters/covidfree/manual.sleec,conflict,12,sat,0.033313751220703125
test_files_filters/covidfree/manual.sleec,conflict,13,sat,0.05051088333129883
test_files_filters/covidfree/manual.sleec,conflict,14,sat,0.05500149726867676
test_files_filters/covidfree/manual.sleec,conflict,15,sat,0.08171534538269043
test_files_filters/covidfree/manual.sleec,conflict,16,sat,0.05607128143310547
test_files_filters/covidfree/manual.sleec,conflict,17,sat,0.06529021263122559
test_files_filters/covidfree/manual.sleec,conflict,18,sat,0.08098125457763672
test_files_filters/ASPEN/aspen.sleec,redundancy,0,sat,0.09757328033447266
test_files_filters/ASPEN/aspen.sleec,redundancy,1,sat,0.09091067314147949
test_files_filters/ASPEN/aspen.sleec,redundancy,2,sat,0.06610751152038574
test_files_filters/ASPEN/aspen.sleec,redundancy,3,sat,0.06127786636352539
test_files_filters/ASPEN/aspen.sleec,redundancy,4,sat,0.09702253341674805
test_files_filters/ASPEN/aspen.sleec,redundancy,5,sat,0.32622647285461426
test_files_filters/ASPEN/aspen.sleec,redundancy,6,sat,0.06265830993652344
test_files_filters/ASPEN/aspen.sleec,redundancy,7,sat,0.33098864555358887
test_files_filters/ASPEN/aspen.sleec,redundancy,8,sat,0.6482691764831543
test_files_filters/ASPEN/aspen.sleec,redundancy,9,sat,0.6666543483734131
test_files_filters/ASPEN/aspen.sleec,redundancy,10,sat,0.34374499320983887
test_files_filters/ASPEN/aspen.sleec,redundancy,11,sat,0.3447704315185547
test_files_filters/ASPEN/aspen.sleec,redundancy,12,sat,0.4550206661224365
test_files_filters/ASPEN/aspen.sleec,redundancy,13,sat,0.06572794914245605
test_files_filters/ASPEN/aspen.sleec,redundancy,14,sat,0.06405019760131836
test_files_filters/ASPEN/aspen.sleec,redundancy,15,sat,0.5228400230407715
test_files_filters/ASPEN/aspen.sleec,redundancy,16,sat,0.06858968734741211
test_files_filters/ASPEN/aspen.sleec,redundancy,17,sat,0.06628751754760742
test_files_filters/ASPEN/aspen.sleec,redundancy,18,sat,0.09958529472351074
test_files_filters/ASPEN/aspen.sleec,redundancy,19,sat,0.09632468223571777
test_files_filters/ASPEN/aspen.sleec,redundancy,20,sat,0.779613733291626
test_files_filters/ASPEN/aspen.sleec,redundancy,21,unsat,0.38752102851867676
test_files_filters/ASPEN/aspen.sleec,redundancy,22,sat,0.3397340774536133
test_files_filters/ASPEN/aspen.sleec,conflict,0,sat,0.14142179489135742
test_files_filters/ASPEN/aspen.sleec,conflict,1,sat,0.13942241668701172
test_files_filters/ASPEN/aspen.sleec,conflict,2,sat,0.06536555290222168
test_files_filters/ASPEN/aspen.sleec,conflict,3,sat,0.09610128402709961
test_files_filters/ASPEN/aspen.sleec,conflict,4,sat,0.9003894329071045
test_files_filters/ASPEN/aspen.sleec,conflict,5,sat,0.4319632053375244
test_files_filters/ASPEN/aspen.sleec,conflict,6,sat,0.10157918930053711
test_files_filters/ASPEN/aspen.sleec,conflict,7,sat,0.4384956359863281
test_files_filters/ASPEN/aspen.sleec,conflict,8,sat,0.9377548694610596
test_files_filters/ASPEN/aspen.sleec,conflict,9,sat,0.9268085956573486
test_files_filters/ASPEN/aspen.sleec,conflict,10,sat,0.4390268325805664
test_files_filters/ASPEN/aspen.sleec,conflict,11,sat,0.45037174224853516
test_files_filters/ASPEN/aspen.sleec,conflict,12,sat,0.47039294242858887
test_files_filters/ASPEN/aspen.sleec,conflict,13,sat,0.10551214218139648
test_files_filters/ASPEN/aspen.sleec,conflict,14,sat,0.10302543640136719
test_files_filters/ASPEN/aspen.sleec,conflict,15,sat,0.46764564514160156
test_files_filters/ASPEN/aspen.sleec,conflict,16,sat,0.10470771789550781
test_files_filters/ASPEN/aspen.sleec,conflict,17,sat,0.10338354110717773
test_files_filters/ASPEN/aspen.sleec,conflict,18,sat,0.15065217018127441
test_files_filters/ASPEN/aspen.sleec,conflict,19,sat,0.14677834510803223
test_files_filters/ASPEN/aspen.sleec,conflict,20,sat,0.9375433921813965
test_files_filters/ASPEN/aspen.sleec,conflict,21,sat,0.44911646842956543
test_files_filters/ASPEN/aspen.sleec,conflict,22,sat,0.45035839080810547
test_files_filters/ASPEN/aspen.sleec,concern,0,unsat,0.4813361167907715
test_files_filters/ASPEN/aspen.sleec,concern,1,unsat,0.49993467330932617
test_files_filters/ASPEN/aspen.sleec,concern,2,unsat,0.38411927223205566
test_files_filters/ASPEN/aspen.sleec,concern,3,sat,0.6219074726104736
test_files_filters/ASPEN/aspen.sleec,concern,4,sat,0.9994297027587891
test_files_filters/ASPEN/aspen.sleec,concern,5,unsat,0.48287534713745117
test_files_filters/ASPEN/aspen.sleec,concern,6,sat,0.06618213653564453
test_files_filters/ASPEN/aspen.sleec,concern,7,sat,0.05989813804626465
test_files_filters/ASPEN/aspen-corrected.sleec,redundancy,0,sat,0.09925651550292969
test_files_filters/ASPEN/aspen-corrected.sleec,redundancy,1,sat,0.09272480010986328
test_files_filters/ASPEN/aspen-corrected.sleec,redundancy,2,sat,0.06733846664428711
test_files_filters/ASPEN/aspen-corrected.sleec,redundancy,3,sat,0.06230616569519043
test_files_filters/ASPEN/aspen-corrected.sleec,redundancy,4,sat,1.4516932964324951
test_files_filters/ASPEN/aspen-corrected.sleec,redundancy,5,sat,1.1368787288665771
test_files_filters/ASPEN/aspen-corrected.sleec,redundancy,6,sat,0.06813883781433105
test_files_filters/ASPEN/aspen-corrected.sleec,redundancy,7,sat,1.167440414428711
test_files_filters/ASPEN/aspen-corrected.sleec,redundancy,8,sat,0.0691983699798584
test_files_filters/ASPEN/aspen-corrected.sleec,redundancy,9,sat,1.136275053024292
test_files_filters/ASPEN/aspen-corrected.sleec,redundancy,10,sat,1.1828935146331787
test_files_filters/ASPEN/aspen-corrected.sleec,redundancy,11,sat,1.2397589683532715
test_files_filters/ASPEN/aspen-corrected.sleec,redundancy,12,sat,1.1397428512573242
test_files_filters/ASPEN/aspen-corrected.sleec,redundancy,13,sat,0.07263469696044922
test_files_filters/ASPEN/aspen-corrected.sleec,redundancy,14,sat,0.10359072685241699
test_files_filters/ASPEN/aspen-corrected.sleec,redundancy,15,sat,0.10282468795776367
test_files_filters/ASPEN/aspen-corrected.sleec,redundancy,16,sat,0.06855416297912598
test_files_filters/ASPEN/aspen-corrected.sleec,redundancy,17,sat,0.06668305397033691
test_files_filters/ASPEN/aspen-corrected.sleec,redundancy,18,sat,1.3978769779205322
test_files_filters/ASPEN/aspen-corrected.sleec,redundancy,19,sat,0.06709051132202148
test_files_filters/ASPEN/aspen-corrected.sleec,redundancy,20,sat,0.06472659111022949
test_files_filters/ASPEN/aspen-corrected.sleec,redundancy,21,sat,0.10306262969970703
test_files_filters/ASPEN/aspen-corrected.sleec,redundancy,22,sat,0.10209989547729492
test_files_filters/ASPEN/aspen-corrected.sleec,redundancy,23,sat,0.7487919330596924
test_files_filters/ASPEN/aspen-corrected.sleec,redundancy,24,sat,0.4885249137878418
test_files_filters/ASPEN/aspen-corrected.sleec,conflict,0,sat,0.14291024208068848
test_files_filters/ASPEN/aspen-corrected.sleec,conflict,1,sat,0.14116215705871582
test_files_filters/ASPEN/aspen-corrected.sleec,conflict,2,sat,0.06639623641967773
test_files_filters/ASPEN/aspen-corrected.sleec,conflict,3,sat,0.09749984741210938
test_files_filters/ASPEN/aspen-corrected.sleec,conflict,4,sat,0.10367727279663086
test_files_filters/ASPEN/aspen-corrected.sleec,conflict,5,sat,1.3869390487670898
test_files_filters/ASPEN/aspen-corrected.sleec,conflict,6,sat,0.10294437408447266
test_files_filters/ASPEN/aspen-corrected.sleec,conflict,7,sat,1.4572231769561768
test_files_filters/ASPEN/aspen-corrected.sleec,conflict,8,sat,0.10901093482971191
test_files_filters/ASPEN/aspen-corrected.sleec,conflict,9,sat,0.10670852661132812
test_files_filters/ASPEN/aspen-corrected.sleec,conflict,10,sat,1.4801006317138672
test_files_filters/ASPEN/aspen-corrected.sleec,conflict,11,sat,1.5296084880828857
test_files_filters/ASPEN/aspen-corrected.sleec,conflict,12,sat,1.58872652053833
test_files_filters/ASPEN/aspen-corrected.sleec,conflict,13,sat,0.21480345726013184
test_files_filters/ASPEN/aspen-corrected.sleec,conflict,14,sat,0.15288591384887695
test_files_filters/ASPEN/aspen-corrected.sleec,conflict,15,sat,0.1486220359802246
test_files_filters/ASPEN/aspen-corrected.sleec,conflict,16,sat,0.1476750373840332
test_files_filters/ASPEN/aspen-corrected.sleec,conflict,17,sat,0.10685586929321289
test_files_filters/ASPEN/aspen-corrected.sleec,conflict,18,sat,2.0902230739593506
test_files_filters/ASPEN/aspen-corrected.sleec,conflict,19,sat,0.10591292381286621
test_files_filters/ASPEN/aspen-corrected.sleec,conflict,20,sat,0.10598611831665039
test_files_filters/ASPEN/aspen-corrected.sleec,conflict,21,sat,0.1550273895263672
test_files_filters/ASPEN/aspen-corrected.sleec,conflict,22,sat,0.14998364448547363
test_files_filters/ASPEN/aspen-corrected.sleec,conflict,23,sat,1.4922077655792236
test_files_filters/ASPEN/aspen-corrected.sleec,conflict,24,sat,1.5889654159545898
test_files_filters/ASPEN/aspen-corrected.sleec,concern,0,unsat,0.7684783935546875
test_files_filters/ASPEN/aspen-corrected.sleec,concern,1,unsat,0.8111910820007324
test_files_filters/ASPEN/aspen-corrected.sleec,concern,2,unsat,0.5943396091461182
test_files_filters/ASPEN/aspen-corrected.sleec,concern,3,unsat,0.6556780338287354
test_files_filters/ASPEN/aspen-corrected.sleec,concern,4,unsat,0.8501074314117432
test_files_filters/ASPEN/aspen-corrected.sleec,concern,5,unsat,0.7652840614318848
test_files_filters/ASPEN/aspen-corrected.sleec,concern,6,unsat,0.05555391311645508
test_files_filters/ASPEN/aspen-corrected.sleec,concern,7,unsat,0.047815561294555664
test_files_filters/BSN/BSN.sleec,redundancy,0,sat,0.07765483856201172
test_files_filters/BSN/BSN.sleec,redundancy,1,sat,0.06976175308227539
test_files_filters/BSN/BSN.sleec,redundancy,2,sat,0.06516909599304199
test_files_filters/BSN/BSN.sleec,redundancy,3,sat,0.0676872730255127
test_files_filters/BSN/BSN.sleec,redundancy,4,sat,0.49246811866760254
test_files_filters/BSN/BSN.sleec,redundancy,5,sat,0.7376835346221924
test_files_filters/BSN/BSN.sleec,redundancy,6,sat,0.40245556831359863
test_files_filters/BSN/BSN.sleec,redundancy,7,sat,0.6199219226837158
test_files_filters/BSN/BSN.sleec,redundancy,8,sat,0.08242058753967285
test_files_filters/BSN/BSN.sleec,redundancy,9,sat,0.11892437934875488
test_files_filters/BSN/BSN.sleec,redundancy,10,sat,0.312882661819458
test_files_filters/BSN/BSN.sleec,redundancy,11,sat,0.3128690719604492
test_files_filters/BSN/BSN.sleec,redundancy,12,sat,0.5424885749816895
test_files_filters/BSN/BSN.sleec,redundancy,13,sat,0.07588696479797363
test_files_filters/BSN/BSN.sleec,redundancy,14,sat,0.0738978385925293
test_files_filters/BSN/BSN.sleec,redundancy,15,sat,0.2716829776763916
test_files_filters/BSN/BSN.sleec,redundancy,16,sat,0.27176618576049805
test_files_filters/BSN/BSN.sleec,redundancy,17,sat,0.2733621597290039
test_files_filters/BSN/BSN.sleec,redundancy,18,sat,0.12066340446472168
test_files_filters/BSN/BSN.sleec,redundancy,19,sat,0.2555661201477051
test_files_filters/BSN/BSN.sleec,redundancy,20,sat,0.13151168823242188
test_files_filters/BSN/BSN.sleec,redundancy,21,sat,0.07799029350280762
test_files_filters/BSN/BSN.sleec,redundancy,22,sat,0.06941771507263184
test_files_filters/BSN/BSN.sleec,redundancy,23,sat,0.1116018295288086
test_files_filters/BSN/BSN.sleec,redundancy,24,sat,0.07501101493835449
test_files_filters/BSN/BSN.sleec,redundancy,25,sat,0.27558326721191406
test_files_filters/BSN/BSN.sleec,redundancy,26,sat,0.2800328731536865
test_files_filters/BSN/BSN.sleec,redundancy,27,sat,0.34912729263305664
test_files_filters/BSN/BSN.sleec,redundancy,28,sat,0.5111048221588135
test_files_filters/BSN/BSN.sleec,conflict,0,sat,0.15752029418945312
test_files_filters/BSN/BSN.sleec,conflict,1,sat,0.07581567764282227
test_files_filters/BSN/BSN.sleec,conflict,2,sat,0.5248124599456787
test_files_filters/BSN/BSN.sleec,conflict,3,sat,0.0843813419342041
test_files_filters/BSN/BSN.sleec,conflict,4,sat,0.7557966709136963
test_files_filters/BSN/BSN.sleec,conflict,5,sat,0.7906553745269775
test_files_filters/BSN/BSN.sleec,conflict,6,sat,0.6336770057678223
test_files_filters/BSN/BSN.sleec,conflict,7,sat,0.667339563369751
test_files_filters/BSN/BSN.sleec,conflict,8,sat,0.1421983242034912
test_files_filters/BSN/BSN.sleec,conflict,9,sat,0.25293922424316406
test_files_filters/BSN/BSN.sleec,conflict,10,sat,0.4430384635925293
test_files_filters/BSN/BSN.sleec,conflict,11,sat,0.4438199996948242
test_files_filters/BSN/BSN.sleec,conflict,12,sat,0.7450027465820312
test_files_filters/BSN/BSN.sleec,conflict,13,sat,0.14943289756774902
test_files_filters/BSN/BSN.sleec,conflict,14,sat,0.14305734634399414
test_files_filters/BSN/BSN.sleec,conflict,15,sat,0.3734002113342285
test_files_filters/BSN/BSN.sleec,conflict,16,sat,0.3792726993560791
test_files_filters/BSN/BSN.sleec,conflict,17,sat,0.3785359859466553
test_files_filters/BSN/BSN.sleec,conflict,18,sat,0.21093344688415527
test_files_filters/BSN/BSN.sleec,conflict,19,sat,0.4485647678375244
test_files_filters/BSN/BSN.sleec,conflict,20,sat,0.14008283615112305
test_files_filters/BSN/BSN.sleec,conflict,21,sat,0.1343517303466797
test_files_filters/BSN/BSN.sleec,conflict,22,sat,0.130096435546875
test_files_filters/BSN/BSN.sleec,conflict,23,sat,0.6896705627441406
test_files_filters/BSN/BSN.sleec,conflict,24,sat,0.13870525360107422
test_files_filters/BSN/BSN.sleec,conflict,25,sat,0.38141655921936035
test_files_filters/BSN/BSN.sleec,conflict,26,sat,0.3840644359588623
test_files_filters/BSN/BSN.sleec,conflict,27,sat,0.4667031764984131
test_files_filters/BSN/BSN.sleec,conflict,28,sat,0.7084188461303711
test_files_filters/BSN/BSN.sleec,concern,0,unsat,0.16152691841125488
test_files_filters/BSN/BSN.sleec,concern,1,sat,0.3874218463897705
test_files_filters/BSN/BSN.sleec,concern,2,unsat,0.04746723175048828
test_files_filters/BSN/BSN.sleec,concern,3,unsat,0.04795479774475098
test_files_filters/BSN/BSN.sleec,concern,4,unsat,0.5122449398040771
test_files_filters/BSN/BSN.sleec,concern,5,unsat,0.08324313163757324
test_files_filters/BSN/BSN.sleec,concern,6,unsat,0.04898643493652344
test_files_filters/BSN/BSN.sleec,concern,7,sat,0.11442804336547852
test_files_filters/BSN/BSN.sleec,concern,8,sat,0.11477851867675781
test_files_filters/BSN/BSN-corrected.sleec,redundancy,0,sat,0.08064723014831543
test_files_filters/BSN/BSN-corrected.sleec,redundancy,1,sat,0.07233524322509766
test_files_filters/BSN/BSN-corrected.sleec,redundancy,2,sat,0.0665581226348877
test_files_filters/BSN/BSN-corrected.sleec,redundancy,3,sat,0.06981229782104492
test_files_filters/BSN/BSN-corrected.sleec,redundancy,4,sat,0.5007004737854004
test_files_filters/BSN/BSN-corrected.sleec,redundancy,5,sat,0.7301294803619385
test_files_filters/BSN/BSN-corrected.sleec,redundancy,6,sat,0.4030914306640625
test_files_filters/BSN/BSN-corrected.sleec,redundancy,7,sat,0.6055715084075928
test_files_filters/BSN/BSN-corrected.sleec,redundancy,8,sat,0.08102917671203613
test_files_filters/BSN/BSN-corrected.sleec,redundancy,9,sat,0.12108850479125977
test_files_filters/BSN/BSN-corrected.sleec,redundancy,10,sat,0.3055901527404785
test_files_filters/BSN/BSN-corrected.sleec,redundancy,11,sat,0.3080427646636963
test_files_filters/BSN/BSN-corrected.sleec,redundancy,12,sat,0.5235743522644043
test_files_filters/BSN/BSN-corrected.sleec,redundancy,13,sat,0.07675719261169434
test_files_filters/BSN/BSN-corrected.sleec,redundancy,14,sat,0.07477736473083496
test_files_filters/BSN/BSN-corrected.sleec,redundancy,15,sat,0.2751350402832031
test_files_filters/BSN/BSN-corrected.sleec,redundancy,16,sat,0.2777385711669922
test_files_filters/BSN/BSN-corrected.sleec,redundancy,17,sat,0.27902889251708984
test_files_filters/BSN/BSN-corrected.sleec,redundancy,18,sat,0.1823585033416748
test_files_filters/BSN/BSN-corrected.sleec,redundancy,19,sat,0.2629683017730713
test_files_filters/BSN/BSN-corrected.sleec,redundancy,20,sat,0.2043774127960205
test_files_filters/BSN/BSN-corrected.sleec,redundancy,21,sat,0.12256193161010742
test_files_filters/BSN/BSN-corrected.sleec,redundancy,22,sat,0.07491207122802734
test_files_filters/BSN/BSN-corrected.sleec,redundancy,23,sat,0.11516427993774414
test_files_filters/BSN/BSN-corrected.sleec,redundancy,24,sat,0.12073493003845215
test_files_filters/BSN/BSN-corrected.sleec,redundancy,25,sat,0.12299299240112305
test_files_filters/BSN/BSN-corrected.sleec,redundancy,26,sat,0.29385805130004883
test_files_filters/BSN/BSN-corrected.sleec,redundancy,27,sat,0.30453062057495117
test_files_filters/BSN/BSN-corrected.sleec,redundancy,28,sat,0.35592174530029297
test_files_filters/BSN/BSN-corrected.sleec,redundancy,29,sat,0.5153682231903076
test_files_filters/BSN/BSN-corrected.sleec,redundancy,30,sat,0.08076977729797363
test_files_filters/BSN/BSN-corrected.sleec,redundancy,31,sat,0.1269521713256836
test_files_filters/BSN/BSN-corrected.sleec,conflict,0,sat,0.1582651138305664
test_files_filters/BSN/BSN-corrected.sleec,conflict,1,sat,0.07866954803466797
test_files_filters/BSN/BSN-corrected.sleec,conflict,2,sat,0.5132796764373779
test_files_filters/BSN/BSN-corrected.sleec,conflict,3,sat,0.0856935977935791
test_files_filters/BSN/BSN-corrected.sleec,conflict,4,sat,0.7569859027862549
test_files_filters/BSN/BSN-corrected.sleec,conflict,5,sat,0.7976946830749512
test_files_filters/BSN/BSN-corrected.sleec,conflict,6,sat,0.6803193092346191
test_files_filters/BSN/BSN-corrected.sleec,conflict,7,sat,0.6615824699401855
test_files_filters/BSN/BSN-corrected.sleec,conflict,8,sat,0.13806509971618652
test_files_filters/BSN/BSN-corrected.sleec,conflict,9,sat,0.2521817684173584
test_files_filters/BSN/BSN-corrected.sleec,conflict,10,sat,0.46087169647216797
test_files_filters/BSN/BSN-corrected.sleec,conflict,11,sat,0.47480154037475586
test_files_filters/BSN/BSN-corrected.sleec,conflict,12,sat,0.7519361972808838
test_files_filters/BSN/BSN-corrected.sleec,conflict,13,sat,0.15399909019470215
test_files_filters/BSN/BSN-corrected.sleec,conflict,14,sat,0.14432764053344727
test_files_filters/BSN/BSN-corrected.sleec,conflict,15,sat,0.4130122661590576
test_files_filters/BSN/BSN-corrected.sleec,conflict,16,sat,0.3856852054595947
test_files_filters/BSN/BSN-corrected.sleec,conflict,17,sat,0.3836245536804199
test_files_filters/BSN/BSN-corrected.sleec,conflict,18,sat,0.3045332431793213
test_files_filters/BSN/BSN-corrected.sleec,conflict,19,sat,0.4721038341522217
test_files_filters/BSN/BSN-corrected.sleec,conflict,20,sat,0.23378777503967285
test_files_filters/BSN/BSN-corrected.sleec,conflict,21,sat,0.19800782203674316
test_files_filters/BSN/BSN-corrected.sleec,conflict,22,sat,0.1334078311920166
test_files_filters/BSN/BSN-corrected.sleec,conflict,23,sat,0.7030062675476074
test_files_filters/BSN/BSN-corrected.sleec,conflict,24,sat,0.20380330085754395
test_files_filters/BSN/BSN-corrected.sleec,conflict,25,sat,0.1919114589691162
test_files_filters/BSN/BSN-corrected.sleec,conflict,26,sat,0.39124250411987305
test_files_filters/BSN/BSN-corrected.sleec,conflict,27,sat,0.3908839225769043
test_files_filters/BSN/BSN-corrected.sleec,conflict,28,sat,0.4675602912902832
test_files_filters/BSN/BSN-corrected.sleec,conflict,29,sat,0.7096078395843506
test_files_filters/BSN/BSN-corrected.sleec,conflict,30,sat,0.13900113105773926
test_files_filters/BSN/BSN-corrected.sleec,conflict,31,sat,0.19709372520446777
test_files_filters/BSN/BSN-corrected.sleec,concern,0,unsat,0.2215266227722168
test_files_filters/BSN/BSN-corrected.sleec,concern,1,unsat,0.08522653579711914
test_files_filters/BSN/BSN-corrected.sleec,concern,2,unsat,0.0498504638671875
test_files_filters/BSN/BSN-corrected.sleec,concern,3,unsat,0.04983401298522949
test_files_filters/BSN/BSN-corrected.sleec,concern,4,unsat,0.5123922824859619
test_files_filters/BSN/BSN-corrected.sleec,concern,5,unsat,0.08411788940429688
test_files_filters/BSN/BSN-corrected.sleec,concern,6,unsat,0.051810503005981445
test_files_filters/BSN/BSN-corrected.sleec,concern,7,unsat,0.07372283935546875
test_files_filters/BSN/BSN-corrected.sleec,concern,8,sat,0.16312599182128906
test_files_filters/CSI/CSI.sleec,redundancy,0,sat,0.1766645908355713
test_files_filters/CSI/CSI.sleec,redundancy,1,sat,0.17406821250915527
test_files_filters/CSI/CSI.sleec,redundancy,2,sat,0.17432832717895508
test_files_filters/CSI/CSI.sleec,redundancy,3,unsat,0.030928611755371094
test_files_filters/CSI/CSI.sleec,redundancy,4,unsat,0.03072190284729004
test_files_filters/CSI/CSI.sleec,redundancy,5,sat,0.0406496524810791
test_files_filters/CSI/CSI.sleec,redundancy,6,sat,0.039105892181396484
test_files_filters/CSI/CSI.sleec,redundancy,7,sat,0.17541766166687012
test_files_filters/CSI/CSI.sleec,redundancy,8,sat,0.23018789291381836
test_files_filters/CSI/CSI.sleec,redundancy,9,sat,0.38405680656433105
test_files_filters/CSI/CSI.sleec,redundancy,10,sat,0.21047091484069824
test_files_filters/CSI/CSI.sleec,redundancy,11,sat,0.2832529544830322
test_files_filters/CSI/CSI.sleec,redundancy,12,sat,0.20965886116027832
test_files_filters/CSI/CSI.sleec,redundancy,13,sat,0.21079492568969727
test_files_filters/CSI/CSI.sleec,redundancy,14,sat,0.21126580238342285
test_files_filters/CSI/CSI.sleec,redundancy,15,sat,0.2317976951599121
test_files_filters/CSI/CSI.sleec,redundancy,16,sat,0.2307741641998291
test_files_filters/CSI/CSI.sleec,redundancy,17,unsat,0.05288076400756836
test_files_filters/CSI/CSI.sleec,redundancy,18,sat,0.30721378326416016
test_files_filters/CSI/CSI.sleec,redundancy,19,sat,0.23811006546020508
test_files_filters/CSI/CSI.sleec,conflict,0,sat,0.23277020454406738
test_files_filters/CSI/CSI.sleec,conflict,1,sat,0.22901034355163574
test_files_filters/CSI/CSI.sleec,conflict,2,sat,0.23392224311828613
test_files_filters/CSI/CSI.sleec,conflict,3,sat,0.18585538864135742
test_files_filters/CSI/CSI.sleec,conflict,4,sat,0.1870419979095459
test_files_filters/CSI/CSI.sleec,conflict,5,sat,0.06789684295654297
test_files_filters/CSI/CSI.sleec,conflict,6,sat,0.06552362442016602
test_files_filters/CSI/CSI.sleec,conflict,7,sat,0.2247467041015625
test_files_filters/CSI/CSI.sleec,conflict,8,sat,0.23757386207580566
test_files_filters/CSI/CSI.sleec,conflict,9,sat,0.26538896560668945
test_files_filters/CSI/CSI.sleec,conflict,10,sat,0.2700157165527344
test_files_filters/CSI/CSI.sleec,conflict,11,sat,0.2701599597930908
test_files_filters/CSI/CSI.sleec,conflict,12,sat,0.2707393169403076
test_files_filters/CSI/CSI.sleec,conflict,13,sat,0.2760202884674072
test_files_filters/CSI/CSI.sleec,conflict,14,sat,0.2739229202270508
test_files_filters/CSI/CSI.sleec,conflict,15,sat,0.18685150146484375
test_files_filters/CSI/CSI.sleec,conflict,16,sat,0.18626904487609863
test_files_filters/CSI/CSI.sleec,conflict,17,sat,0.27065110206604004
test_files_filters/CSI/CSI.sleec,conflict,18,sat,0.18872618675231934
test_files_filters/CSI/CSI.sleec,conflict,19,sat,0.19109892845153809
test_files_filters/CSI/CSI.sleec,concern,0,sat,0.18787002563476562
test_files_filters/CSI/CSI.sleec,concern,1,sat,0.21669745445251465
test_files_filters/CSI/CSI.sleec,concern,2,sat,0.22052264213562012
test_files_filters/CSI/CSI.sleec,concern,3,sat,0.038645267486572266
test_files_filters/CSI/CSI.sleec,concern,4,sat,0.22722721099853516
test_files_filters/CSI/CSI.sleec,concern,5,sat,0.038347482681274414
test_files_filters/CSI/CSI.sleec,concern,6,sat,0.04071354866027832
test_files_filters/CSI/CSI.sleec,concern,7,unsat,0.026927947998046875
test_files_filters/CSI/CSI-corrected.sleec,redundancy,0,sat,0.3220658302307129
test_files_filters/CSI/CSI-corrected.sleec,redundancy,1,sat,0.30995988845825195
test_files_filters/CSI/CSI-corrected.sleec,redundancy,2,sat,0.31830787658691406
test_files_filters/CSI/CSI-corrected.sleec,redundancy,3,sat,0.2317662239074707
test_files_filters/CSI/CSI-corrected.sleec,redundancy,4,sat,0.10715603828430176
test_files_filters/CSI/CSI-corrected.sleec,redundancy,5,sat,0.0417323112487793
test_files_filters/CSI/CSI-corrected.sleec,redundancy,6,sat,0.04533576965332031
test_files_filters/CSI/CSI-corrected.sleec,redundancy,7,sat,0.31430602073669434
test_files_filters/CSI/CSI-corrected.sleec,redundancy,8,sat,0.47106480598449707
test_files_filters/CSI/CSI-corrected.sleec,redundancy,9,sat,0.49344849586486816
test_files_filters/CSI/CSI-corrected.sleec,redundancy,10,sat,0.26401209831237793
test_files_filters/CSI/CSI-corrected.sleec,redundancy,11,sat,0.21091341972351074
test_files_filters/CSI/CSI-corrected.sleec,redundancy,12,sat,0.26105737686157227
test_files_filters/CSI/CSI-corrected.sleec,redundancy,13,sat,0.28842973709106445
test_files_filters/CSI/CSI-corrected.sleec,redundancy,14,sat,0.27472448348999023
test_files_filters/CSI/CSI-corrected.sleec,redundancy,15,sat,0.2327721118927002
test_files_filters/CSI/CSI-corrected.sleec,redundancy,16,sat,0.23050189018249512
test_files_filters/CSI/CSI-corrected.sleec,redundancy,17,sat,0.2593505382537842
test_files_filters/CSI/CSI-corrected.sleec,redundancy,18,sat,0.3061990737915039
test_files_filters/CSI/CSI-corrected.sleec,redundancy,19,sat,0.24611878395080566
test_files_filters/CSI/CSI-corrected.sleec,redundancy,20,sat,0.19533538818359375
test_files_filters/CSI/CSI-corrected.sleec,redundancy,21,sat,0.1031031608581543
test_files_filters/CSI/CSI-corrected.sleec,redundancy,22,sat,0.12299776077270508
test_files_filters/CSI/CSI-corrected.sleec,redundancy,23,sat,0.39821410179138184
test_files_filters/CSI/CSI-corrected.sleec,redundancy,24,sat,0.10135555267333984
test_files_filters/CSI/CSI-corrected.sleec,redundancy,25,sat,0.04568004608154297
test_files_filters/CSI/CSI-corrected.sleec,conflict,0,sat,0.38170790672302246
test_files_filters/CSI/CSI-corrected.sleec,conflict,1,sat,0.3855018615722656
test_files_filters/CSI/CSI-corrected.sleec,conflict,2,sat,0.3925642967224121
test_files_filters/CSI/CSI-corrected.sleec,conflict,3,sat,0.39080381393432617
test_files_filters/CSI/CSI-corrected.sleec,conflict,4,sat,0.19468474388122559
test_files_filters/CSI/CSI-corrected.sleec,conflict,5,sat,0.06847023963928223
test_files_filters/CSI/CSI-corrected.sleec,conflict,6,sat,0.0699465274810791
test_files_filters/CSI/CSI-corrected.sleec,conflict,7,sat,0.39102625846862793
test_files_filters/CSI/CSI-corrected.sleec,conflict,8,sat,0.4027535915374756
test_files_filters/CSI/CSI-corrected.sleec,conflict,9,sat,0.32736921310424805
test_files_filters/CSI/CSI-corrected.sleec,conflict,10,sat,0.3300905227661133
test_files_filters/CSI/CSI-corrected.sleec,conflict,11,sat,0.33176136016845703
test_files_filters/CSI/CSI-corrected.sleec,conflict,12,sat,0.331279993057251
test_files_filters/CSI/CSI-corrected.sleec,conflict,13,sat,0.3322277069091797
test_files_filters/CSI/CSI-corrected.sleec,conflict,14,sat,0.33055591583251953
test_files_filters/CSI/CSI-corrected.sleec,conflict,15,sat,0.19296908378601074
test_files_filters/CSI/CSI-corrected.sleec,conflict,16,sat,0.19558358192443848
test_files_filters/CSI/CSI-corrected.sleec,conflict,17,sat,0.32638120651245117
test_files_filters/CSI/CSI-corrected.sleec,conflict,18,sat,0.19491219520568848
test_files_filters/CSI/CSI-corrected.sleec,conflict,19,sat,0.19148683547973633
test_files_filters/CSI/CSI-corrected.sleec,conflict,20,sat,0.19604945182800293
test_files_filters/CSI/CSI-corrected.sleec,conflict,21,sat,0.14709734916687012
test_files_filters/CSI/CSI-corrected.sleec,conflict,22,sat,0.14403200149536133
test_files_filters/CSI/CSI-corrected.sleec,conflict,23,sat,0.04646658897399902
test_files_filters/CSI/CSI-corrected.sleec,conflict,24,sat,0.13858628273010254
test_files_filters/CSI/CSI-corrected.sleec,conflict,25,sat,0.10280561447143555
test_files_filters/CSI/CSI-corrected.sleec,concern,0,unsat,0.21438837051391602
test_files_filters/CSI/CSI-corrected.sleec,concern,1,unsat,0.22211313247680664
test_files_filters/CSI/CSI-corrected.sleec,concern,2,unsat,0.030359268188476562
test_files_filters/CSI/CSI-corrected.sleec,concern,3,unsat,0.08734989166259766
test_files_filters/CSI/CSI-corrected.sleec,concern,4,unsat,0.11673474311828613
test_files_filters/CSI/CSI-corrected.sleec,concern,5,unsat,0.049210548400878906
test_files_filters/CSI/CSI-corrected.sleec,concern,6,unsat,0.031202077865600586
test_files_filters/Autocar/Autocar-corrected.sleec,redundancy,0,sat,0.08056449890136719
test_files_filters/Autocar/Autocar-corrected.sleec,redundancy,1,unsat,0.06781172752380371
test_files_filters/Autocar/Autocar-corrected.sleec,redundancy,2,sat,0.16639113426208496
test_files_filters/Autocar/Autocar-corrected.sleec,redundancy,3,sat,0.06523704528808594
test_files_filters/Autocar/Autocar-corrected.sleec,redundancy,4,sat,0.12207674980163574
test_files_filters/Autocar/Autocar-corrected.sleec,redundancy,5,sat,0.06549668312072754
test_files_filters/Autocar/Autocar-corrected.sleec,redundancy,6,sat,0.06829261779785156
test_files_filters/Autocar/Autocar-corrected.sleec,redundancy,7,sat,0.06546831130981445
test_files_filters/Autocar/Autocar-corrected.sleec,redundancy,8,sat,0.06311631202697754
test_files_filters/Autocar/Autocar-corrected.sleec,redundancy,9,sat,0.06350898742675781
test_files_filters/Autocar/Autocar-corrected.sleec,redundancy,10,sat,0.18926453590393066
test_files_filters/Autocar/Autocar-corrected.sleec,redundancy,11,sat,0.22549152374267578
test_files_filters/Autocar/Autocar-corrected.sleec,redundancy,12,sat,0.20777010917663574
test_files_filters/Autocar/Autocar-corrected.sleec,redundancy,13,sat,0.10933041572570801
test_files_filters/Autocar/Autocar-corrected.sleec,redundancy,14,sat,0.06470823287963867
test_files_filters/Autocar/Autocar-corrected.sleec,redundancy,15,sat,0.06883788108825684
test_files_filters/Autocar/Autocar-corrected.sleec,redundancy,16,sat,0.10105490684509277
test_files_filters/Autocar/Autocar-corrected.sleec,redundancy,17,sat,0.590773344039917
test_files_filters/Autocar/Autocar-corrected.sleec,redundancy,18,sat,0.18978476524353027
test_files_filters/Autocar/Autocar-corrected.sleec,redundancy,19,sat,0.8325128555297852
test_files_filters/Autocar/Autocar-corrected.sleec,redundancy,20,sat,0.09320521354675293
test_files_filters/Autocar/Autocar-corrected.sleec,redundancy,21,sat,0.07140874862670898
test_files_filters/Autocar/Autocar-corrected.sleec,redundancy,22,sat,0.596923828125
test_files_filters/Autocar/Autocar-corrected.sleec,redundancy,23,sat,0.7832818031311035
test_files_filters/Autocar/Autocar-corrected.sleec,redundancy,24,sat,0.4383206367492676
test_files_filters/Autocar/Autocar-corrected.sleec,redundancy,25,sat,0.07641363143920898
test_files_filters/Autocar/Autocar-corrected.sleec,redundancy,26,sat,0.07120609283447266
test_files_filters/Autocar/Autocar-corrected.sleec,redundancy,27,unsat,0.7610030174255371
test_files_filters/Autocar/Autocar-corrected.sleec,redundancy,28,sat,0.22927498817443848
test_files_filters/Autocar/Autocar-corrected.sleec,redundancy,29,unsat,0.05054163932800293
test_files_filters/Autocar/Autocar-corrected.sleec,redundancy,30,sat,0.11131691932678223
test_files_filters/Autocar/Autocar-corrected.sleec,redundancy,31,unsat,0.6373140811920166
test_files_filters/Autocar/Autocar-corrected.sleec,redundancy,32,sat,0.6141324043273926
test_files_filters/Autocar/Autocar-corrected.sleec,redundancy,33,unsat,0.35131001472473145
test_files_filters/Autocar/Autocar-corrected.sleec,redundancy,34,unsat,0.21888089179992676
test_files_filters/Autocar/Autocar-corrected.sleec,redundancy,35,sat,0.12101411819458008
test_files_filters/Autocar/Autocar-corrected.sleec,redundancy,36,unsat,0.6386013031005859
test_files_filters/Autocar/Autocar-corrected.sleec,redundancy,37,sat,0.08643960952758789
test_files_filters/Autocar/Autocar-corrected.sleec,redundancy,38,sat,0.08461809158325195
test_files_filters/Autocar/Autocar-corrected.sleec,redundancy,39,unsat,0.3469526767730713
test_files_filters/Autocar/Autocar-corrected.sleec,redundancy,40,sat,0.7313203811645508
test_files_filters/Autocar/Autocar-corrected.sleec,redundancy,41,sat,0.08511638641357422
test_files_filters/Autocar/Autocar-corrected.sleec,redundancy,42,sat,0.08231496810913086
test_files_filters/Autocar/Autocar-corrected.sleec,redundancy,43,sat,0.08143448829650879
test_files_filters/Autocar/Autocar-corrected.sleec,redundancy,44,sat,0.08248233795166016
test_files_filters/Autocar/Autocar-corrected.sleec,redundancy,45,sat,0.08079123497009277
test_files_filters/Autocar/Autocar-corrected.sleec,conflict,0,sat,0.17447161674499512
test_files_filters/Autocar/Autocar-corrected.sleec,conflict,1,sat,0.15878891944885254
test_files_filters/Autocar/Autocar-corrected.sleec,conflict,2,sat,0.17192482948303223
test_files_filters/Autocar/Autocar-corrected.sleec,conflict,3,sat,0.10780692100524902
test_files_filters/Autocar/Autocar-corrected.sleec,conflict,4,sat,0.28028082847595215
test_files_filters/Autocar/Autocar-corrected.sleec,conflict,5,sat,0.14899325370788574
test_files_filters/Autocar/Autocar-corrected.sleec,conflict,6,sat,0.11005306243896484
test_files_filters/Autocar/Autocar-corrected.sleec,conflict,7,sat,0.07272601127624512
test_files_filters/Autocar/Autocar-corrected.sleec,conflict,8,sat,0.14729595184326172
test_files_filters/Autocar/Autocar-corrected.sleec,conflict,9,sat,0.1141977310180664
test_files_filters/Autocar/Autocar-corrected.sleec,conflict,10,sat,0.2744760513305664
test_files_filters/Autocar/Autocar-corrected.sleec,conflict,11,sat,0.27854347229003906
test_files_filters/Autocar/Autocar-corrected.sleec,conflict,12,sat,0.2997431755065918
test_files_filters/Autocar/Autocar-corrected.sleec,conflict,13,sat,0.17358112335205078
test_files_filters/Autocar/Autocar-corrected.sleec,conflict,14,sat,0.11161136627197266
test_files_filters/Autocar/Autocar-corrected.sleec,conflict,15,sat,0.1144111156463623
test_files_filters/Autocar/Autocar-corrected.sleec,conflict,16,sat,0.11663556098937988
test_files_filters/Autocar/Autocar-corrected.sleec,conflict,17,sat,1.075545072555542
test_files_filters/Autocar/Autocar-corrected.sleec,conflict,18,sat,1.0829284191131592
test_files_filters/Autocar/Autocar-corrected.sleec,conflict,19,sat,1.1169161796569824
test_files_filters/Autocar/Autocar-corrected.sleec,conflict,20,sat,0.8290185928344727
test_files_filters/Autocar/Autocar-corrected.sleec,conflict,21,sat,0.38050317764282227
test_files_filters/Autocar/Autocar-corrected.sleec,conflict,22,sat,0.851771354675293
test_files_filters/Autocar/Autocar-corrected.sleec,conflict,23,sat,1.0762131214141846
test_files_filters/Autocar/Autocar-corrected.sleec,conflict,24,sat,0.8483462333679199
test_files_filters/Autocar/Autocar-corrected.sleec,conflict,25,sat,0.1321699619293213
test_files_filters/Autocar/Autocar-corrected.sleec,conflict,26,sat,0.11518621444702148
test_files_filters/Autocar/Autocar-corrected.sleec,conflict,27,sat,1.0732090473175049
test_files_filters/Autocar/Autocar-corrected.sleec,conflict,28,sat,0.3203580379486084
test_files_filters/Autocar/Autocar-corrected.sleec,conflict,29,sat,0.1801304817199707
test_files_filters/Autocar/Autocar-corrected.sleec,conflict,30,sat,0.12142229080200195
test_files_filters/Autocar/Autocar-corrected.sleec,conflict,31,sat,0.30606746673583984
test_files_filters/Autocar/Autocar-corrected.sleec,conflict,32,sat,0.8476531505584717
test_files_filters/Autocar/Autocar-corrected.sleec,conflict,33,sat,0.33448266983032227
test_files_filters/Autocar/Autocar-corrected.sleec,conflict,34,sat,0.19912338256835938
test_files_filters/Autocar/Autocar-corrected.sleec,conflict,35,sat,0.12818360328674316
test_files_filters/Autocar/Autocar-corrected.sleec,conflict,36,sat,0.6372032165527344
test_files_filters/Autocar/Autocar-corrected.sleec,conflict,37,sat,0.0846397876739502
test_files_filters/Autocar/Autocar-corrected.sleec,conflict,38,sat,0.08277702331542969
test_files_filters/Autocar/Autocar-corrected.sleec,conflict,39,sat,0.3270390033721924
test_files_filters/Autocar/Autocar-corrected.sleec,conflict,40,sat,0.4692044258117676
test_files_filters/Autocar/Autocar-corrected.sleec,conflict,41,sat,0.08445000648498535
test_files_filters/Autocar/Autocar-corrected.sleec,conflict,42,sat,0.08101296424865723
test_files_filters/Autocar/Autocar-corrected.sleec,conflict,43,sat,0.08114242553710938
test_files_filters/Autocar/Autocar-corrected.sleec,conflict,44,sat,0.0751035213470459
test_files_filters/Autocar/Autocar-corrected.sleec,conflict,45,sat,0.07714390754699707
test_files_filters/Autocar/Autocar-corrected.sleec,concern,0,sat,1.9304969310760498
test_files_filters/Autocar/Autocar-corrected.sleec,concern,1,unsat,0.7668309211730957
test_files_filters/Autocar/Autocar-corrected.sleec,concern,2,unsat,0.12063145637512207
test_files_filters/Autocar/Autocar-corrected.sleec,concern,3,unsat,0.9736831188201904
test_files_filters/Autocar/Autocar-corrected.sleec,concern,4,sat,0.43782925605773926
test_files_filters/Autocar/Autocar-corrected.sleec,concern,5,unsat,0.3537297248840332
test_files_filters/Autocar/Autocar-corrected.sleec,concern,6,unsat,0.16106534004211426
test_files_filters/Autocar/Autocar-corrected.sleec,concern,7,unsat,0.17196965217590332
test_files_filters/Autocar/Autocar-corrected.sleec,concern,8,unsat,0.019460678100585938
test_files_filters/Autocar/Autocar-corrected.sleec,concern,9,sat,0.16616320610046387
test_files_filters/Autocar/Autocar-corrected.sleec,concern,10,unsat,0.04596281051635742
test_files_filters/Autocar/Autocar-corrected.sleec,concern,11,unsat,0.10075211524963379
test_files_filters/Autocar/Autocar.sleec,redundancy,0,sat,0.06865811347961426
test_files_filters/Autocar/Autocar.sleec,redundancy,1,sat,0.054964303970336914
test_files_filters/Autocar/Autocar.sleec,redundancy,2,sat,0.09654378890991211
test_files_filters/Autocar/Autocar.sleec,redundancy,3,sat,0.05872845649719238
test_files_filters/Autocar/Autocar.sleec,redundancy,4,sat,0.060945749282836914
test_files_filters/Autocar/Autocar.sleec,redundancy,5,sat,0.05583953857421875
test_files_filters/Autocar/Autocar.sleec,redundancy,6,sat,0.057793378829956055
test_files_filters/Autocar/Autocar.sleec,redundancy,7,sat,0.060207366943359375
test_files_filters/Autocar/Autocar.sleec,redundancy,8,sat,0.1669626235961914
test_files_filters/Autocar/Autocar.sleec,redundancy,9,sat,0.20197153091430664
test_files_filters/Autocar/Autocar.sleec,redundancy,10,sat,0.18298721313476562
test_files_filters/Autocar/Autocar.sleec,redundancy,11,sat,0.09690213203430176
test_files_filters/Autocar/Autocar.sleec,redundancy,12,sat,0.05791306495666504
test_files_filters/Autocar/Autocar.sleec,redundancy,13,sat,0.06538891792297363
test_files_filters/Autocar/Autocar.sleec,redundancy,14,sat,0.09762859344482422
test_files_filters/Autocar/Autocar.sleec,redundancy,15,sat,0.5472476482391357
test_files_filters/Autocar/Autocar.sleec,redundancy,16,sat,0.17897725105285645
test_files_filters/Autocar/Autocar.sleec,redundancy,17,sat,0.7667863368988037
test_files_filters/Autocar/Autocar.sleec,redundancy,18,sat,0.08233475685119629
test_files_filters/Autocar/Autocar.sleec,redundancy,19,sat,0.06333470344543457
test_files_filters/Autocar/Autocar.sleec,redundancy,20,sat,0.38381409645080566
test_files_filters/Autocar/Autocar.sleec,redundancy,21,sat,0.06531476974487305
test_files_filters/Autocar/Autocar.sleec,redundancy,22,sat,0.18931245803833008
test_files_filters/Autocar/Autocar.sleec,redundancy,23,sat,0.16006040573120117
test_files_filters/Autocar/Autocar.sleec,redundancy,24,sat,0.10126733779907227
test_files_filters/Autocar/Autocar.sleec,redundancy,25,unsat,0.40040040016174316
test_files_filters/Autocar/Autocar.sleec,redundancy,26,unsat,0.4052164554595947
test_files_filters/Autocar/Autocar.sleec,conflict,0,sat,0.1582183837890625
test_files_filters/Autocar/Autocar.sleec,conflict,1,sat,0.09978365898132324
test_files_filters/Autocar/Autocar.sleec,conflict,2,sat,0.24100017547607422
test_files_filters/Autocar/Autocar.sleec,conflict,3,sat,0.1420750617980957
test_files_filters/Autocar/Autocar.sleec,conflict,4,sat,0.10504031181335449
test_files_filters/Autocar/Autocar.sleec,conflict,5,sat,0.06737804412841797
test_files_filters/Autocar/Autocar.sleec,conflict,6,sat,0.13833260536193848
test_files_filters/Autocar/Autocar.sleec,conflict,7,sat,0.10689258575439453
test_files_filters/Autocar/Autocar.sleec,conflict,8,sat,0.23941850662231445
test_files_filters/Autocar/Autocar.sleec,conflict,9,sat,0.23838305473327637
test_files_filters/Autocar/Autocar.sleec,conflict,10,sat,0.25115156173706055
test_files_filters/Autocar/Autocar.sleec,conflict,11,sat,0.15779566764831543
test_files_filters/Autocar/Autocar.sleec,conflict,12,sat,0.10418391227722168
test_files_filters/Autocar/Autocar.sleec,conflict,13,sat,0.10805010795593262
test_files_filters/Autocar/Autocar.sleec,conflict,14,sat,0.10982513427734375
test_files_filters/Autocar/Autocar.sleec,conflict,15,sat,0.9411134719848633
test_files_filters/Autocar/Autocar.sleec,conflict,16,sat,0.9611148834228516
test_files_filters/Autocar/Autocar.sleec,conflict,17,sat,0.972083330154419
test_files_filters/Autocar/Autocar.sleec,conflict,18,sat,0.7600035667419434
test_files_filters/Autocar/Autocar.sleec,conflict,19,sat,0.3345177173614502
test_files_filters/Autocar/Autocar.sleec,conflict,20,sat,0.5824239253997803
test_files_filters/Autocar/Autocar.sleec,conflict,21,sat,0.3349900245666504
test_files_filters/Autocar/Autocar.sleec,conflict,22,sat,0.26456761360168457
test_files_filters/Autocar/Autocar.sleec,conflict,23,sat,0.16904830932617188
test_files_filters/Autocar/Autocar.sleec,conflict,24,sat,0.11235928535461426
test_files_filters/Autocar/Autocar.sleec,conflict,25,sat,0.2617218494415283
test_files_filters/Autocar/Autocar.sleec,conflict,26,sat,0.2653219699859619
test_files_filters/Autocar/Autocar.sleec,concern,0,sat,1.137160301208496
test_files_filters/Autocar/Autocar.sleec,concern,1,sat,0.39818429946899414
test_files_filters/Autocar/Autocar.sleec,concern,2,unsat,0.11246252059936523
test_files_filters/Autocar/Autocar.sleec,concern,3,sat,0.39352893829345703
test_files_filters/Autocar/Autocar.sleec,concern,4,sat,0.27423977851867676
test_files_filters/Autocar/Autocar.sleec,concern,5,sat,0.26789236068725586
test_files_filters/Autocar/Autocar.sleec,concern,6,unsat,0.14849615097045898
test_files_filters/Autocar/Autocar.sleec,concern,7,unsat,0.1617112159729004
test_files_filters/Autocar/Autocar.sleec,concern,8,unsat,0.018942594528198242
test_files_filters/Autocar/Autocar.sleec,concern,9,sat,0.14859342575073242
test_files_filters/Autocar/Autocar.sleec,concern,10,unsat,0.0641167163848877
test_files_filters/Autocar/Autocar.sleec,concern,11,sat,0.07271957397460938
test_files_filters/DAISY/Daisy-corrected.sleec,redundancy,0,sat,0.06448960304260254
test_files_filters/DAISY/Daisy-corrected.sleec,redundancy,1,sat,0.05091071128845215
test_files_filters/DAISY/Daisy-corrected.sleec,redundancy,2,sat,0.04975008964538574
test_files_filters/DAISY/Daisy-corrected.sleec,redundancy,3,sat,0.049164533615112305
test_files_filters/DAISY/Daisy-corrected.sleec,redundancy,4,sat,0.05165576934814453
test_files_filters/DAISY/Daisy-corrected.sleec,redundancy,5,sat,0.1029818058013916
test_files_filters/DAISY/Daisy-corrected.sleec,redundancy,6,sat,0.05045795440673828
test_files_filters/DAISY/Daisy-corrected.sleec,redundancy,7,sat,0.09490227699279785
test_files_filters/DAISY/Daisy-corrected.sleec,redundancy,8,sat,0.04998135566711426
test_files_filters/DAISY/Daisy-corrected.sleec,redundancy,9,sat,0.04925799369812012
test_files_filters/DAISY/Daisy-corrected.sleec,redundancy,10,sat,0.2632639408111572
test_files_filters/DAISY/Daisy-corrected.sleec,redundancy,11,sat,0.10297966003417969
test_files_filters/DAISY/Daisy-corrected.sleec,redundancy,12,sat,0.05659747123718262
test_files_filters/DAISY/Daisy-corrected.sleec,redundancy,13,sat,0.09773015975952148
test_files_filters/DAISY/Daisy-corrected.sleec,redundancy,14,sat,0.35570836067199707
test_files_filters/DAISY/Daisy-corrected.sleec,redundancy,15,sat,0.21049213409423828
test_files_filters/DAISY/Daisy-corrected.sleec,redundancy,16,sat,0.05539441108703613
test_files_filters/DAISY/Daisy-corrected.sleec,redundancy,17,sat,0.05520176887512207
test_files_filters/DAISY/Daisy-corrected.sleec,redundancy,18,sat,0.2791016101837158
test_files_filters/DAISY/Daisy-corrected.sleec,redundancy,19,sat,0.27979040145874023
test_files_filters/DAISY/Daisy-corrected.sleec,redundancy,20,sat,0.2796492576599121
test_files_filters/DAISY/Daisy-corrected.sleec,redundancy,21,sat,0.056710243225097656
test_files_filters/DAISY/Daisy-corrected.sleec,redundancy,22,sat,0.3795921802520752
test_files_filters/DAISY/Daisy-corrected.sleec,redundancy,23,sat,0.05822181701660156
test_files_filters/DAISY/Daisy-corrected.sleec,redundancy,24,sat,0.5015377998352051
test_files_filters/DAISY/Daisy-corrected.sleec,redundancy,25,sat,0.3686189651489258
test_files_filters/DAISY/Daisy-corrected.sleec,redundancy,26,sat,0.2937002182006836
test_files_filters/DAISY/Daisy-corrected.sleec,redundancy,27,sat,0.2916290760040283
test_files_filters/DAISY/Daisy-corrected.sleec,redundancy,28,sat,0.058714866638183594
test_files_filters/DAISY/Daisy-corrected.sleec,redundancy,29,sat,0.40291810035705566
test_files_filters/DAISY/Daisy-corrected.sleec,redundancy,30,sat,0.422882080078125
test_files_filters/DAISY/Daisy-corrected.sleec,redundancy,31,sat,0.4827427864074707
test_files_filters/DAISY/Daisy-corrected.sleec,conflict,0,sat,0.06897497177124023
test_files_filters/DAISY/Daisy-corrected.sleec,conflict,1,sat,0.0536494255065918
test_files_filters/DAISY/Daisy-corrected.sleec,conflict,2,sat,0.05951809883117676
test_files_filters/DAISY/Daisy-corrected.sleec,conflict,3,sat,0.054566383361816406
test_files_filters/DAISY/Daisy-corrected.sleec,conflict,4,sat,0.1000664234161377
test_files_filters/DAISY/Daisy-corrected.sleec,conflict,5,sat,0.10012030601501465
test_files_filters/DAISY/Daisy-corrected.sleec,conflict,6,sat,0.10348081588745117
test_files_filters/DAISY/Daisy-corrected.sleec,conflict,7,sat,0.1733078956604004
test_files_filters/DAISY/Daisy-corrected.sleec,conflict,8,sat,0.09929370880126953
test_files_filters/DAISY/Daisy-corrected.sleec,conflict,9,sat,0.09822511672973633
test_files_filters/DAISY/Daisy-corrected.sleec,conflict,10,sat,0.48189687728881836
test_files_filters/DAISY/Daisy-corrected.sleec,conflict,11,sat,0.10547876358032227
test_files_filters/DAISY/Daisy-corrected.sleec,conflict,12,sat,0.09946322441101074
test_files_filters/DAISY/Daisy-corrected.sleec,conflict,13,sat,0.17470240592956543
test_files_filters/DAISY/Daisy-corrected.sleec,conflict,14,sat,0.3832128047943115
test_files_filters/DAISY/Daisy-corrected.sleec,conflict,15,sat,0.48872971534729004
test_files_filters/DAISY/Daisy-corrected.sleec,conflict,16,sat,0.152083158493042
test_files_filters/DAISY/Daisy-corrected.sleec,conflict,17,sat,0.10152339935302734
test_files_filters/DAISY/Daisy-corrected.sleec,conflict,18,sat,0.385883092880249
test_files_filters/DAISY/Daisy-corrected.sleec,conflict,19,sat,0.40172386169433594
test_files_filters/DAISY/Daisy-corrected.sleec,conflict,20,sat,0.4004204273223877
test_files_filters/DAISY/Daisy-corrected.sleec,conflict,21,sat,0.11208367347717285
test_files_filters/DAISY/Daisy-corrected.sleec,conflict,22,sat,0.3973073959350586
test_files_filters/DAISY/Daisy-corrected.sleec,conflict,23,sat,0.11021614074707031
test_files_filters/DAISY/Daisy-corrected.sleec,conflict,24,sat,0.5054936408996582
test_files_filters/DAISY/Daisy-corrected.sleec,conflict,25,sat,0.5039935111999512
test_files_filters/DAISY/Daisy-corrected.sleec,conflict,26,sat,0.39653778076171875
test_files_filters/DAISY/Daisy-corrected.sleec,conflict,27,sat,0.4142577648162842
test_files_filters/DAISY/Daisy-corrected.sleec,conflict,28,sat,0.11438894271850586
test_files_filters/DAISY/Daisy-corrected.sleec,conflict,29,sat,0.06551384925842285
test_files_filters/DAISY/Daisy-corrected.sleec,conflict,30,sat,0.06061267852783203
test_files_filters/DAISY/Daisy-corrected.sleec,conflict,31,sat,0.7240025997161865
test_files_filters/DAISY/Daisy-corrected.sleec,concern,0,unsat,0.0926969051361084
test_files_filters/DAISY/Daisy-corrected.sleec,concern,1,unsat,0.02901315689086914
test_files_filters/DAISY/Daisy-corrected.sleec,concern,2,unsat,0.577141523361206
test_files_filters/DAISY/Daisy-corrected.sleec,concern,3,unsat,0.34306859970092773
test_files_filters/DAISY/Daisy-corrected.sleec,concern,4,unsat,0.569328784942627
test_files_filters/DAISY/Daisy-corrected.sleec,concern,5,unsat,0.22560501098632812
test_files_filters/DAISY/Daisy.sleec,redundancy,0,sat,0.06124997138977051
test_files_filters/DAISY/Daisy.sleec,redundancy,1,sat,0.04826021194458008
test_files_filters/DAISY/Daisy.sleec,redundancy,2,sat,0.050455570220947266
test_files_filters/DAISY/Daisy.sleec,redundancy,3,sat,0.04829001426696777
test_files_filters/DAISY/Daisy.sleec,redundancy,4,sat,0.050859928131103516
test_files_filters/DAISY/Daisy.sleec,redundancy,5,sat,0.05104660987854004
test_files_filters/DAISY/Daisy.sleec,redundancy,6,sat,0.09510469436645508
test_files_filters/DAISY/Daisy.sleec,redundancy,7,sat,0.05102181434631348
test_files_filters/DAISY/Daisy.sleec,redundancy,8,sat,0.0502932071685791
test_files_filters/DAISY/Daisy.sleec,redundancy,9,sat,0.6804707050323486
test_files_filters/DAISY/Daisy.sleec,redundancy,10,sat,0.1043393611907959
test_files_filters/DAISY/Daisy.sleec,redundancy,11,sat,0.055975914001464844
test_files_filters/DAISY/Daisy.sleec,redundancy,12,sat,0.09837675094604492
test_files_filters/DAISY/Daisy.sleec,redundancy,13,sat,0.2032473087310791
test_files_filters/DAISY/Daisy.sleec,redundancy,14,sat,0.565338134765625
test_files_filters/DAISY/Daisy.sleec,redundancy,15,sat,0.05640840530395508
test_files_filters/DAISY/Daisy.sleec,redundancy,16,sat,0.05051875114440918
test_files_filters/DAISY/Daisy.sleec,redundancy,17,sat,0.14370298385620117
test_files_filters/DAISY/Daisy.sleec,redundancy,18,sat,0.054679155349731445
test_files_filters/DAISY/Daisy.sleec,redundancy,19,unsat,0.02698969841003418
test_files_filters/DAISY/Daisy.sleec,redundancy,20,sat,0.05409693717956543
test_files_filters/DAISY/Daisy.sleec,redundancy,21,sat,0.4447641372680664
test_files_filters/DAISY/Daisy.sleec,redundancy,22,sat,0.9398891925811768
test_files_filters/DAISY/Daisy.sleec,redundancy,23,sat,0.8711309432983398
test_files_filters/DAISY/Daisy.sleec,redundancy,24,sat,0.15144014358520508
test_files_filters/DAISY/Daisy.sleec,redundancy,25,sat,0.1521768569946289
test_files_filters/DAISY/Daisy.sleec,conflict,0,sat,0.06685113906860352
test_files_filters/DAISY/Daisy.sleec,conflict,1,sat,0.05232357978820801
test_files_filters/DAISY/Daisy.sleec,conflict,2,sat,0.057454586029052734
test_files_filters/DAISY/Daisy.sleec,conflict,3,sat,0.05268597602844238
test_files_filters/DAISY/Daisy.sleec,conflict,4,sat,0.0957942008972168
test_files_filters/DAISY/Daisy.sleec,conflict,5,sat,0.10029983520507812
test_files_filters/DAISY/Daisy.sleec,conflict,6,sat,0.16663575172424316
test_files_filters/DAISY/Daisy.sleec,conflict,7,sat,0.09724092483520508
test_files_filters/DAISY/Daisy.sleec,conflict,8,sat,0.096588134765625
test_files_filters/DAISY/Daisy.sleec,conflict,9,sat,1.0348505973815918
test_files_filters/DAISY/Daisy.sleec,conflict,10,sat,0.10598063468933105
test_files_filters/DAISY/Daisy.sleec,conflict,11,sat,0.10336828231811523
test_files_filters/DAISY/Daisy.sleec,conflict,12,sat,0.1774604320526123
test_files_filters/DAISY/Daisy.sleec,conflict,13,sat,0.21562767028808594
test_files_filters/DAISY/Daisy.sleec,conflict,14,sat,1.0459437370300293
test_files_filters/DAISY/Daisy.sleec,conflict,15,sat,0.1607069969177246
test_files_filters/DAISY/Daisy.sleec,conflict,16,sat,0.10308551788330078
test_files_filters/DAISY/Daisy.sleec,conflict,17,sat,0.22451353073120117
test_files_filters/DAISY/Daisy.sleec,conflict,18,sat,0.10577058792114258
test_files_filters/DAISY/Daisy.sleec,conflict,19,sat,0.22295618057250977
test_files_filters/DAISY/Daisy.sleec,conflict,20,sat,0.10220122337341309
test_files_filters/DAISY/Daisy.sleec,conflict,21,sat,1.0537927150726318
test_files_filters/DAISY/Daisy.sleec,conflict,22,sat,1.0746357440948486
test_files_filters/DAISY/Daisy.sleec,conflict,23,sat,1.0917117595672607
test_files_filters/DAISY/Daisy.sleec,conflict,24,sat,0.23789000511169434
test_files_filters/DAISY/Daisy.sleec,conflict,25,sat,0.23750996589660645
test_files_filters/DAISY/Daisy.sleec,concern,0,sat,0.10847282409667969
test_files_filters/DAISY/Daisy.sleec,concern,1,sat,0.04746389389038086
test_files_filters/DAISY/Daisy.sleec,concern,2,sat,0.20328664779663086
test_files_filters/DAISY/Daisy.sleec,concern,3,unsat,0.20123028755187988
test_files_filters/DAISY/Daisy.sleec,concern,4,sat,1.0134751796722412
test_files_filters/DAISY/Daisy.sleec,concern,5,sat,0.2000412940979004
test_files_filters/dressingAssist/DRESSASSIST-corrected.sleec,redundancy,0,sat,0.1145181655883789
test_files_filters/dressingAssist/DRESSASSIST-corrected.sleec,redundancy,1,sat,0.16297650337219238
test_files_filters/dressingAssist/DRESSASSIST-corrected.sleec,redundancy,2,sat,0.0995333194732666
test_files_filters/dressingAssist/DRESSASSIST-corrected.sleec,redundancy,3,sat,0.16057205200195312
test_files_filters/dressingAssist/DRESSASSIST-corrected.sleec,redundancy,4,sat,0.22600555419921875
test_files_filters/dressingAssist/DRESSASSIST-corrected.sleec,redundancy,5,sat,0.10621309280395508
test_files_filters/dressingAssist/DRESSASSIST-corrected.sleec,redundancy,6,sat,0.11383485794067383
test_files_filters/dressingAssist/DRESSASSIST-corrected.sleec,redundancy,7,sat,0.10487604141235352
test_files_filters/dressingAssist/DRESSASSIST-corrected.sleec,redundancy,8,sat,0.1015465259552002
test_files_filters/dressingAssist/DRESSASSIST-corrected.sleec,redundancy,9,sat,0.16428661346435547
test_files_filters/dressingAssist/DRESSASSIST-corrected.sleec,redundancy,10,sat,0.1062309741973877
test_files_filters/dressingAssist/DRESSASSIST-corrected.sleec,redundancy,11,sat,0.15053105354309082
test_files_filters/dressingAssist/DRESSASSIST-corrected.sleec,redundancy,12,sat,0.1535053253173828
test_files_filters/dressingAssist/DRESSASSIST-corrected.sleec,redundancy,13,sat,0.1806173324584961
test_files_filters/dressingAssist/DRESSASSIST-corrected.sleec,redundancy,14,sat,0.10386037826538086
test_files_filters/dressingAssist/DRESSASSIST-corrected.sleec,redundancy,15,sat,0.1168663501739502
test_files_filters/dressingAssist/DRESSASSIST-corrected.sleec,redundancy,16,sat,0.10312509536743164
test_files_filters/dressingAssist/DRESSASSIST-corrected.sleec,redundancy,17,sat,0.1575767993927002
test_files_filters/dressingAssist/DRESSASSIST-corrected.sleec,redundancy,18,sat,0.1043694019317627
test_files_filters/dressingAssist/DRESSASSIST-corrected.sleec,redundancy,19,sat,0.10380840301513672
test_files_filters/dressingAssist/DRESSASSIST-corrected.sleec,redundancy,20,sat,0.10051870346069336
test_files_filters/dressingAssist/DRESSASSIST-corrected.sleec,redundancy,21,sat,0.10318970680236816
test_files_filters/dressingAssist/DRESSASSIST-corrected.sleec,redundancy,22,sat,0.15184593200683594
test_files_filters/dressingAssist/DRESSASSIST-corrected.sleec,redundancy,23,sat,0.21674370765686035
test_files_filters/dressingAssist/DRESSASSIST-corrected.sleec,redundancy,24,sat,0.10649442672729492
test_files_filters/dressingAssist/DRESSASSIST-corrected.sleec,redundancy,25,sat,0.10656404495239258
test_files_filters/dressingAssist/DRESSASSIST-corrected.sleec,redundancy,26,sat,0.10682868957519531
test_files_filters/dressingAssist/DRESSASSIST-corrected.sleec,redundancy,27,sat,0.16181683540344238
test_files_filters/dressingAssist/DRESSASSIST-corrected.sleec,redundancy,28,sat,0.16618728637695312
test_files_filters/dressingAssist/DRESSASSIST-corrected.sleec,redundancy,29,sat,0.10650205612182617
test_files_filters/dressingAssist/DRESSASSIST-corrected.sleec,redundancy,30,sat,0.23271679878234863
test_files_filters/dressingAssist/DRESSASSIST-corrected.sleec,conflict,0,sat,0.189713716506958
test_files_filters/dressingAssist/DRESSASSIST-corrected.sleec,conflict,1,sat,0.17947745323181152
test_files_filters/dressingAssist/DRESSASSIST-corrected.sleec,conflict,2,sat,0.11539697647094727
test_files_filters/dressingAssist/DRESSASSIST-corrected.sleec,conflict,3,sat,0.18172168731689453
test_files_filters/dressingAssist/DRESSASSIST-corrected.sleec,conflict,4,sat,0.25286293029785156
test_files_filters/dressingAssist/DRESSASSIST-corrected.sleec,conflict,5,sat,0.17714738845825195
test_files_filters/dressingAssist/DRESSASSIST-corrected.sleec,conflict,6,sat,0.18634819984436035
test_files_filters/dressingAssist/DRESSASSIST-corrected.sleec,conflict,7,sat,0.17513322830200195
test_files_filters/dressingAssist/DRESSASSIST-corrected.sleec,conflict,8,sat,0.17367196083068848
test_files_filters/dressingAssist/DRESSASSIST-corrected.sleec,conflict,9,sat,0.18663644790649414
test_files_filters/dressingAssist/DRESSASSIST-corrected.sleec,conflict,10,sat,0.18218231201171875
test_files_filters/dressingAssist/DRESSASSIST-corrected.sleec,conflict,11,sat,0.24571442604064941
test_files_filters/dressingAssist/DRESSASSIST-corrected.sleec,conflict,12,sat,0.25200676918029785
test_files_filters/dressingAssist/DRESSASSIST-corrected.sleec,conflict,13,sat,0.1926281452178955
test_files_filters/dressingAssist/DRESSASSIST-corrected.sleec,conflict,14,sat,0.17639398574829102
test_files_filters/dressingAssist/DRESSASSIST-corrected.sleec,conflict,15,sat,0.12054324150085449
test_files_filters/dressingAssist/DRESSASSIST-corrected.sleec,conflict,16,sat,0.1780993938446045
test_files_filters/dressingAssist/DRESSASSIST-corrected.sleec,conflict,17,sat,0.2578904628753662
test_files_filters/dressingAssist/DRESSASSIST-corrected.sleec,conflict,18,sat,0.19180631637573242
test_files_filters/dressingAssist/DRESSASSIST-corrected.sleec,conflict,19,sat,0.18178820610046387
test_files_filters/dressingAssist/DRESSASSIST-corrected.sleec,conflict,20,sat,0.17753076553344727
test_files_filters/dressingAssist/DRESSASSIST-corrected.sleec,conflict,21,sat,0.1774277687072754
test_files_filters/dressingAssist/DRESSASSIST-corrected.sleec,conflict,22,sat,0.33467793464660645
test_files_filters/dressingAssist/DRESSASSIST-corrected.sleec,conflict,23,sat,0.3463139533996582
test_files_filters/dressingAssist/DRESSASSIST-corrected.sleec,conflict,24,sat,0.18561244010925293
test_files_filters/dressingAssist/DRESSASSIST-corrected.sleec,conflict,25,sat,0.18074369430541992
test_files_filters/dressingAssist/DRESSASSIST-corrected.sleec,conflict,26,sat,0.1930685043334961
test_files_filters/dressingAssist/DRESSASSIST-corrected.sleec,conflict,27,sat,0.2638735771179199
test_files_filters/dressingAssist/DRESSASSIST-corrected.sleec,conflict,28,sat,0.19518208503723145
test_files_filters/dressingAssist/DRESSASSIST-corrected.sleec,conflict,29,sat,0.18226933479309082
test_files_filters/dressingAssist/DRESSASSIST-corrected.sleec,conflict,30,sat,0.2651863098144531
test_files_filters/dressingAssist/DRESSASSIST-corrected.sleec,concern,0,unsat,0.15107154846191406
test_files_filters/dressingAssist/DRESSASSIST-corrected.sleec,concern,1,unsat,0.22922539710998535
test_files_filters/dressingAssist/DRESSASSIST-corrected.sleec,concern,2,unsat,0.14591145515441895
test_files_filters/dressingAssist/DRESSASSIST.sleec,redundancy,0,sat,0.11455893516540527
test_files_filters/dressingAssist/DRESSASSIST.sleec,redundancy,1,sat,0.163360595703125
test_files_filters/dressingAssist/DRESSASSIST.sleec,redundancy,2,sat,0.10006046295166016
test_files_filters/dressingAssist/DRESSASSIST.sleec,redundancy,3,sat,0.1614072322845459
test_files_filters/dressingAssist/DRESSASSIST.sleec,redundancy,4,sat,0.2502784729003906
test_files_filters/dressingAssist/DRESSASSIST.sleec,redundancy,5,sat,0.10538125038146973
test_files_filters/dressingAssist/DRESSASSIST.sleec,redundancy,6,sat,0.11524343490600586
test_files_filters/dressingAssist/DRESSASSIST.sleec,redundancy,7,sat,0.10470199584960938
test_files_filters/dressingAssist/DRESSASSIST.sleec,redundancy,8,sat,0.10175657272338867
test_files_filters/dressingAssist/DRESSASSIST.sleec,redundancy,9,sat,0.1652538776397705
test_files_filters/dressingAssist/DRESSASSIST.sleec,redundancy,10,sat,0.10489511489868164
test_files_filters/dressingAssist/DRESSASSIST.sleec,redundancy,11,sat,0.14986109733581543
test_files_filters/dressingAssist/DRESSASSIST.sleec,redundancy,12,sat,0.16051197052001953
test_files_filters/dressingAssist/DRESSASSIST.sleec,redundancy,13,sat,0.18089699745178223
test_files_filters/dressingAssist/DRESSASSIST.sleec,redundancy,14,sat,0.1032099723815918
test_files_filters/dressingAssist/DRESSASSIST.sleec,redundancy,15,sat,0.11307811737060547
test_files_filters/dressingAssist/DRESSASSIST.sleec,redundancy,16,sat,0.10332059860229492
test_files_filters/dressingAssist/DRESSASSIST.sleec,redundancy,17,sat,0.15724849700927734
test_files_filters/dressingAssist/DRESSASSIST.sleec,redundancy,18,sat,0.10371708869934082
test_files_filters/dressingAssist/DRESSASSIST.sleec,redundancy,19,sat,0.1022803783416748
test_files_filters/dressingAssist/DRESSASSIST.sleec,redundancy,20,sat,0.1008291244506836
test_files_filters/dressingAssist/DRESSASSIST.sleec,redundancy,21,sat,0.10188484191894531
test_files_filters/dressingAssist/DRESSASSIST.sleec,redundancy,22,sat,0.15102815628051758
test_files_filters/dressingAssist/DRESSASSIST.sleec,redundancy,23,sat,0.2188398838043213
test_files_filters/dressingAssist/DRESSASSIST.sleec,redundancy,24,sat,0.10511255264282227
test_files_filters/dressingAssist/DRESSASSIST.sleec,redundancy,25,sat,0.10323834419250488
test_files_filters/dressingAssist/DRESSASSIST.sleec,redundancy,26,sat,0.10512137413024902
test_files_filters/dressingAssist/DRESSASSIST.sleec,redundancy,27,sat,0.163132905960083
test_files_filters/dressingAssist/DRESSASSIST.sleec,redundancy,28,sat,0.16813373565673828
test_files_filters/dressingAssist/DRESSASSIST.sleec,redundancy,29,sat,0.10504007339477539
test_files_filters/dressingAssist/DRESSASSIST.sleec,redundancy,30,sat,0.2314014434814453
test_files_filters/dressingAssist/DRESSASSIST.sleec,conflict,0,sat,0.19106554985046387
test_files_filters/dressingAssist/DRESSASSIST.sleec,conflict,1,sat,0.17966246604919434
test_files_filters/dressingAssist/DRESSASSIST.sleec,conflict,2,sat,0.11640048027038574
test_files_filters/dressingAssist/DRESSASSIST.sleec,conflict,3,sat,0.18249750137329102
test_files_filters/dressingAssist/DRESSASSIST.sleec,conflict,4,sat,0.25158095359802246
test_files_filters/dressingAssist/DRESSASSIST.sleec,conflict,5,sat,0.17988348007202148
test_files_filters/dressingAssist/DRESSASSIST.sleec,conflict,6,sat,0.1895132064819336
test_files_filters/dressingAssist/DRESSASSIST.sleec,conflict,7,sat,0.1763908863067627
test_files_filters/dressingAssist/DRESSASSIST.sleec,conflict,8,sat,0.1750950813293457
test_files_filters/dressingAssist/DRESSASSIST.sleec,conflict,9,sat,0.18642640113830566
test_files_filters/dressingAssist/DRESSASSIST.sleec,conflict,10,sat,0.1961994171142578
test_files_filters/dressingAssist/DRESSASSIST.sleec,conflict,11,sat,0.251129150390625
test_files_filters/dressingAssist/DRESSASSIST.sleec,conflict,12,sat,0.2511312961578369
test_files_filters/dressingAssist/DRESSASSIST.sleec,conflict,13,sat,0.19582319259643555
test_files_filters/dressingAssist/DRESSASSIST.sleec,conflict,14,sat,0.1760082244873047
test_files_filters/dressingAssist/DRESSASSIST.sleec,conflict,15,sat,0.12177038192749023
test_files_filters/dressingAssist/DRESSASSIST.sleec,conflict,16,sat,0.17982769012451172
test_files_filters/dressingAssist/DRESSASSIST.sleec,conflict,17,sat,0.25856709480285645
test_files_filters/dressingAssist/DRESSASSIST.sleec,conflict,18,sat,0.19077157974243164
test_files_filters/dressingAssist/DRESSASSIST.sleec,conflict,19,sat,0.17889714241027832
test_files_filters/dressingAssist/DRESSASSIST.sleec,conflict,20,sat,0.1776738166809082
test_files_filters/dressingAssist/DRESSASSIST.sleec,conflict,21,sat,0.17792105674743652
test_files_filters/dressingAssist/DRESSASSIST.sleec,conflict,22,sat,0.35892701148986816
test_files_filters/dressingAssist/DRESSASSIST.sleec,conflict,23,sat,0.34427714347839355
test_files_filters/dressingAssist/DRESSASSIST.sleec,conflict,24,sat,0.18787193298339844
test_files_filters/dressingAssist/DRESSASSIST.sleec,conflict,25,sat,0.18313288688659668
test_files_filters/dressingAssist/DRESSASSIST.sleec,conflict,26,sat,0.19465160369873047
test_files_filters/dressingAssist/DRESSASSIST.sleec,conflict,27,sat,0.263873815536499
test_files_filters/dressingAssist/DRESSASSIST.sleec,conflict,28,sat,0.19536781311035156
test_files_filters/dressingAssist/DRESSASSIST.sleec,conflict,29,sat,0.18338322639465332
test_files_filters/dressingAssist/DRESSASSIST.sleec,conflict,30,sat,0.26947760581970215
test_files_filters/dressingAssist/DRESSASSIST.sleec,concern,0,unsat,0.15134596824645996
test_files_filters/dressingAssist/DRESSASSIST.sleec,concern,1,unsat,0.22814702987670898
test_files_filters/dressingAssist/DRESSASSIST.sleec,concern,2,sat,0.1925053596496582
test_files_filters/gdpr/DPA-corrected.sleec,redundancy,0,sat,0.11066246032714844
test_files_filters/gdpr/DPA-corrected.sleec,redundancy,1,sat,0.09586858749389648
test_files_filters/gdpr/DPA-corrected.sleec,redundancy,2,sat,0.21208548545837402
test_files_filters/gdpr/DPA-corrected.sleec,redundancy,3,sat,0.06944584846496582
test_files_filters/gdpr/DPA-corrected.sleec,redundancy,4,sat,0.06672191619873047
test_files_filters/gdpr/DPA-corrected.sleec,redundancy,5,sat,0.08462238311767578
test_files_filters/gdpr/DPA-corrected.sleec,redundancy,6,sat,0.09987401962280273
test_files_filters/gdpr/DPA-corrected.sleec,redundancy,7,sat,0.14267563819885254
test_files_filters/gdpr/DPA-corrected.sleec,redundancy,8,sat,0.10018801689147949
test_files_filters/gdpr/DPA-corrected.sleec,redundancy,9,sat,0.06725382804870605
test_files_filters/gdpr/DPA-corrected.sleec,redundancy,10,sat,0.21689319610595703
test_files_filters/gdpr/DPA-corrected.sleec,redundancy,11,sat,0.10153841972351074
test_files_filters/gdpr/DPA-corrected.sleec,redundancy,12,sat,0.10127735137939453
test_files_filters/gdpr/DPA-corrected.sleec,redundancy,13,sat,0.3299548625946045
test_files_filters/gdpr/DPA-corrected.sleec,redundancy,14,sat,0.07132291793823242
test_files_filters/gdpr/DPA-corrected.sleec,redundancy,15,sat,0.22411274909973145
test_files_filters/gdpr/DPA-corrected.sleec,redundancy,16,sat,0.12070965766906738
test_files_filters/gdpr/DPA-corrected.sleec,redundancy,17,sat,0.2269587516784668
test_files_filters/gdpr/DPA-corrected.sleec,redundancy,18,sat,0.1279280185699463
test_files_filters/gdpr/DPA-corrected.sleec,redundancy,19,sat,0.1298539638519287
test_files_filters/gdpr/DPA-corrected.sleec,redundancy,20,sat,0.10575175285339355
test_files_filters/gdpr/DPA-corrected.sleec,redundancy,21,sat,0.10409927368164062
test_files_filters/gdpr/DPA-corrected.sleec,redundancy,22,sat,0.2552633285522461
test_files_filters/gdpr/DPA-corrected.sleec,redundancy,23,sat,0.07379341125488281
test_files_filters/gdpr/DPA-corrected.sleec,redundancy,24,sat,0.10558032989501953
test_files_filters/gdpr/DPA-corrected.sleec,conflict,0,sat,0.12790703773498535
test_files_filters/gdpr/DPA-corrected.sleec,conflict,1,sat,0.11832141876220703
test_files_filters/gdpr/DPA-corrected.sleec,conflict,2,sat,0.11647605895996094
test_files_filters/gdpr/DPA-corrected.sleec,conflict,3,sat,0.11675190925598145
test_files_filters/gdpr/DPA-corrected.sleec,conflict,4,sat,0.21402835845947266
test_files_filters/gdpr/DPA-corrected.sleec,conflict,5,sat,0.2469196319580078
test_files_filters/gdpr/DPA-corrected.sleec,conflict,6,sat,0.16629958152770996
test_files_filters/gdpr/DPA-corrected.sleec,conflict,7,sat,0.21653175354003906
test_files_filters/gdpr/DPA-corrected.sleec,conflict,8,sat,0.21901631355285645
test_files_filters/gdpr/DPA-corrected.sleec,conflict,9,sat,0.11506843566894531
test_files_filters/gdpr/DPA-corrected.sleec,conflict,10,sat,0.3726823329925537
test_files_filters/gdpr/DPA-corrected.sleec,conflict,11,sat,0.166365385055542
test_files_filters/gdpr/DPA-corrected.sleec,conflict,12,sat,0.16545438766479492
test_files_filters/gdpr/DPA-corrected.sleec,conflict,13,sat,0.12676596641540527
test_files_filters/gdpr/DPA-corrected.sleec,conflict,14,sat,0.12219643592834473
test_files_filters/gdpr/DPA-corrected.sleec,conflict,15,sat,0.3629002571105957
test_files_filters/gdpr/DPA-corrected.sleec,conflict,16,sat,0.25272035598754883
test_files_filters/gdpr/DPA-corrected.sleec,conflict,17,sat,0.38947105407714844
test_files_filters/gdpr/DPA-corrected.sleec,conflict,18,sat,0.22719860076904297
test_files_filters/gdpr/DPA-corrected.sleec,conflict,19,sat,0.22436809539794922
test_files_filters/gdpr/DPA-corrected.sleec,conflict,20,sat,0.17420196533203125
test_files_filters/gdpr/DPA-corrected.sleec,conflict,21,sat,0.17435789108276367
test_files_filters/gdpr/DPA-corrected.sleec,conflict,22,sat,0.26035642623901367
test_files_filters/gdpr/DPA-corrected.sleec,conflict,23,sat,0.2643144130706787
test_files_filters/gdpr/DPA-corrected.sleec,conflict,24,sat,0.17245769500732422
test_files_filters/gdpr/DPA-corrected.sleec,concern,0,unsat,0.12097620964050293
test_files_filters/gdpr/DPA-corrected.sleec,concern,1,unsat,0.25747132301330566
test_files_filters/gdpr/DPA-corrected.sleec,concern,2,unsat,0.19331908226013184
test_files_filters/gdpr/DPA-corrected.sleec,concern,3,unsat,0.18483996391296387
test_files_filters/gdpr/DPA-corrected.sleec,concern,4,unsat,0.09824013710021973
test_files_filters/gdpr/DPA-corrected.sleec,concern,5,unsat,0.2673935890197754
test_files_filters/gdpr/DPA-corrected.sleec,concern,6,unsat,0.1586625576019287
test_files_filters/gdpr/DPA-corrected.sleec,concern,7,unsat,0.06855607032775879
test_files_filters/gdpr/DPA-corrected.sleec,concern,8,unsat,0.11767148971557617
test_files_filters/gdpr/DPA-corrected.sleec,concern,9,unsat,0.08193397521972656
test_files_filters/gdpr/DPA-corrected.sleec,concern,10,unsat,0.07477355003356934
test_files_filters/gdpr/DPA.sleec,redundancy,0,sat,0.10935664176940918
test_files_filters/gdpr/DPA.sleec,redundancy,1,sat,0.11255836486816406
test_files_filters/gdpr/DPA.sleec,redundancy,2,sat,0.06526064872741699
test_files_filters/gdpr/DPA.sleec,redundancy,3,sat,0.06447887420654297
test_files_filters/gdpr/DPA.sleec,redundancy,4,sat,0.08228349685668945
test_files_filters/gdpr/DPA.sleec,redundancy,5,sat,0.09764719009399414
test_files_filters/gdpr/DPA.sleec,redundancy,6,sat,0.09793281555175781
test_files_filters/gdpr/DPA.sleec,redundancy,7,sat,0.09728455543518066
test_files_filters/gdpr/DPA.sleec,redundancy,8,sat,0.2135927677154541
test_files_filters/gdpr/DPA.sleec,redundancy,9,sat,0.10052275657653809
test_files_filters/gdpr/DPA.sleec,redundancy,10,sat,0.10013198852539062
test_files_filters/gdpr/DPA.sleec,redundancy,11,sat,0.3338925838470459
test_files_filters/gdpr/DPA.sleec,redundancy,12,sat,0.07127547264099121
test_files_filters/gdpr/DPA.sleec,redundancy,13,sat,0.22561383247375488
test_files_filters/gdpr/DPA.sleec,redundancy,14,sat,0.11932158470153809
test_files_filters/gdpr/DPA.sleec,redundancy,15,sat,0.22481489181518555
test_files_filters/gdpr/DPA.sleec,redundancy,16,sat,0.12517976760864258
test_files_filters/gdpr/DPA.sleec,redundancy,17,sat,0.12444305419921875
test_files_filters/gdpr/DPA.sleec,redundancy,18,sat,0.10238289833068848
test_files_filters/gdpr/DPA.sleec,redundancy,19,sat,0.10181069374084473
test_files_filters/gdpr/DPA.sleec,redundancy,20,sat,0.06966543197631836
test_files_filters/gdpr/DPA.sleec,redundancy,21,sat,0.10228919982910156
test_files_filters/gdpr/DPA.sleec,conflict,0,sat,0.12762188911437988
test_files_filters/gdpr/DPA.sleec,conflict,1,sat,0.12204265594482422
test_files_filters/gdpr/DPA.sleec,conflict,2,sat,0.22404956817626953
test_files_filters/gdpr/DPA.sleec,conflict,3,sat,0.2169039249420166
test_files_filters/gdpr/DPA.sleec,conflict,4,sat,0.24502944946289062
test_files_filters/gdpr/DPA.sleec,conflict,5,sat,0.16430091857910156
test_files_filters/gdpr/DPA.sleec,conflict,6,sat,0.16220736503601074
test_files_filters/gdpr/DPA.sleec,conflict,7,sat,0.16203618049621582
test_files_filters/gdpr/DPA.sleec,conflict,8,sat,0.3691272735595703
test_files_filters/gdpr/DPA.sleec,conflict,9,sat,0.1652836799621582
test_files_filters/gdpr/DPA.sleec,conflict,10,sat,0.1648564338684082
test_files_filters/gdpr/DPA.sleec,conflict,11,sat,0.12773942947387695
test_files_filters/gdpr/DPA.sleec,conflict,12,sat,0.1354985237121582
test_files_filters/gdpr/DPA.sleec,conflict,13,sat,0.3663046360015869
test_files_filters/gdpr/DPA.sleec,conflict,14,sat,0.24987292289733887
test_files_filters/gdpr/DPA.sleec,conflict,15,sat,0.36054158210754395
test_files_filters/gdpr/DPA.sleec,conflict,16,sat,0.2515387535095215
test_files_filters/gdpr/DPA.sleec,conflict,17,sat,0.22186851501464844
test_files_filters/gdpr/DPA.sleec,conflict,18,sat,0.16724324226379395
test_files_filters/gdpr/DPA.sleec,conflict,19,sat,0.1673572063446045
test_files_filters/gdpr/DPA.sleec,conflict,20,sat,0.1290128231048584
test_files_filters/gdpr/DPA.sleec,conflict,21,sat,0.16768121719360352
test_files_filters/gdpr/DPA.sleec,concern,0,unsat,0.13330411911010742
test_files_filters/gdpr/DPA.sleec,concern,1,unsat,0.25909996032714844
test_files_filters/gdpr/DPA.sleec,concern,2,unsat,0.1940920352935791
test_files_filters/gdpr/DPA.sleec,concern,3,sat,0.21873974800109863
test_files_filters/gdpr/DPA.sleec,concern,4,sat,0.14289283752441406
test_files_filters/gdpr/DPA.sleec,concern,5,unsat,0.27007102966308594
test_files_filters/gdpr/DPA.sleec,concern,6,unsat,0.16450881958007812
test_files_filters/gdpr/DPA.sleec,concern,7,unsat,0.06786322593688965
test_files_filters/gdpr/DPA.sleec,concern,8,sat,0.25028514862060547
test_files_filters/gdpr/DPA.sleec,concern,9,unsat,0.08221197128295898
test_files_filters/gdpr/DPA.sleec,concern,10,unsat,0.07644963264465332
test_files_filters/ALMI/ALMI.sleec,redundancy,0,sat,0.06479334831237793
test_files_filters/ALMI/ALMI.sleec,redundancy,1,sat,0.07872295379638672
test_files_filters/ALMI/ALMI.sleec,redundancy,2,sat,0.17161011695861816
test_files_filters/ALMI/ALMI.sleec,redundancy,3,sat,0.12043905258178711
test_files_filters/ALMI/ALMI.sleec,redundancy,4,sat,0.05326700210571289
test_files_filters/ALMI/ALMI.sleec,redundancy,5,sat,0.0547945499420166
test_files_filters/ALMI/ALMI.sleec,redundancy,6,sat,0.11347270011901855
test_files_filters/ALMI/ALMI.sleec,redundancy,7,sat,0.055032968521118164
test_files_filters/ALMI/ALMI.sleec,redundancy,8,sat,0.054526329040527344
test_files_filters/ALMI/ALMI.sleec,redundancy,9,sat,0.11676359176635742
test_files_filters/ALMI/ALMI.sleec,redundancy,10,sat,0.05463290214538574
test_files_filters/ALMI/ALMI.sleec,redundancy,11,sat,0.054367780685424805
test_files_filters/ALMI/ALMI.sleec,redundancy,12,sat,0.05845165252685547
test_files_filters/ALMI/ALMI.sleec,redundancy,13,sat,0.11340999603271484
test_files_filters/ALMI/ALMI.sleec,redundancy,14,sat,0.12685275077819824
test_files_filters/ALMI/ALMI.sleec,redundancy,15,sat,0.05267953872680664
test_files_filters/ALMI/ALMI.sleec,redundancy,16,sat,0.08040595054626465
test_files_filters/ALMI/ALMI.sleec,redundancy,17,sat,0.05571293830871582
test_files_filters/ALMI/ALMI.sleec,redundancy,18,sat,0.23757147789001465
test_files_filters/ALMI/ALMI.sleec,redundancy,19,sat,0.05653095245361328
test_files_filters/ALMI/ALMI.sleec,redundancy,20,sat,0.0616300106048584
test_files_filters/ALMI/ALMI.sleec,redundancy,21,sat,0.1679239273071289
test_files_filters/ALMI/ALMI.sleec,redundancy,22,sat,0.08187437057495117
test_files_filters/ALMI/ALMI.sleec,redundancy,23,sat,0.058347463607788086
test_files_filters/ALMI/ALMI.sleec,redundancy,24,sat,0.08227944374084473
test_files_filters/ALMI/ALMI.sleec,redundancy,25,sat,0.0815129280090332
test_files_filters/ALMI/ALMI.sleec,redundancy,26,sat,0.055403709411621094
test_files_filters/ALMI/ALMI.sleec,redundancy,27,sat,0.05275559425354004
test_files_filters/ALMI/ALMI.sleec,redundancy,28,sat,0.05719304084777832
test_files_filters/ALMI/ALMI.sleec,redundancy,29,sat,0.05323910713195801
test_files_filters/ALMI/ALMI.sleec,redundancy,30,sat,0.11618995666503906
test_files_filters/ALMI/ALMI.sleec,redundancy,31,sat,0.11502432823181152
test_files_filters/ALMI/ALMI.sleec,redundancy,32,sat,0.12023305892944336
test_files_filters/ALMI/ALMI.sleec,conflict,0,sat,0.09544014930725098
test_files_filters/ALMI/ALMI.sleec,conflict,1,sat,0.1767113208770752
test_files_filters/ALMI/ALMI.sleec,conflict,2,sat,0.25566768646240234
test_files_filters/ALMI/ALMI.sleec,conflict,3,sat,0.26100969314575195
test_files_filters/ALMI/ALMI.sleec,conflict,4,sat,0.08921337127685547
test_files_filters/ALMI/ALMI.sleec,conflict,5,sat,0.05535316467285156
test_files_filters/ALMI/ALMI.sleec,conflict,6,sat,0.22319388389587402
test_files_filters/ALMI/ALMI.sleec,conflict,7,sat,0.09193181991577148
test_files_filters/ALMI/ALMI.sleec,conflict,8,sat,0.0887608528137207
test_files_filters/ALMI/ALMI.sleec,conflict,9,sat,0.22564077377319336
test_files_filters/ALMI/ALMI.sleec,conflict,10,sat,0.08957600593566895
test_files_filters/ALMI/ALMI.sleec,conflict,11,sat,0.13144397735595703
test_files_filters/ALMI/ALMI.sleec,conflict,12,sat,0.0974569320678711
test_files_filters/ALMI/ALMI.sleec,conflict,13,sat,0.1687617301940918
test_files_filters/ALMI/ALMI.sleec,conflict,14,sat,0.18449831008911133
test_files_filters/ALMI/ALMI.sleec,conflict,15,sat,0.09047603607177734
test_files_filters/ALMI/ALMI.sleec,conflict,16,sat,0.16542696952819824
test_files_filters/ALMI/ALMI.sleec,conflict,17,sat,0.08860445022583008
test_files_filters/ALMI/ALMI.sleec,conflict,18,sat,0.18056321144104004
test_files_filters/ALMI/ALMI.sleec,conflict,19,sat,0.08942103385925293
test_files_filters/ALMI/ALMI.sleec,conflict,20,sat,0.05964922904968262
test_files_filters/ALMI/ALMI.sleec,conflict,21,sat,0.18459105491638184
test_files_filters/ALMI/ALMI.sleec,conflict,22,sat,0.09053468704223633
test_files_filters/ALMI/ALMI.sleec,conflict,23,sat,0.08817839622497559
test_files_filters/ALMI/ALMI.sleec,conflict,24,sat,0.1239159107208252
test_files_filters/ALMI/ALMI.sleec,conflict,25,sat,0.12410211563110352
test_files_filters/ALMI/ALMI.sleec,conflict,26,sat,0.08635377883911133
test_files_filters/ALMI/ALMI.sleec,conflict,27,sat,0.05726194381713867
test_files_filters/ALMI/ALMI.sleec,conflict,28,sat,0.09575843811035156
test_files_filters/ALMI/ALMI.sleec,conflict,29,sat,0.09276556968688965
test_files_filters/ALMI/ALMI.sleec,conflict,30,sat,0.1701219081878662
test_files_filters/ALMI/ALMI.sleec,conflict,31,sat,0.17101621627807617
test_files_filters/ALMI/ALMI.sleec,conflict,32,sat,0.16565442085266113
test_files_filters/ALMI/ALMI.sleec,concern,0,sat,0.08824944496154785
test_files_filters/ALMI/ALMI.sleec,concern,1,unsat,0.0597078800201416
test_files_filters/ALMI/ALMI.sleec,concern,2,unsat,0.06015610694885254
test_files_filters/ALMI/ALMI.sleec,concern,3,sat,0.08161687850952148
test_files_filters/ALMI/ALMI.sleec,concern,4,unsat,0.03766751289367676
test_files_filters/ALMI/ALMI.sleec,concern,5,unsat,0.037199974060058594
test_files_filters/ALMI/ALMI.sleec,concern,6,unsat,0.039472341537475586
test_files_filters/ALMI/ALMI.sleec,concern,7,unsat,0.0675208568572998
test_files_filters/ALMI/ALMI.sleec,concern,8,unsat,0.038366079330444336
test_files_filters/ALMI/ALMI.sleec,concern,9,unsat,0.23955750465393066
test_files_filters/ALMI/ALMI.sleec,concern,10,unsat,0.061133384704589844
test_files_filters/ALMI/ALMI-Corrected.sleec,redundancy,0,sat,0.06534147262573242
test_files_filters/ALMI/ALMI-Corrected.sleec,redundancy,1,sat,0.08126616477966309
test_files_filters/ALMI/ALMI-Corrected.sleec,redundancy,2,sat,0.174638032913208
test_files_filters/ALMI/ALMI-Corrected.sleec,redundancy,3,sat,0.12197113037109375
test_files_filters/ALMI/ALMI-Corrected.sleec,redundancy,4,sat,0.053863525390625
test_files_filters/ALMI/ALMI-Corrected.sleec,redundancy,5,sat,0.08710980415344238
test_files_filters/ALMI/ALMI-Corrected.sleec,redundancy,6,sat,0.08703351020812988
test_files_filters/ALMI/ALMI-Corrected.sleec,redundancy,7,sat,0.053771018981933594
test_files_filters/ALMI/ALMI-Corrected.sleec,redundancy,8,sat,0.11635804176330566
test_files_filters/ALMI/ALMI-Corrected.sleec,redundancy,9,sat,0.05443382263183594
test_files_filters/ALMI/ALMI-Corrected.sleec,redundancy,10,sat,0.056339263916015625
test_files_filters/ALMI/ALMI-Corrected.sleec,redundancy,11,sat,0.11685514450073242
test_files_filters/ALMI/ALMI-Corrected.sleec,redundancy,12,sat,0.053144216537475586
test_files_filters/ALMI/ALMI-Corrected.sleec,redundancy,13,sat,0.05554389953613281
test_files_filters/ALMI/ALMI-Corrected.sleec,redundancy,14,sat,0.059000253677368164
test_files_filters/ALMI/ALMI-Corrected.sleec,redundancy,15,sat,0.11603546142578125
test_files_filters/ALMI/ALMI-Corrected.sleec,redundancy,16,sat,0.12726092338562012
test_files_filters/ALMI/ALMI-Corrected.sleec,redundancy,17,sat,0.05364823341369629
test_files_filters/ALMI/ALMI-Corrected.sleec,redundancy,18,sat,0.0794534683227539
test_files_filters/ALMI/ALMI-Corrected.sleec,redundancy,19,sat,0.05417346954345703
test_files_filters/ALMI/ALMI-Corrected.sleec,redundancy,20,sat,0.23648905754089355
test_files_filters/ALMI/ALMI-Corrected.sleec,redundancy,21,sat,0.05814075469970703
test_files_filters/ALMI/ALMI-Corrected.sleec,redundancy,22,sat,0.06572985649108887
test_files_filters/ALMI/ALMI-Corrected.sleec,redundancy,23,sat,0.17387723922729492
test_files_filters/ALMI/ALMI-Corrected.sleec,redundancy,24,sat,0.08462142944335938
test_files_filters/ALMI/ALMI-Corrected.sleec,redundancy,25,sat,0.06183648109436035
test_files_filters/ALMI/ALMI-Corrected.sleec,redundancy,26,sat,0.08571243286132812
test_files_filters/ALMI/ALMI-Corrected.sleec,redundancy,27,sat,0.08400487899780273
test_files_filters/ALMI/ALMI-Corrected.sleec,redundancy,28,sat,0.05719590187072754
test_files_filters/ALMI/ALMI-Corrected.sleec,redundancy,29,sat,0.0552067756652832
test_files_filters/ALMI/ALMI-Corrected.sleec,redundancy,30,sat,0.056099653244018555
test_files_filters/ALMI/ALMI-Corrected.sleec,redundancy,31,unsat,0.18770551681518555
test_files_filters/ALMI/ALMI-Corrected.sleec,redundancy,32,sat,0.10099935531616211
test_files_filters/ALMI/ALMI-Corrected.sleec,redundancy,33,sat,0.12209796905517578
test_files_filters/ALMI/ALMI-Corrected.sleec,redundancy,34,sat,0.11880159378051758
test_files_filters/ALMI/ALMI-Corrected.sleec,redundancy,35,sat,0.11920905113220215
test_files_filters/ALMI/ALMI-Corrected.sleec,conflict,0,sat,0.09782171249389648
test_files_filters/ALMI/ALMI-Corrected.sleec,conflict,1,sat,0.17811989784240723
test_files_filters/ALMI/ALMI-Corrected.sleec,conflict,2,sat,0.25498056411743164
test_files_filters/ALMI/ALMI-Corrected.sleec,conflict,3,sat,0.26315832138061523
test_files_filters/ALMI/ALMI-Corrected.sleec,conflict,4,sat,0.0926506519317627
test_files_filters/ALMI/ALMI-Corrected.sleec,conflict,5,sat,0.14568710327148438
test_files_filters/ALMI/ALMI-Corrected.sleec,conflict,6,sat,0.14429211616516113
test_files_filters/ALMI/ALMI-Corrected.sleec,conflict,7,sat,0.06043100357055664
test_files_filters/ALMI/ALMI-Corrected.sleec,conflict,8,sat,0.2280259132385254
test_files_filters/ALMI/ALMI-Corrected.sleec,conflict,9,sat,0.09123849868774414
test_files_filters/ALMI/ALMI-Corrected.sleec,conflict,10,sat,0.0889890193939209
test_files_filters/ALMI/ALMI-Corrected.sleec,conflict,11,sat,0.2269754409790039
test_files_filters/ALMI/ALMI-Corrected.sleec,conflict,12,sat,0.09172654151916504
test_files_filters/ALMI/ALMI-Corrected.sleec,conflict,13,sat,0.13436198234558105
test_files_filters/ALMI/ALMI-Corrected.sleec,conflict,14,sat,0.09525465965270996
test_files_filters/ALMI/ALMI-Corrected.sleec,conflict,15,sat,0.16749238967895508
test_files_filters/ALMI/ALMI-Corrected.sleec,conflict,16,sat,0.1850435733795166
test_files_filters/ALMI/ALMI-Corrected.sleec,conflict,17,sat,0.09097862243652344
test_files_filters/ALMI/ALMI-Corrected.sleec,conflict,18,sat,0.167449951171875
test_files_filters/ALMI/ALMI-Corrected.sleec,conflict,19,sat,0.09004783630371094
test_files_filters/ALMI/ALMI-Corrected.sleec,conflict,20,sat,0.185377836227417
test_files_filters/ALMI/ALMI-Corrected.sleec,conflict,21,sat,0.09222555160522461
test_files_filters/ALMI/ALMI-Corrected.sleec,conflict,22,sat,0.05768847465515137
test_files_filters/ALMI/ALMI-Corrected.sleec,conflict,23,sat,0.18322014808654785
test_files_filters/ALMI/ALMI-Corrected.sleec,conflict,24,sat,0.09150433540344238
test_files_filters/ALMI/ALMI-Corrected.sleec,conflict,25,sat,0.09206008911132812
test_files_filters/ALMI/ALMI-Corrected.sleec,conflict,26,sat,0.1275479793548584
test_files_filters/ALMI/ALMI-Corrected.sleec,conflict,27,sat,0.1263132095336914
test_files_filters/ALMI/ALMI-Corrected.sleec,conflict,28,sat,0.08929300308227539
test_files_filters/ALMI/ALMI-Corrected.sleec,conflict,29,sat,0.06082773208618164
test_files_filters/ALMI/ALMI-Corrected.sleec,conflict,30,sat,0.09655547142028809
test_files_filters/ALMI/ALMI-Corrected.sleec,conflict,31,sat,0.0952904224395752
test_files_filters/ALMI/ALMI-Corrected.sleec,conflict,32,sat,0.09572505950927734
test_files_filters/ALMI/ALMI-Corrected.sleec,conflict,33,sat,0.17183494567871094
test_files_filters/ALMI/ALMI-Corrected.sleec,conflict,34,sat,0.1748213768005371
test_files_filters/ALMI/ALMI-Corrected.sleec,conflict,35,sat,0.17252278327941895
test_files_filters/ALMI/ALMI-Corrected.sleec,concern,0,unsat,0.07420992851257324
test_files_filters/ALMI/ALMI-Corrected.sleec,concern,1,unsat,0.05805039405822754
test_files_filters/ALMI/ALMI-Corrected.sleec,concern,2,unsat,0.231187105178833
test_files_filters/ALMI/ALMI-Corrected.sleec,concern,3,unsat,0.04183816909790039
test_files_filters/ALMI/ALMI-Corrected.sleec,concern,4,unsat,0.03848457336425781
test_files_filters/ALMI/ALMI-Corrected.sleec,concern,5,unsat,0.03862571716308594
test_files_filters/ALMI/ALMI-Corrected.sleec,concern,6,unsat,0.0726327896118164
test_files_filters/ALMI/ALMI-Corrected.sleec,concern,7,unsat,0.038045406341552734
test_files_filters/ALMI/ALMI-Corrected.sleec,concern,8,unsat,0.24027395248413086
test_files_filters/ALMI/ALMI-Corrected.sleec,concern,9,unsat,0.06473851203918457
