file,mode,rule,result,duration
test_files_quantifiers/buggy.sleec,redundancy,0,unsat,1.1691675186157227
test_files_quantifiers/buggy.sleec,redundancy,1,unknown (TIMEOUT),20.47384524345398
test_files_quantifiers/buggy.sleec,redundancy,2,unknown (TIMEOUT),20.023940801620483
test_files_quantifiers/buggy.sleec,redundancy,3,unknown (TIMEOUT),20.41333270072937
test_files_quantifiers/buggy.sleec,redundancy,4,unknown (TIMEOUT),20.132993936538696
test_files_quantifiers/buggy.sleec,redundancy,5,unsat,0.14840102195739746
test_files_quantifiers/buggy.sleec,redundancy,6,unsat,0.4419245719909668
test_files_quantifiers/buggy.sleec,redundancy,7,unknown (TIMEOUT),20.0150945186615
test_files_quantifiers/buggy.sleec,redundancy,8,unknown (TIMEOUT),20.215210676193237
test_files_quantifiers/buggy.sleec,redundancy,9,unknown (TIMEOUT),20.16416573524475
test_files_quantifiers/buggy.sleec,redundancy,10,unknown (TIMEOUT),20.07469391822815
test_files_quantifiers/buggy.sleec,redundancy,11,unknown (TIMEOUT),20.079450368881226
test_files_quantifiers/buggy.sleec,conflict,0,unknown (TIMEOUT),20.016018629074097
test_files_quantifiers/buggy.sleec,conflict,1,unknown (TIMEOUT),20.510897397994995
test_files_quantifiers/buggy.sleec,conflict,2,unknown (TIMEOUT),20.001281023025513
test_files_quantifiers/buggy.sleec,conflict,3,unknown (TIMEOUT),20.009398221969604
test_files_quantifiers/buggy.sleec,conflict,4,unknown (TIMEOUT),20.056379318237305
test_files_quantifiers/buggy.sleec,conflict,5,unknown (TIMEOUT),20.003389596939087
test_files_quantifiers/buggy.sleec,conflict,6,unknown (TIMEOUT),20.003703117370605
test_files_quantifiers/buggy.sleec,conflict,7,unknown (TIMEOUT),20.014848709106445
test_files_quantifiers/buggy.sleec,conflict,8,unknown (TIMEOUT),20.00100827217102
test_files_quantifiers/buggy.sleec,conflict,9,unknown (TIMEOUT),20.787017583847046
test_files_quantifiers/buggy.sleec,conflict,10,unknown (TIMEOUT),20.02272391319275
test_files_quantifiers/buggy.sleec,conflict,11,unsat,0.0630345344543457
test_files_quantifiers/buggy.sleec,concern,0,unknown (TIMEOUT),20.000157117843628
test_files_quantifiers/test1.sleec,redundancy,0,unknown (INCOMPLETE),0.3814222812652588
test_files_quantifiers/test1.sleec,redundancy,1,unknown (INCOMPLETE),0.15404391288757324
test_files_quantifiers/test1.sleec,redundancy,2,unsat,0.015411853790283203
test_files_quantifiers/test1.sleec,redundancy,3,unknown (INCOMPLETE),0.5602238178253174
test_files_quantifiers/test1.sleec,conflict,0,unknown (TIMEOUT),20.010197162628174
test_files_quantifiers/test1.sleec,conflict,1,unknown (INCOMPLETE),0.32335495948791504
test_files_quantifiers/test1.sleec,conflict,2,unknown (INCOMPLETE),14.651361227035522
test_files_quantifiers/test1.sleec,conflict,3,unknown (TIMEOUT),20.000205516815186
test_files_quantifiers/test4.sleec,redundancy,0,unknown (INCOMPLETE),3.177140474319458
test_files_quantifiers/test4.sleec,redundancy,1,unknown (INCOMPLETE),2.828889846801758
test_files_quantifiers/test4.sleec,redundancy,2,unknown (TIMEOUT),20.904568910598755
test_files_quantifiers/test4.sleec,conflict,0,unknown (TIMEOUT),20.37645196914673
test_files_quantifiers/test4.sleec,conflict,1,unknown (TIMEOUT),20.000200986862183
test_files_quantifiers/test4.sleec,conflict,2,unknown (TIMEOUT),20.80186128616333
test_files_quantifiers/test4.sleec,concern,0,unsat,0.21202850341796875
test_files_quantifiers/test3.sleec,redundancy,0,unknown (INCOMPLETE),3.19166898727417
test_files_quantifiers/test3.sleec,redundancy,1,unknown (INCOMPLETE),2.818277597427368
test_files_quantifiers/test3.sleec,redundancy,2,unknown (TIMEOUT),20.71637988090515
test_files_quantifiers/test3.sleec,conflict,0,unknown (TIMEOUT),20.27904224395752
test_files_quantifiers/test3.sleec,conflict,1,unknown (TIMEOUT),20.889633417129517
test_files_quantifiers/test3.sleec,conflict,2,unknown (TIMEOUT),20.74858045578003
test_files_quantifiers/test3.sleec,concern,0,unknown (TIMEOUT),20.65080738067627
test_files_quantifiers/test.sleec,redundancy,0,unsat,0.03409099578857422
test_files_quantifiers/test.sleec,redundancy,1,unsat,0.012545347213745117
test_files_quantifiers/test.sleec,redundancy,2,unsat,0.01220250129699707
test_files_quantifiers/test.sleec,redundancy,3,unknown (TIMEOUT),20.225027561187744
test_files_quantifiers/test.sleec,redundancy,4,unsat,0.5386161804199219
test_files_quantifiers/test.sleec,redundancy,5,unsat,1.1114776134490967
test_files_quantifiers/test.sleec,redundancy,6,unsat,0.1633613109588623
test_files_quantifiers/test.sleec,redundancy,7,unsat,0.06171751022338867
test_files_quantifiers/test.sleec,redundancy,8,unsat,0.04698657989501953
test_files_quantifiers/test.sleec,redundancy,9,unsat,0.061064958572387695
test_files_quantifiers/test.sleec,redundancy,10,unsat,0.014734745025634766
test_files_quantifiers/test.sleec,redundancy,11,unknown (TIMEOUT),20.024662733078003
test_files_quantifiers/test.sleec,redundancy,12,unsat,0.017249345779418945
test_files_quantifiers/test.sleec,redundancy,13,unknown (TIMEOUT),20.113319873809814
test_files_quantifiers/test.sleec,redundancy,14,unsat,0.0760047435760498
test_files_quantifiers/test.sleec,redundancy,15,unknown (TIMEOUT),20.198685884475708
test_files_quantifiers/test.sleec,redundancy,16,unknown (TIMEOUT),20.130181789398193
test_files_quantifiers/test.sleec,redundancy,17,unknown (TIMEOUT),20.004496812820435
test_files_quantifiers/test.sleec,redundancy,18,unknown (TIMEOUT),20.124680280685425
test_files_quantifiers/test.sleec,redundancy,19,unknown (TIMEOUT),20.086293697357178
test_files_quantifiers/test.sleec,redundancy,20,unknown (TIMEOUT),20.004379749298096
test_files_quantifiers/test.sleec,conflict,0,unknown (TIMEOUT),20.118887901306152
test_files_quantifiers/test.sleec,conflict,1,unknown (TIMEOUT),20.001742839813232
test_files_quantifiers/test.sleec,conflict,2,unknown (TIMEOUT),20.0069580078125
test_files_quantifiers/test.sleec,conflict,3,unknown (TIMEOUT),20.63184356689453
test_files_quantifiers/test.sleec,conflict,4,unknown (TIMEOUT),20.152971029281616
test_files_quantifiers/test.sleec,conflict,5,unknown (TIMEOUT),20.0280179977417
test_files_quantifiers/test.sleec,conflict,6,unknown (TIMEOUT),20.012451648712158
test_files_quantifiers/test.sleec,conflict,7,unknown (TIMEOUT),20.01001286506653
test_files_quantifiers/test.sleec,conflict,8,unknown (TIMEOUT),20.00758147239685
test_files_quantifiers/test.sleec,conflict,9,unknown (TIMEOUT),20.00895667076111
test_files_quantifiers/test.sleec,conflict,10,unknown (TIMEOUT),20.008387565612793
test_files_quantifiers/test.sleec,conflict,11,unknown (TIMEOUT),20.01200222969055
test_files_quantifiers/test.sleec,conflict,12,unknown (TIMEOUT),20.009047508239746
test_files_quantifiers/test.sleec,conflict,13,unknown (TIMEOUT),20.02525019645691
test_files_quantifiers/test.sleec,conflict,14,unknown (TIMEOUT),20.295757055282593
test_files_quantifiers/test.sleec,conflict,15,unknown (TIMEOUT),20.00174045562744
test_files_quantifiers/test.sleec,conflict,16,unknown (TIMEOUT),20.09974217414856
test_files_quantifiers/test.sleec,conflict,17,unknown (TIMEOUT),20.04470419883728
test_files_quantifiers/test.sleec,conflict,18,unknown (TIMEOUT),20.05092430114746
test_files_quantifiers/test.sleec,conflict,19,unknown (TIMEOUT),20.01326608657837
test_files_quantifiers/test.sleec,conflict,20,unknown (TIMEOUT),20.013890027999878
test_files_quantifiers/test2.sleec,redundancy,0,unknown (INCOMPLETE),5.006785869598389
test_files_quantifiers/test2.sleec,redundancy,1,unknown (INCOMPLETE),1.359161138534546
test_files_quantifiers/test2.sleec,redundancy,2,unknown (TIMEOUT),20.155394792556763
test_files_quantifiers/test2.sleec,conflict,0,unknown (TIMEOUT),20.018500328063965
test_files_quantifiers/test2.sleec,conflict,1,unknown (TIMEOUT),20.156847953796387
test_files_quantifiers/test2.sleec,conflict,2,unknown (TIMEOUT),20.714645624160767
test_files_quantifiers/safescade/safescade-corrected.sleec,redundancy,0,unknown (TIMEOUT),20.021021366119385
test_files_quantifiers/safescade/safescade-corrected.sleec,redundancy,1,unknown (TIMEOUT),20.000099897384644
test_files_quantifiers/safescade/safescade-corrected.sleec,redundancy,2,unknown (TIMEOUT),20.00059962272644
test_files_quantifiers/safescade/safescade-corrected.sleec,redundancy,3,unknown (TIMEOUT),20.162136793136597
test_files_quantifiers/safescade/safescade-corrected.sleec,redundancy,4,unknown (TIMEOUT),20.022911310195923
test_files_quantifiers/safescade/safescade-corrected.sleec,redundancy,5,unknown (TIMEOUT),20.271586656570435
test_files_quantifiers/safescade/safescade-corrected.sleec,redundancy,6,unknown (TIMEOUT),20.305787324905396
test_files_quantifiers/safescade/safescade-corrected.sleec,redundancy,7,unknown (TIMEOUT),20.00009560585022
test_files_quantifiers/safescade/safescade-corrected.sleec,redundancy,8,unknown (TIMEOUT),20.00139307975769
test_files_quantifiers/safescade/safescade-corrected.sleec,redundancy,9,unknown (TIMEOUT),20.229102849960327
test_files_quantifiers/safescade/safescade-corrected.sleec,redundancy,10,unknown (TIMEOUT),20.00912356376648
test_files_quantifiers/safescade/safescade-corrected.sleec,redundancy,11,unknown (TIMEOUT),20.42777729034424
test_files_quantifiers/safescade/safescade-corrected.sleec,redundancy,12,unknown (TIMEOUT),20.02952790260315
test_files_quantifiers/safescade/safescade-corrected.sleec,redundancy,13,unknown (TIMEOUT),20.034865140914917
test_files_quantifiers/safescade/safescade-corrected.sleec,redundancy,14,unknown (TIMEOUT),20.456178426742554
test_files_quantifiers/safescade/safescade-corrected.sleec,redundancy,15,unknown (TIMEOUT),20.000341176986694
test_files_quantifiers/safescade/safescade-corrected.sleec,redundancy,16,unknown (TIMEOUT),20.177507400512695
test_files_quantifiers/safescade/safescade-corrected.sleec,redundancy,17,unknown (TIMEOUT),20.006916284561157
test_files_quantifiers/safescade/safescade-corrected.sleec,redundancy,18,unknown (TIMEOUT),20.030536651611328
test_files_quantifiers/safescade/safescade-corrected.sleec,redundancy,19,unknown (TIMEOUT),20.000218152999878
test_files_quantifiers/safescade/safescade-corrected.sleec,redundancy,20,unknown (TIMEOUT),20.001386880874634
test_files_quantifiers/safescade/safescade-corrected.sleec,redundancy,21,unknown (TIMEOUT),20.014896869659424
test_files_quantifiers/safescade/safescade-corrected.sleec,redundancy,22,unknown (TIMEOUT),20.00417685508728
test_files_quantifiers/safescade/safescade-corrected.sleec,redundancy,23,unknown (TIMEOUT),20.00121235847473
test_files_quantifiers/safescade/safescade-corrected.sleec,redundancy,24,unknown (TIMEOUT),20.000298738479614
test_files_quantifiers/safescade/safescade-corrected.sleec,redundancy,25,unknown (TIMEOUT),20.34357237815857
test_files_quantifiers/safescade/safescade-corrected.sleec,redundancy,26,unknown (TIMEOUT),20.519667863845825
test_files_quantifiers/safescade/safescade-corrected.sleec,conflict,0,unknown (TIMEOUT),20.005775213241577
test_files_quantifiers/safescade/safescade-corrected.sleec,conflict,1,unknown (TIMEOUT),20.00072479248047
test_files_quantifiers/safescade/safescade-corrected.sleec,conflict,2,unknown (TIMEOUT),20.016034841537476
test_files_quantifiers/safescade/safescade-corrected.sleec,conflict,3,unknown (TIMEOUT),20.080180406570435
test_files_quantifiers/safescade/safescade-corrected.sleec,conflict,4,unknown (TIMEOUT),20.000062942504883
test_files_quantifiers/safescade/safescade-corrected.sleec,conflict,5,unknown (TIMEOUT),20.536731004714966
test_files_quantifiers/safescade/safescade-corrected.sleec,conflict,6,unknown (TIMEOUT),20.00677752494812
test_files_quantifiers/safescade/safescade-corrected.sleec,conflict,7,unknown (TIMEOUT),20.04142189025879
test_files_quantifiers/safescade/safescade-corrected.sleec,conflict,8,unknown (TIMEOUT),20.000174045562744
test_files_quantifiers/safescade/safescade-corrected.sleec,conflict,9,unknown (TIMEOUT),20.00010085105896
test_files_quantifiers/safescade/safescade-corrected.sleec,conflict,10,unknown (TIMEOUT),20.004157304763794
test_files_quantifiers/safescade/safescade-corrected.sleec,conflict,11,unknown (TIMEOUT),20.000272274017334
test_files_quantifiers/safescade/safescade-corrected.sleec,conflict,12,unknown (TIMEOUT),20.00371289253235
test_files_quantifiers/safescade/safescade-corrected.sleec,conflict,13,unknown (TIMEOUT),20.000551462173462
test_files_quantifiers/safescade/safescade-corrected.sleec,conflict,14,unknown (TIMEOUT),20.329055786132812
test_files_quantifiers/safescade/safescade-corrected.sleec,conflict,15,unknown (TIMEOUT),20.11297082901001
test_files_quantifiers/safescade/safescade-corrected.sleec,conflict,16,unknown (TIMEOUT),20.00020170211792
test_files_quantifiers/safescade/safescade-corrected.sleec,conflict,17,unknown (TIMEOUT),20.000274896621704
test_files_quantifiers/safescade/safescade-corrected.sleec,conflict,18,unknown (TIMEOUT),20.031447410583496
test_files_quantifiers/safescade/safescade-corrected.sleec,conflict,19,unknown (TIMEOUT),20.234808921813965
test_files_quantifiers/safescade/safescade-corrected.sleec,conflict,20,unknown (TIMEOUT),20.01360034942627
test_files_quantifiers/safescade/safescade-corrected.sleec,conflict,21,unknown (TIMEOUT),20.016725063323975
test_files_quantifiers/safescade/safescade-corrected.sleec,conflict,22,unknown (TIMEOUT),20.02570915222168
test_files_quantifiers/safescade/safescade-corrected.sleec,conflict,23,unknown (TIMEOUT),20.172338008880615
test_files_quantifiers/safescade/safescade-corrected.sleec,conflict,24,unknown (TIMEOUT),20.000752449035645
test_files_quantifiers/safescade/safescade-corrected.sleec,conflict,25,unknown (TIMEOUT),20.002752542495728
test_files_quantifiers/safescade/safescade-corrected.sleec,conflict,26,unknown (TIMEOUT),20.00013828277588
test_files_quantifiers/safescade/safescade-corrected.sleec,concern,0,unsat,0.061135292053222656
test_files_quantifiers/safescade/safescade-corrected.sleec,concern,1,unsat,0.035063982009887695
test_files_quantifiers/safescade/safescade-corrected.sleec,concern,2,unknown (TIMEOUT),20.013912439346313
test_files_quantifiers/safescade/safescade.sleec,redundancy,0,unknown (TIMEOUT),20.119466543197632
test_files_quantifiers/safescade/safescade.sleec,redundancy,1,unsat,0.022642850875854492
test_files_quantifiers/safescade/safescade.sleec,redundancy,2,unknown (TIMEOUT),20.00026273727417
test_files_quantifiers/safescade/safescade.sleec,redundancy,3,unsat,0.024164915084838867
test_files_quantifiers/safescade/safescade.sleec,redundancy,4,unsat,0.03641223907470703
test_files_quantifiers/safescade/safescade.sleec,redundancy,5,unknown (TIMEOUT),20.070529222488403
test_files_quantifiers/safescade/safescade.sleec,redundancy,6,unknown (TIMEOUT),20.008948802947998
test_files_quantifiers/safescade/safescade.sleec,redundancy,7,unknown (TIMEOUT),20.04499626159668
test_files_quantifiers/safescade/safescade.sleec,redundancy,8,unknown (TIMEOUT),20.222459077835083
test_files_quantifiers/safescade/safescade.sleec,redundancy,9,unknown (TIMEOUT),20.000090837478638
test_files_quantifiers/safescade/safescade.sleec,redundancy,10,unknown (TIMEOUT),20.005751371383667
test_files_quantifiers/safescade/safescade.sleec,redundancy,11,unknown (TIMEOUT),20.273019552230835
test_files_quantifiers/safescade/safescade.sleec,redundancy,12,unknown (TIMEOUT),20.00027108192444
test_files_quantifiers/safescade/safescade.sleec,redundancy,13,unknown (TIMEOUT),20.15495252609253
test_files_quantifiers/safescade/safescade.sleec,redundancy,14,unknown (TIMEOUT),20.00011920928955
test_files_quantifiers/safescade/safescade.sleec,redundancy,15,unknown (TIMEOUT),20.00024962425232
test_files_quantifiers/safescade/safescade.sleec,redundancy,16,unknown (TIMEOUT),20.048144340515137
test_files_quantifiers/safescade/safescade.sleec,redundancy,17,unknown (TIMEOUT),20.380277395248413
test_files_quantifiers/safescade/safescade.sleec,redundancy,18,unknown (TIMEOUT),20.527485609054565
test_files_quantifiers/safescade/safescade.sleec,redundancy,19,unknown (TIMEOUT),20.00033211708069
test_files_quantifiers/safescade/safescade.sleec,redundancy,20,unknown (TIMEOUT),20.00012516975403
test_files_quantifiers/safescade/safescade.sleec,redundancy,21,unknown (TIMEOUT),20.058935165405273
test_files_quantifiers/safescade/safescade.sleec,redundancy,22,unknown (TIMEOUT),20.01383399963379
test_files_quantifiers/safescade/safescade.sleec,redundancy,23,unknown (TIMEOUT),20.000309944152832
test_files_quantifiers/safescade/safescade.sleec,redundancy,24,unknown (TIMEOUT),20.00026273727417
test_files_quantifiers/safescade/safescade.sleec,redundancy,25,unknown (TIMEOUT),20.011995315551758
test_files_quantifiers/safescade/safescade.sleec,redundancy,26,unknown (TIMEOUT),20.00029182434082
test_files_quantifiers/safescade/safescade.sleec,redundancy,27,unknown (TIMEOUT),20.0001163482666
test_files_quantifiers/safescade/safescade.sleec,conflict,0,unknown (TIMEOUT),20.000551462173462
test_files_quantifiers/safescade/safescade.sleec,conflict,1,unknown (TIMEOUT),20.0012788772583
test_files_quantifiers/safescade/safescade.sleec,conflict,2,unknown (TIMEOUT),20.0006320476532
test_files_quantifiers/safescade/safescade.sleec,conflict,3,unknown (TIMEOUT),20.02766466140747
test_files_quantifiers/safescade/safescade.sleec,conflict,4,unknown (TIMEOUT),20.01330065727234
test_files_quantifiers/safescade/safescade.sleec,conflict,5,unknown (TIMEOUT),20.0002920627594
test_files_quantifiers/safescade/safescade.sleec,conflict,6,unknown (TIMEOUT),20.08669090270996
test_files_quantifiers/safescade/safescade.sleec,conflict,7,unknown (TIMEOUT),20.001400232315063
test_files_quantifiers/safescade/safescade.sleec,conflict,8,unknown (TIMEOUT),20.472411155700684
test_files_quantifiers/safescade/safescade.sleec,conflict,9,unknown (TIMEOUT),20.462597608566284
test_files_quantifiers/safescade/safescade.sleec,conflict,10,unknown (TIMEOUT),20.000675678253174
test_files_quantifiers/safescade/safescade.sleec,conflict,11,unknown (TIMEOUT),20.10365319252014
test_files_quantifiers/safescade/safescade.sleec,conflict,12,unknown (TIMEOUT),20.0021653175354
test_files_quantifiers/safescade/safescade.sleec,conflict,13,unknown (TIMEOUT),20.004116535186768
test_files_quantifiers/safescade/safescade.sleec,conflict,14,unknown (TIMEOUT),20.000157356262207
test_files_quantifiers/safescade/safescade.sleec,conflict,15,unknown (TIMEOUT),20.01925826072693
test_files_quantifiers/safescade/safescade.sleec,conflict,16,unknown (TIMEOUT),20.006519556045532
test_files_quantifiers/safescade/safescade.sleec,conflict,17,unknown (TIMEOUT),20.60710644721985
test_files_quantifiers/safescade/safescade.sleec,conflict,18,unknown (TIMEOUT),20.002317667007446
test_files_quantifiers/safescade/safescade.sleec,conflict,19,unknown (TIMEOUT),20.247003078460693
test_files_quantifiers/safescade/safescade.sleec,conflict,20,unknown (TIMEOUT),20.003286838531494
test_files_quantifiers/safescade/safescade.sleec,conflict,21,unknown (TIMEOUT),20.33503031730652
test_files_quantifiers/safescade/safescade.sleec,conflict,22,unknown (TIMEOUT),20.33478617668152
test_files_quantifiers/safescade/safescade.sleec,conflict,23,unknown (TIMEOUT),20.017887115478516
test_files_quantifiers/safescade/safescade.sleec,conflict,24,unknown (TIMEOUT),20.01900601387024
test_files_quantifiers/safescade/safescade.sleec,conflict,25,unknown (TIMEOUT),20.000112771987915
test_files_quantifiers/safescade/safescade.sleec,conflict,26,unknown (TIMEOUT),20.00016760826111
test_files_quantifiers/safescade/safescade.sleec,conflict,27,unknown (TIMEOUT),20.000171422958374
test_files_quantifiers/safescade/safescade.sleec,concern,0,unknown (TIMEOUT),20.000431776046753
test_files_quantifiers/safescade/safescade.sleec,concern,1,unknown (TIMEOUT),20.003076314926147
test_files_quantifiers/safescade/safescade.sleec,concern,2,unknown (TIMEOUT),20.00026297569275
test_files_quantifiers/safescade/safescade.sleec,concern,3,unknown (TIMEOUT),20.000101566314697
test_files_quantifiers/covidfree/covidfree.sleec,redundancy,0,unknown (TIMEOUT),20.385502099990845
test_files_quantifiers/covidfree/covidfree.sleec,redundancy,1,unknown (TIMEOUT),20.004058837890625
test_files_quantifiers/covidfree/covidfree.sleec,redundancy,2,unsat,0.9673316478729248
test_files_quantifiers/covidfree/covidfree.sleec,redundancy,3,unsat,0.9544222354888916
test_files_quantifiers/covidfree/covidfree.sleec,redundancy,4,unknown (TIMEOUT),20.03057026863098
test_files_quantifiers/covidfree/covidfree.sleec,redundancy,5,unsat,0.03476977348327637
test_files_quantifiers/covidfree/covidfree.sleec,redundancy,6,unknown (TIMEOUT),20.013203382492065
test_files_quantifiers/covidfree/covidfree.sleec,redundancy,7,unknown (TIMEOUT),20.502556800842285
test_files_quantifiers/covidfree/covidfree.sleec,redundancy,8,unknown (TIMEOUT),20.000109434127808
test_files_quantifiers/covidfree/covidfree.sleec,redundancy,9,unknown (TIMEOUT),20.01737093925476
test_files_quantifiers/covidfree/covidfree.sleec,redundancy,10,unknown (TIMEOUT),20.000559329986572
test_files_quantifiers/covidfree/covidfree.sleec,redundancy,11,unknown (TIMEOUT),20.01404619216919
test_files_quantifiers/covidfree/covidfree.sleec,redundancy,12,unsat,1.0854902267456055
test_files_quantifiers/covidfree/covidfree.sleec,redundancy,13,unknown (TIMEOUT),20.385234832763672
test_files_quantifiers/covidfree/covidfree.sleec,redundancy,14,unknown (TIMEOUT),20.45321822166443
test_files_quantifiers/covidfree/covidfree.sleec,redundancy,15,unsat,0.7266926765441895
test_files_quantifiers/covidfree/covidfree.sleec,redundancy,16,unsat,0.28999948501586914
test_files_quantifiers/covidfree/covidfree.sleec,redundancy,17,unsat,1.1154475212097168
test_files_quantifiers/covidfree/covidfree.sleec,redundancy,18,unknown (TIMEOUT),20.394991397857666
test_files_quantifiers/covidfree/covidfree.sleec,redundancy,19,unsat,0.32785892486572266
test_files_quantifiers/covidfree/covidfree.sleec,redundancy,20,unknown (TIMEOUT),20.40221071243286
test_files_quantifiers/covidfree/covidfree.sleec,redundancy,21,unknown (TIMEOUT),20.013103485107422
test_files_quantifiers/covidfree/covidfree.sleec,redundancy,22,unknown (TIMEOUT),20.311229944229126
test_files_quantifiers/covidfree/covidfree.sleec,redundancy,23,unknown (TIMEOUT),20.001879930496216
test_files_quantifiers/covidfree/covidfree.sleec,redundancy,24,unknown (TIMEOUT),20.561901330947876
test_files_quantifiers/covidfree/covidfree.sleec,conflict,0,unknown (TIMEOUT),20.645987272262573
test_files_quantifiers/covidfree/covidfree.sleec,conflict,1,unknown (TIMEOUT),20.02991247177124
test_files_quantifiers/covidfree/covidfree.sleec,conflict,2,unsat,1.0262436866760254
test_files_quantifiers/covidfree/covidfree.sleec,conflict,3,unsat,2.274313449859619
test_files_quantifiers/covidfree/covidfree.sleec,conflict,4,unknown (TIMEOUT),20.123931884765625
test_files_quantifiers/covidfree/covidfree.sleec,conflict,5,unsat,0.10316610336303711
test_files_quantifiers/covidfree/covidfree.sleec,conflict,6,unknown (TIMEOUT),20.123708248138428
test_files_quantifiers/covidfree/covidfree.sleec,conflict,7,unsat,0.10374903678894043
test_files_quantifiers/covidfree/covidfree.sleec,conflict,8,unknown (TIMEOUT),20.00863742828369
test_files_quantifiers/covidfree/covidfree.sleec,conflict,9,unknown (TIMEOUT),20.01787781715393
test_files_quantifiers/covidfree/covidfree.sleec,conflict,10,unsat,0.3349285125732422
test_files_quantifiers/covidfree/covidfree.sleec,conflict,11,unknown (TIMEOUT),20.0277898311615
test_files_quantifiers/covidfree/covidfree.sleec,conflict,12,unsat,2.2997801303863525
test_files_quantifiers/covidfree/covidfree.sleec,conflict,13,unknown (TIMEOUT),20.019330739974976
test_files_quantifiers/covidfree/covidfree.sleec,conflict,14,unknown (TIMEOUT),20.392740726470947
test_files_quantifiers/covidfree/covidfree.sleec,conflict,15,unsat,0.8017904758453369
test_files_quantifiers/covidfree/covidfree.sleec,conflict,16,unsat,2.395534038543701
test_files_quantifiers/covidfree/covidfree.sleec,conflict,17,unsat,2.3766701221466064
test_files_quantifiers/covidfree/covidfree.sleec,conflict,18,unknown (TIMEOUT),20.000351905822754
test_files_quantifiers/covidfree/covidfree.sleec,conflict,19,unsat,2.350287914276123
test_files_quantifiers/covidfree/covidfree.sleec,conflict,20,unknown (TIMEOUT),20.163195371627808
test_files_quantifiers/covidfree/covidfree.sleec,conflict,21,unknown (TIMEOUT),20.00240921974182
test_files_quantifiers/covidfree/covidfree.sleec,conflict,22,unknown (TIMEOUT),20.08927607536316
test_files_quantifiers/covidfree/covidfree.sleec,conflict,23,unknown (TIMEOUT),20.083938360214233
test_files_quantifiers/covidfree/covidfree.sleec,conflict,24,unknown (TIMEOUT),20.007216930389404
test_files_quantifiers/covidfree/manual.sleec,redundancy,0,unknown (TIMEOUT),20.024280309677124
test_files_quantifiers/covidfree/manual.sleec,redundancy,1,unknown (TIMEOUT),20.655853033065796
test_files_quantifiers/covidfree/manual.sleec,redundancy,2,unknown (TIMEOUT),20.000214099884033
test_files_quantifiers/covidfree/manual.sleec,redundancy,3,unknown (TIMEOUT),20.10141372680664
test_files_quantifiers/covidfree/manual.sleec,redundancy,4,unknown (TIMEOUT),20.02011227607727
test_files_quantifiers/covidfree/manual.sleec,redundancy,5,unknown (TIMEOUT),20.85335111618042
test_files_quantifiers/covidfree/manual.sleec,redundancy,6,unknown (TIMEOUT),20.006937742233276
test_files_quantifiers/covidfree/manual.sleec,redundancy,7,unknown (TIMEOUT),20.052146673202515
test_files_quantifiers/covidfree/manual.sleec,redundancy,8,unknown (TIMEOUT),20.0006902217865
test_files_quantifiers/covidfree/manual.sleec,redundancy,9,unknown (TIMEOUT),20.379310131072998
test_files_quantifiers/covidfree/manual.sleec,redundancy,10,unknown (TIMEOUT),20.000293493270874
test_files_quantifiers/covidfree/manual.sleec,redundancy,11,unknown (TIMEOUT),20.000751733779907
test_files_quantifiers/covidfree/manual.sleec,redundancy,12,unknown (TIMEOUT),20.826656341552734
test_files_quantifiers/covidfree/manual.sleec,redundancy,13,unknown (TIMEOUT),20.00601553916931
test_files_quantifiers/covidfree/manual.sleec,redundancy,14,unknown (TIMEOUT),20.000087022781372
test_files_quantifiers/covidfree/manual.sleec,redundancy,15,unknown (TIMEOUT),20.020062923431396
test_files_quantifiers/covidfree/manual.sleec,redundancy,16,unknown (TIMEOUT),20.019838333129883
test_files_quantifiers/covidfree/manual.sleec,redundancy,17,unknown (TIMEOUT),20.009294748306274
test_files_quantifiers/covidfree/manual.sleec,redundancy,18,unknown (TIMEOUT),20.03036856651306
test_files_quantifiers/covidfree/manual.sleec,conflict,0,unknown (TIMEOUT),20.306092739105225
test_files_quantifiers/covidfree/manual.sleec,conflict,1,unknown (TIMEOUT),20.43292760848999
test_files_quantifiers/covidfree/manual.sleec,conflict,2,unknown (TIMEOUT),20.092630624771118
test_files_quantifiers/covidfree/manual.sleec,conflict,3,unknown (TIMEOUT),20.767812490463257
test_files_quantifiers/covidfree/manual.sleec,conflict,4,unknown (TIMEOUT),20.000213623046875
test_files_quantifiers/covidfree/manual.sleec,conflict,5,unknown (TIMEOUT),20.544058561325073
test_files_quantifiers/covidfree/manual.sleec,conflict,6,unknown (TIMEOUT),20.035581827163696
test_files_quantifiers/covidfree/manual.sleec,conflict,7,unknown (TIMEOUT),20.012670278549194
test_files_quantifiers/covidfree/manual.sleec,conflict,8,unknown (TIMEOUT),20.03494954109192
test_files_quantifiers/covidfree/manual.sleec,conflict,9,unknown (TIMEOUT),20.544628381729126
test_files_quantifiers/covidfree/manual.sleec,conflict,10,unknown (TIMEOUT),20.00093674659729
test_files_quantifiers/covidfree/manual.sleec,conflict,11,unknown (TIMEOUT),20.023165702819824
test_files_quantifiers/covidfree/manual.sleec,conflict,12,unknown (TIMEOUT),20.01570200920105
test_files_quantifiers/covidfree/manual.sleec,conflict,13,unknown (TIMEOUT),20.000052452087402
test_files_quantifiers/covidfree/manual.sleec,conflict,14,unknown (TIMEOUT),20.036033391952515
test_files_quantifiers/covidfree/manual.sleec,conflict,15,unknown (TIMEOUT),20.000359058380127
test_files_quantifiers/covidfree/manual.sleec,conflict,16,unknown (TIMEOUT),20.01884651184082
test_files_quantifiers/covidfree/manual.sleec,conflict,17,unknown (TIMEOUT),20.56511640548706
test_files_quantifiers/covidfree/manual.sleec,conflict,18,unknown (TIMEOUT),20.00034761428833
test_files_quantifiers/ASPEN/aspen.sleec,redundancy,0,unknown (TIMEOUT),20.029380798339844
test_files_quantifiers/ASPEN/aspen.sleec,redundancy,1,unknown (TIMEOUT),20.286296844482422
test_files_quantifiers/ASPEN/aspen.sleec,redundancy,2,unknown (TIMEOUT),20.000250816345215
test_files_quantifiers/ASPEN/aspen.sleec,redundancy,3,unknown (TIMEOUT),20.481188535690308
test_files_quantifiers/ASPEN/aspen.sleec,redundancy,4,unknown (TIMEOUT),20.003496885299683
test_files_quantifiers/ASPEN/aspen.sleec,redundancy,5,unknown (TIMEOUT),20.00495982170105
test_files_quantifiers/ASPEN/aspen.sleec,redundancy,6,unknown (TIMEOUT),20.020739316940308
test_files_quantifiers/ASPEN/aspen.sleec,redundancy,7,unknown (TIMEOUT),20.187283754348755
test_files_quantifiers/ASPEN/aspen.sleec,redundancy,8,unknown (TIMEOUT),20.41593337059021
test_files_quantifiers/ASPEN/aspen.sleec,redundancy,9,unknown (TIMEOUT),20.02812957763672
test_files_quantifiers/ASPEN/aspen.sleec,redundancy,10,unknown (TIMEOUT),20.2042076587677
test_files_quantifiers/ASPEN/aspen.sleec,redundancy,11,unknown (TIMEOUT),20.00021457672119
test_files_quantifiers/ASPEN/aspen.sleec,redundancy,12,unknown (TIMEOUT),20.19021224975586
test_files_quantifiers/ASPEN/aspen.sleec,redundancy,13,unknown (TIMEOUT),20.46721363067627
test_files_quantifiers/ASPEN/aspen.sleec,redundancy,14,unknown (TIMEOUT),20.862419366836548
test_files_quantifiers/ASPEN/aspen.sleec,redundancy,15,unknown (TIMEOUT),20.00084924697876
test_files_quantifiers/ASPEN/aspen.sleec,redundancy,16,unknown (TIMEOUT),20.864132165908813
test_files_quantifiers/ASPEN/aspen.sleec,redundancy,17,unknown (TIMEOUT),20.638837337493896
test_files_quantifiers/ASPEN/aspen.sleec,redundancy,18,unknown (TIMEOUT),20.255812168121338
test_files_quantifiers/ASPEN/aspen.sleec,redundancy,19,unknown (TIMEOUT),20.0003023147583
test_files_quantifiers/ASPEN/aspen.sleec,redundancy,20,unknown (TIMEOUT),20.0006206035614
test_files_quantifiers/ASPEN/aspen.sleec,redundancy,21,unsat,0.8333268165588379
test_files_quantifiers/ASPEN/aspen.sleec,redundancy,22,unknown (TIMEOUT),20.064346075057983
test_files_quantifiers/ASPEN/aspen.sleec,conflict,0,unknown (TIMEOUT),20.000171184539795
test_files_quantifiers/ASPEN/aspen.sleec,conflict,1,unknown (TIMEOUT),20.00013256072998
test_files_quantifiers/ASPEN/aspen.sleec,conflict,2,unknown (TIMEOUT),20.702849864959717
test_files_quantifiers/ASPEN/aspen.sleec,conflict,3,unknown (TIMEOUT),20.0234215259552
test_files_quantifiers/ASPEN/aspen.sleec,conflict,4,unknown (TIMEOUT),20.010398626327515
test_files_quantifiers/ASPEN/aspen.sleec,conflict,5,unknown (TIMEOUT),20.062974214553833
test_files_quantifiers/ASPEN/aspen.sleec,conflict,6,unknown (TIMEOUT),20.795100927352905
test_files_quantifiers/ASPEN/aspen.sleec,conflict,7,unknown (TIMEOUT),20.030925512313843
test_files_quantifiers/ASPEN/aspen.sleec,conflict,8,unknown (TIMEOUT),20.011969566345215
test_files_quantifiers/ASPEN/aspen.sleec,conflict,9,unknown (TIMEOUT),20.027310371398926
test_files_quantifiers/ASPEN/aspen.sleec,conflict,10,unknown (TIMEOUT),20.150368213653564
test_files_quantifiers/ASPEN/aspen.sleec,conflict,11,unknown (TIMEOUT),20.023738622665405
test_files_quantifiers/ASPEN/aspen.sleec,conflict,12,unknown (TIMEOUT),20.14755606651306
test_files_quantifiers/ASPEN/aspen.sleec,conflict,13,unknown (TIMEOUT),20.01270842552185
test_files_quantifiers/ASPEN/aspen.sleec,conflict,14,unknown (TIMEOUT),20.00012230873108
test_files_quantifiers/ASPEN/aspen.sleec,conflict,15,unknown (TIMEOUT),20.000873804092407
test_files_quantifiers/ASPEN/aspen.sleec,conflict,16,unknown (TIMEOUT),20.310526132583618
test_files_quantifiers/ASPEN/aspen.sleec,conflict,17,unknown (TIMEOUT),20.883615970611572
test_files_quantifiers/ASPEN/aspen.sleec,conflict,18,unknown (TIMEOUT),20.36111569404602
test_files_quantifiers/ASPEN/aspen.sleec,conflict,19,unknown (TIMEOUT),20.068671703338623
test_files_quantifiers/ASPEN/aspen.sleec,conflict,20,unknown (TIMEOUT),20.00029420852661
test_files_quantifiers/ASPEN/aspen.sleec,conflict,21,unknown (TIMEOUT),20.004770755767822
test_files_quantifiers/ASPEN/aspen.sleec,conflict,22,unknown (TIMEOUT),20.00017499923706
test_files_quantifiers/ASPEN/aspen.sleec,concern,0,unsat,0.2873356342315674
test_files_quantifiers/ASPEN/aspen.sleec,concern,1,unsat,0.2142946720123291
test_files_quantifiers/ASPEN/aspen.sleec,concern,2,unsat,0.06326723098754883
test_files_quantifiers/ASPEN/aspen.sleec,concern,3,unknown (TIMEOUT),20.001068830490112
test_files_quantifiers/ASPEN/aspen.sleec,concern,4,unknown (TIMEOUT),20.00150179862976
test_files_quantifiers/ASPEN/aspen.sleec,concern,5,unsat,0.09149384498596191
test_files_quantifiers/ASPEN/aspen.sleec,concern,6,unknown (TIMEOUT),20.02259850502014
test_files_quantifiers/ASPEN/aspen.sleec,concern,7,unknown (TIMEOUT),20.18098521232605
test_files_quantifiers/ASPEN/aspen-corrected.sleec,redundancy,0,unknown (TIMEOUT),20.2517671585083
test_files_quantifiers/ASPEN/aspen-corrected.sleec,redundancy,1,unknown (TIMEOUT),20.000328540802002
test_files_quantifiers/ASPEN/aspen-corrected.sleec,redundancy,2,unknown (TIMEOUT),20.428248405456543
test_files_quantifiers/ASPEN/aspen-corrected.sleec,redundancy,3,unknown (TIMEOUT),20.389322757720947
test_files_quantifiers/ASPEN/aspen-corrected.sleec,redundancy,4,unknown (TIMEOUT),20.010302782058716
test_files_quantifiers/ASPEN/aspen-corrected.sleec,redundancy,5,unknown (TIMEOUT),20.023942947387695
test_files_quantifiers/ASPEN/aspen-corrected.sleec,redundancy,6,unknown (TIMEOUT),20.532660961151123
test_files_quantifiers/ASPEN/aspen-corrected.sleec,redundancy,7,unknown (TIMEOUT),20.00827693939209
test_files_quantifiers/ASPEN/aspen-corrected.sleec,redundancy,8,unknown (TIMEOUT),20.089612007141113
test_files_quantifiers/ASPEN/aspen-corrected.sleec,redundancy,9,unknown (TIMEOUT),20.022050619125366
test_files_quantifiers/ASPEN/aspen-corrected.sleec,redundancy,10,unknown (TIMEOUT),20.00229573249817
test_files_quantifiers/ASPEN/aspen-corrected.sleec,redundancy,11,unknown (TIMEOUT),20.00956630706787
test_files_quantifiers/ASPEN/aspen-corrected.sleec,redundancy,12,unknown (TIMEOUT),20.010700941085815
test_files_quantifiers/ASPEN/aspen-corrected.sleec,redundancy,13,unknown (TIMEOUT),20.000213861465454
test_files_quantifiers/ASPEN/aspen-corrected.sleec,redundancy,14,unknown (TIMEOUT),20.103489875793457
test_files_quantifiers/ASPEN/aspen-corrected.sleec,redundancy,15,unknown (TIMEOUT),20.365387678146362
test_files_quantifiers/ASPEN/aspen-corrected.sleec,redundancy,16,unknown (TIMEOUT),20.124545574188232
test_files_quantifiers/ASPEN/aspen-corrected.sleec,redundancy,17,unknown (TIMEOUT),20.29984188079834
test_files_quantifiers/ASPEN/aspen-corrected.sleec,redundancy,18,unknown (TIMEOUT),20.00767421722412
test_files_quantifiers/ASPEN/aspen-corrected.sleec,redundancy,19,unknown (TIMEOUT),20.014885425567627
test_files_quantifiers/ASPEN/aspen-corrected.sleec,redundancy,20,unknown (TIMEOUT),20.09748673439026
test_files_quantifiers/ASPEN/aspen-corrected.sleec,redundancy,21,unknown (TIMEOUT),20.000200271606445
test_files_quantifiers/ASPEN/aspen-corrected.sleec,redundancy,22,unknown (TIMEOUT),20.691530466079712
test_files_quantifiers/ASPEN/aspen-corrected.sleec,redundancy,23,unknown (TIMEOUT),20.106334686279297
test_files_quantifiers/ASPEN/aspen-corrected.sleec,redundancy,24,unknown (TIMEOUT),20.005505800247192
test_files_quantifiers/ASPEN/aspen-corrected.sleec,conflict,0,unknown (TIMEOUT),20.010008096694946
test_files_quantifiers/ASPEN/aspen-corrected.sleec,conflict,1,unknown (TIMEOUT),20.02851414680481
test_files_quantifiers/ASPEN/aspen-corrected.sleec,conflict,2,unknown (TIMEOUT),20.000240564346313
test_files_quantifiers/ASPEN/aspen-corrected.sleec,conflict,3,unknown (TIMEOUT),20.00013566017151
test_files_quantifiers/ASPEN/aspen-corrected.sleec,conflict,4,unknown (TIMEOUT),20.011737823486328
test_files_quantifiers/ASPEN/aspen-corrected.sleec,conflict,5,unknown (TIMEOUT),20.011439561843872
test_files_quantifiers/ASPEN/aspen-corrected.sleec,conflict,6,unknown (TIMEOUT),20.091341972351074
test_files_quantifiers/ASPEN/aspen-corrected.sleec,conflict,7,unknown (TIMEOUT),20.01976442337036
test_files_quantifiers/ASPEN/aspen-corrected.sleec,conflict,8,unknown (TIMEOUT),20.08130669593811
test_files_quantifiers/ASPEN/aspen-corrected.sleec,conflict,9,unknown (TIMEOUT),20.688058614730835
test_files_quantifiers/ASPEN/aspen-corrected.sleec,conflict,10,unknown (TIMEOUT),20.00113606452942
test_files_quantifiers/ASPEN/aspen-corrected.sleec,conflict,11,unknown (TIMEOUT),20.00467848777771
test_files_quantifiers/ASPEN/aspen-corrected.sleec,conflict,12,unknown (TIMEOUT),20.008275747299194
test_files_quantifiers/ASPEN/aspen-corrected.sleec,conflict,13,unknown (TIMEOUT),20.00009536743164
test_files_quantifiers/ASPEN/aspen-corrected.sleec,conflict,14,unknown (TIMEOUT),20.660043478012085
test_files_quantifiers/ASPEN/aspen-corrected.sleec,conflict,15,unknown (TIMEOUT),20.737870693206787
test_files_quantifiers/ASPEN/aspen-corrected.sleec,conflict,16,unknown (TIMEOUT),20.49764394760132
test_files_quantifiers/ASPEN/aspen-corrected.sleec,conflict,17,unknown (TIMEOUT),20.541672706604004
test_files_quantifiers/ASPEN/aspen-corrected.sleec,conflict,18,unknown (TIMEOUT),20.01427984237671
test_files_quantifiers/ASPEN/aspen-corrected.sleec,conflict,19,unknown (TIMEOUT),20.571772575378418
test_files_quantifiers/ASPEN/aspen-corrected.sleec,conflict,20,unknown (TIMEOUT),20.325377225875854
test_files_quantifiers/ASPEN/aspen-corrected.sleec,conflict,21,unknown (TIMEOUT),20.027456998825073
test_files_quantifiers/ASPEN/aspen-corrected.sleec,conflict,22,unknown (TIMEOUT),20.217499256134033
test_files_quantifiers/ASPEN/aspen-corrected.sleec,conflict,23,unknown (TIMEOUT),20.00217843055725
test_files_quantifiers/ASPEN/aspen-corrected.sleec,conflict,24,unknown (TIMEOUT),20.018640518188477
test_files_quantifiers/ASPEN/aspen-corrected.sleec,concern,0,unsat,0.43895745277404785
test_files_quantifiers/ASPEN/aspen-corrected.sleec,concern,1,unsat,0.22634577751159668
test_files_quantifiers/ASPEN/aspen-corrected.sleec,concern,2,unsat,0.18689227104187012
test_files_quantifiers/ASPEN/aspen-corrected.sleec,concern,3,unsat,0.17537474632263184
test_files_quantifiers/ASPEN/aspen-corrected.sleec,concern,4,unsat,0.4078071117401123
test_files_quantifiers/ASPEN/aspen-corrected.sleec,concern,5,unsat,0.10257673263549805
test_files_quantifiers/ASPEN/aspen-corrected.sleec,concern,6,unsat,0.022554397583007812
test_files_quantifiers/ASPEN/aspen-corrected.sleec,concern,7,unsat,0.02583169937133789
test_files_quantifiers/BSN/BSN.sleec,redundancy,0,unknown (TIMEOUT),20.000446319580078
test_files_quantifiers/BSN/BSN.sleec,redundancy,1,unknown (TIMEOUT),20.00046682357788
test_files_quantifiers/BSN/BSN.sleec,redundancy,2,unknown (TIMEOUT),20.000224351882935
test_files_quantifiers/BSN/BSN.sleec,redundancy,3,unknown (TIMEOUT),20.00016164779663
test_files_quantifiers/BSN/BSN.sleec,redundancy,4,unknown (TIMEOUT),20.000482082366943
test_files_quantifiers/BSN/BSN.sleec,redundancy,5,unknown (TIMEOUT),20.009251832962036
test_files_quantifiers/BSN/BSN.sleec,redundancy,6,unknown (TIMEOUT),20.00112771987915
test_files_quantifiers/BSN/BSN.sleec,redundancy,7,unknown (TIMEOUT),20.158299207687378
test_files_quantifiers/BSN/BSN.sleec,redundancy,8,unknown (TIMEOUT),20.000370025634766
test_files_quantifiers/BSN/BSN.sleec,redundancy,9,unknown (TIMEOUT),20.000264167785645
test_files_quantifiers/BSN/BSN.sleec,redundancy,10,unknown (TIMEOUT),20.04891061782837
test_files_quantifiers/BSN/BSN.sleec,redundancy,11,unknown (TIMEOUT),20.07367515563965
test_files_quantifiers/BSN/BSN.sleec,redundancy,12,unknown (TIMEOUT),20.001541137695312
test_files_quantifiers/BSN/BSN.sleec,redundancy,13,unknown (TIMEOUT),20.11049175262451
test_files_quantifiers/BSN/BSN.sleec,redundancy,14,unknown (TIMEOUT),20.03304123878479
test_files_quantifiers/BSN/BSN.sleec,redundancy,15,unknown (TIMEOUT),20.053295850753784
test_files_quantifiers/BSN/BSN.sleec,redundancy,16,unknown (TIMEOUT),20.308509349822998
test_files_quantifiers/BSN/BSN.sleec,redundancy,17,unknown (TIMEOUT),20.04164981842041
test_files_quantifiers/BSN/BSN.sleec,redundancy,18,unknown (TIMEOUT),20.000255346298218
test_files_quantifiers/BSN/BSN.sleec,redundancy,19,unknown (TIMEOUT),20.000405073165894
test_files_quantifiers/BSN/BSN.sleec,redundancy,20,unknown (TIMEOUT),20.000362873077393
test_files_quantifiers/BSN/BSN.sleec,redundancy,21,unknown (TIMEOUT),20.00050663948059
test_files_quantifiers/BSN/BSN.sleec,redundancy,22,unknown (TIMEOUT),20.021071434020996
test_files_quantifiers/BSN/BSN.sleec,redundancy,23,unknown (TIMEOUT),20.000099658966064
test_files_quantifiers/BSN/BSN.sleec,redundancy,24,unknown (TIMEOUT),20.043910026550293
test_files_quantifiers/BSN/BSN.sleec,redundancy,25,unknown (TIMEOUT),20.0004243850708
test_files_quantifiers/BSN/BSN.sleec,redundancy,26,unknown (TIMEOUT),20.024795532226562
test_files_quantifiers/BSN/BSN.sleec,redundancy,27,unknown (TIMEOUT),20.001384973526
test_files_quantifiers/BSN/BSN.sleec,redundancy,28,unknown (TIMEOUT),20.0263409614563
test_files_quantifiers/BSN/BSN.sleec,conflict,0,unknown (TIMEOUT),20.01827836036682
test_files_quantifiers/BSN/BSN.sleec,conflict,1,unknown (TIMEOUT),20.00035309791565
test_files_quantifiers/BSN/BSN.sleec,conflict,2,unknown (TIMEOUT),20.00006866455078
test_files_quantifiers/BSN/BSN.sleec,conflict,3,unknown (TIMEOUT),20.00051712989807
test_files_quantifiers/BSN/BSN.sleec,conflict,4,unknown (TIMEOUT),20.000179767608643
test_files_quantifiers/BSN/BSN.sleec,conflict,5,unknown (TIMEOUT),20.16621494293213
test_files_quantifiers/BSN/BSN.sleec,conflict,6,unknown (TIMEOUT),20.29819965362549
test_files_quantifiers/BSN/BSN.sleec,conflict,7,unknown (TIMEOUT),20.00035858154297
test_files_quantifiers/BSN/BSN.sleec,conflict,8,unknown (TIMEOUT),20.000408172607422
test_files_quantifiers/BSN/BSN.sleec,conflict,9,unknown (TIMEOUT),20.348432302474976
test_files_quantifiers/BSN/BSN.sleec,conflict,10,unknown (TIMEOUT),20.000500202178955
test_files_quantifiers/BSN/BSN.sleec,conflict,11,unknown (TIMEOUT),20.153095722198486
test_files_quantifiers/BSN/BSN.sleec,conflict,12,unknown (TIMEOUT),20.104792833328247
test_files_quantifiers/BSN/BSN.sleec,conflict,13,unknown (TIMEOUT),20.000590085983276
test_files_quantifiers/BSN/BSN.sleec,conflict,14,unknown (TIMEOUT),20.000434637069702
test_files_quantifiers/BSN/BSN.sleec,conflict,15,unknown (TIMEOUT),20.00006651878357
test_files_quantifiers/BSN/BSN.sleec,conflict,16,unknown (TIMEOUT),20.000146627426147
test_files_quantifiers/BSN/BSN.sleec,conflict,17,unknown (TIMEOUT),20.000219345092773
test_files_quantifiers/BSN/BSN.sleec,conflict,18,unknown (TIMEOUT),20.04754328727722
test_files_quantifiers/BSN/BSN.sleec,conflict,19,unknown (TIMEOUT),20.01533269882202
test_files_quantifiers/BSN/BSN.sleec,conflict,20,unknown (TIMEOUT),20.00063133239746
test_files_quantifiers/BSN/BSN.sleec,conflict,21,unknown (TIMEOUT),20.00039553642273
test_files_quantifiers/BSN/BSN.sleec,conflict,22,unknown (TIMEOUT),20.00043249130249
test_files_quantifiers/BSN/BSN.sleec,conflict,23,unknown (TIMEOUT),20.036930084228516
test_files_quantifiers/BSN/BSN.sleec,conflict,24,unknown (TIMEOUT),20.000468969345093
test_files_quantifiers/BSN/BSN.sleec,conflict,25,unknown (TIMEOUT),20.000452041625977
test_files_quantifiers/BSN/BSN.sleec,conflict,26,unknown (TIMEOUT),20.000167846679688
test_files_quantifiers/BSN/BSN.sleec,conflict,27,unknown (TIMEOUT),20.001200914382935
test_files_quantifiers/BSN/BSN.sleec,conflict,28,unknown (TIMEOUT),20.061365842819214
test_files_quantifiers/BSN/BSN.sleec,concern,0,unsat,0.2923562526702881
test_files_quantifiers/BSN/BSN.sleec,concern,1,unknown (TIMEOUT),20.073742866516113
test_files_quantifiers/BSN/BSN.sleec,concern,2,unsat,0.056890010833740234
test_files_quantifiers/BSN/BSN.sleec,concern,3,unsat,0.029071331024169922
test_files_quantifiers/BSN/BSN.sleec,concern,4,unsat,6.937319040298462
test_files_quantifiers/BSN/BSN.sleec,concern,5,unsat,0.032926321029663086
test_files_quantifiers/BSN/BSN.sleec,concern,6,unsat,0.09874558448791504
test_files_quantifiers/BSN/BSN.sleec,concern,7,unknown (TIMEOUT),20.00035285949707
test_files_quantifiers/BSN/BSN.sleec,concern,8,unknown (TIMEOUT),20.00027060508728
test_files_quantifiers/BSN/BSN-corrected.sleec,redundancy,0,unknown (TIMEOUT),20.071845531463623
test_files_quantifiers/BSN/BSN-corrected.sleec,redundancy,1,unknown (TIMEOUT),20.042749881744385
test_files_quantifiers/BSN/BSN-corrected.sleec,redundancy,2,unknown (TIMEOUT),20.00008797645569
test_files_quantifiers/BSN/BSN-corrected.sleec,redundancy,3,unknown (TIMEOUT),20.00160527229309
test_files_quantifiers/BSN/BSN-corrected.sleec,redundancy,4,unknown (TIMEOUT),20.01059317588806
test_files_quantifiers/BSN/BSN-corrected.sleec,redundancy,5,unknown (TIMEOUT),20.002626419067383
test_files_quantifiers/BSN/BSN-corrected.sleec,redundancy,6,unknown (TIMEOUT),20.000530004501343
test_files_quantifiers/BSN/BSN-corrected.sleec,redundancy,7,unknown (TIMEOUT),20.00158667564392
test_files_quantifiers/BSN/BSN-corrected.sleec,redundancy,8,unknown (TIMEOUT),20.014949083328247
test_files_quantifiers/BSN/BSN-corrected.sleec,redundancy,9,unknown (TIMEOUT),20.0003080368042
test_files_quantifiers/BSN/BSN-corrected.sleec,redundancy,10,unknown (TIMEOUT),20.0404953956604
test_files_quantifiers/BSN/BSN-corrected.sleec,redundancy,11,unknown (TIMEOUT),20.000914573669434
test_files_quantifiers/BSN/BSN-corrected.sleec,redundancy,12,unknown (TIMEOUT),20.00044870376587
test_files_quantifiers/BSN/BSN-corrected.sleec,redundancy,13,unknown (TIMEOUT),20.020153284072876
test_files_quantifiers/BSN/BSN-corrected.sleec,redundancy,14,unknown (TIMEOUT),20.0001220703125
test_files_quantifiers/BSN/BSN-corrected.sleec,redundancy,15,unknown (TIMEOUT),20.031100511550903
test_files_quantifiers/BSN/BSN-corrected.sleec,redundancy,16,unknown (TIMEOUT),20.000075340270996
test_files_quantifiers/BSN/BSN-corrected.sleec,redundancy,17,unknown (TIMEOUT),20.022322416305542
test_files_quantifiers/BSN/BSN-corrected.sleec,redundancy,18,unknown (TIMEOUT),20.062227725982666
test_files_quantifiers/BSN/BSN-corrected.sleec,redundancy,19,unknown (TIMEOUT),20.07949948310852
test_files_quantifiers/BSN/BSN-corrected.sleec,redundancy,20,unknown (TIMEOUT),20.18953847885132
test_files_quantifiers/BSN/BSN-corrected.sleec,redundancy,21,unknown (TIMEOUT),20.000295877456665
test_files_quantifiers/BSN/BSN-corrected.sleec,redundancy,22,unknown (TIMEOUT),20.000510215759277
test_files_quantifiers/BSN/BSN-corrected.sleec,redundancy,23,unknown (TIMEOUT),20.00008511543274
test_files_quantifiers/BSN/BSN-corrected.sleec,redundancy,24,unknown (TIMEOUT),20.00016951560974
test_files_quantifiers/BSN/BSN-corrected.sleec,redundancy,25,unknown (TIMEOUT),20.00040888786316
test_files_quantifiers/BSN/BSN-corrected.sleec,redundancy,26,unknown (TIMEOUT),20.000635862350464
test_files_quantifiers/BSN/BSN-corrected.sleec,redundancy,27,unknown (TIMEOUT),20.00141429901123
test_files_quantifiers/BSN/BSN-corrected.sleec,redundancy,28,unknown (TIMEOUT),20.000121593475342
test_files_quantifiers/BSN/BSN-corrected.sleec,redundancy,29,unknown (TIMEOUT),20.051533699035645
test_files_quantifiers/BSN/BSN-corrected.sleec,redundancy,30,unknown (TIMEOUT),20.007428646087646
test_files_quantifiers/BSN/BSN-corrected.sleec,redundancy,31,unknown (TIMEOUT),20.029908895492554
test_files_quantifiers/BSN/BSN-corrected.sleec,conflict,0,unknown (TIMEOUT),20.0317702293396
test_files_quantifiers/BSN/BSN-corrected.sleec,conflict,1,unknown (TIMEOUT),20.00221538543701
test_files_quantifiers/BSN/BSN-corrected.sleec,conflict,2,unknown (TIMEOUT),20.00057315826416
test_files_quantifiers/BSN/BSN-corrected.sleec,conflict,3,unknown (TIMEOUT),20.3865225315094
test_files_quantifiers/BSN/BSN-corrected.sleec,conflict,4,unknown (TIMEOUT),20.078431367874146
test_files_quantifiers/BSN/BSN-corrected.sleec,conflict,5,unknown (TIMEOUT),20.001867055892944
test_files_quantifiers/BSN/BSN-corrected.sleec,conflict,6,unknown (TIMEOUT),20.001973867416382
test_files_quantifiers/BSN/BSN-corrected.sleec,conflict,7,unknown (TIMEOUT),20.000401735305786
test_files_quantifiers/BSN/BSN-corrected.sleec,conflict,8,unknown (TIMEOUT),20.000414848327637
test_files_quantifiers/BSN/BSN-corrected.sleec,conflict,9,unknown (TIMEOUT),20.000219106674194
test_files_quantifiers/BSN/BSN-corrected.sleec,conflict,10,unknown (TIMEOUT),20.02925968170166
test_files_quantifiers/BSN/BSN-corrected.sleec,conflict,11,unknown (TIMEOUT),20.002707481384277
test_files_quantifiers/BSN/BSN-corrected.sleec,conflict,12,unknown (TIMEOUT),20.003759145736694
test_files_quantifiers/BSN/BSN-corrected.sleec,conflict,13,unknown (TIMEOUT),20.372560501098633
test_files_quantifiers/BSN/BSN-corrected.sleec,conflict,14,unknown (TIMEOUT),20.076614141464233
test_files_quantifiers/BSN/BSN-corrected.sleec,conflict,15,unknown (TIMEOUT),20.00038743019104
test_files_quantifiers/BSN/BSN-corrected.sleec,conflict,16,unknown (TIMEOUT),20.260730981826782
test_files_quantifiers/BSN/BSN-corrected.sleec,conflict,17,unknown (TIMEOUT),20.133046865463257
test_files_quantifiers/BSN/BSN-corrected.sleec,conflict,18,unknown (TIMEOUT),20.029221534729004
test_files_quantifiers/BSN/BSN-corrected.sleec,conflict,19,unknown (TIMEOUT),20.00475525856018
test_files_quantifiers/BSN/BSN-corrected.sleec,conflict,20,unknown (TIMEOUT),20.002047300338745
test_files_quantifiers/BSN/BSN-corrected.sleec,conflict,21,unknown (TIMEOUT),20.000357627868652
test_files_quantifiers/BSN/BSN-corrected.sleec,conflict,22,unknown (TIMEOUT),20.00045895576477
test_files_quantifiers/BSN/BSN-corrected.sleec,conflict,23,unknown (TIMEOUT),20.002660989761353
test_files_quantifiers/BSN/BSN-corrected.sleec,conflict,24,unknown (TIMEOUT),20.05435061454773
test_files_quantifiers/BSN/BSN-corrected.sleec,conflict,25,unknown (TIMEOUT),20.004088878631592
test_files_quantifiers/BSN/BSN-corrected.sleec,conflict,26,unknown (TIMEOUT),20.495296478271484
test_files_quantifiers/BSN/BSN-corrected.sleec,conflict,27,unknown (TIMEOUT),20.280232667922974
test_files_quantifiers/BSN/BSN-corrected.sleec,conflict,28,unknown (TIMEOUT),20.01335382461548
test_files_quantifiers/BSN/BSN-corrected.sleec,conflict,29,unknown (TIMEOUT),20.0001003742218
test_files_quantifiers/BSN/BSN-corrected.sleec,conflict,30,unknown (TIMEOUT),20.00374960899353
test_files_quantifiers/BSN/BSN-corrected.sleec,conflict,31,unknown (TIMEOUT),20.01331925392151
test_files_quantifiers/BSN/BSN-corrected.sleec,concern,0,unsat,1.194566011428833
test_files_quantifiers/BSN/BSN-corrected.sleec,concern,1,unsat,0.043231964111328125
test_files_quantifiers/BSN/BSN-corrected.sleec,concern,2,unsat,0.0361790657043457
test_files_quantifiers/BSN/BSN-corrected.sleec,concern,3,unsat,0.035494327545166016
test_files_quantifiers/BSN/BSN-corrected.sleec,concern,4,unsat,2.333620071411133
test_files_quantifiers/BSN/BSN-corrected.sleec,concern,5,unsat,0.038300275802612305
test_files_quantifiers/BSN/BSN-corrected.sleec,concern,6,unsat,0.10576438903808594
test_files_quantifiers/BSN/BSN-corrected.sleec,concern,7,unsat,0.03360891342163086
test_files_quantifiers/BSN/BSN-corrected.sleec,concern,8,unknown (TIMEOUT),20.034475803375244
test_files_quantifiers/CSI/CSI.sleec,redundancy,0,unknown (TIMEOUT),21.021063327789307
test_files_quantifiers/CSI/CSI.sleec,redundancy,1,unknown (TIMEOUT),20.00036859512329
test_files_quantifiers/CSI/CSI.sleec,redundancy,2,unknown (TIMEOUT),20.00015354156494
test_files_quantifiers/CSI/CSI.sleec,redundancy,3,unsat,0.019074201583862305
test_files_quantifiers/CSI/CSI.sleec,redundancy,4,unsat,0.017672061920166016
test_files_quantifiers/CSI/CSI.sleec,redundancy,5,unknown (TIMEOUT),20.000068426132202
test_files_quantifiers/CSI/CSI.sleec,redundancy,6,unknown (TIMEOUT),20.000126123428345
test_files_quantifiers/CSI/CSI.sleec,redundancy,7,unknown (TIMEOUT),20.250998497009277
test_files_quantifiers/CSI/CSI.sleec,redundancy,8,unknown (TIMEOUT),20.31244969367981
test_files_quantifiers/CSI/CSI.sleec,redundancy,9,unknown (TIMEOUT),20.01770544052124
test_files_quantifiers/CSI/CSI.sleec,redundancy,10,unknown (TIMEOUT),20.131248950958252
test_files_quantifiers/CSI/CSI.sleec,redundancy,11,unknown (TIMEOUT),20.430800199508667
test_files_quantifiers/CSI/CSI.sleec,redundancy,12,unknown (TIMEOUT),20.179205894470215
test_files_quantifiers/CSI/CSI.sleec,redundancy,13,unknown (TIMEOUT),20.148765325546265
test_files_quantifiers/CSI/CSI.sleec,redundancy,14,unknown (TIMEOUT),20.120195150375366
test_files_quantifiers/CSI/CSI.sleec,redundancy,15,unknown (TIMEOUT),20.130488395690918
test_files_quantifiers/CSI/CSI.sleec,redundancy,16,unknown (TIMEOUT),20.002155303955078
test_files_quantifiers/CSI/CSI.sleec,redundancy,17,unsat,0.02586960792541504
test_files_quantifiers/CSI/CSI.sleec,redundancy,18,unknown (TIMEOUT),20.022307872772217
test_files_quantifiers/CSI/CSI.sleec,redundancy,19,unknown (TIMEOUT),20.000938892364502
test_files_quantifiers/CSI/CSI.sleec,conflict,0,unknown (TIMEOUT),20.09432077407837
test_files_quantifiers/CSI/CSI.sleec,conflict,1,unknown (TIMEOUT),20.002208709716797
test_files_quantifiers/CSI/CSI.sleec,conflict,2,unknown (TIMEOUT),20.001194715499878
test_files_quantifiers/CSI/CSI.sleec,conflict,3,unknown (TIMEOUT),20.137902975082397
test_files_quantifiers/CSI/CSI.sleec,conflict,4,unknown (TIMEOUT),20.214699268341064
test_files_quantifiers/CSI/CSI.sleec,conflict,5,unknown (TIMEOUT),20.13182282447815
test_files_quantifiers/CSI/CSI.sleec,conflict,6,unknown (TIMEOUT),20.826415538787842
test_files_quantifiers/CSI/CSI.sleec,conflict,7,unknown (TIMEOUT),20.0010244846344
test_files_quantifiers/CSI/CSI.sleec,conflict,8,unknown (TIMEOUT),20.000062704086304
test_files_quantifiers/CSI/CSI.sleec,conflict,9,unknown (TIMEOUT),20.474040031433105
test_files_quantifiers/CSI/CSI.sleec,conflict,10,unknown (TIMEOUT),20.002689123153687
test_files_quantifiers/CSI/CSI.sleec,conflict,11,unknown (TIMEOUT),20.00458073616028
test_files_quantifiers/CSI/CSI.sleec,conflict,12,unknown (TIMEOUT),20.343432426452637
test_files_quantifiers/CSI/CSI.sleec,conflict,13,unknown (TIMEOUT),20.028666019439697
test_files_quantifiers/CSI/CSI.sleec,conflict,14,unknown (TIMEOUT),20.000147819519043
test_files_quantifiers/CSI/CSI.sleec,conflict,15,unknown (TIMEOUT),20.174695014953613
test_files_quantifiers/CSI/CSI.sleec,conflict,16,unknown (TIMEOUT),20.245694875717163
test_files_quantifiers/CSI/CSI.sleec,conflict,17,unknown (TIMEOUT),20.006280422210693
test_files_quantifiers/CSI/CSI.sleec,conflict,18,unknown (TIMEOUT),20.00913143157959
test_files_quantifiers/CSI/CSI.sleec,conflict,19,unknown (TIMEOUT),20.022711038589478
test_files_quantifiers/CSI/CSI.sleec,concern,0,unknown (TIMEOUT),20.000346183776855
test_files_quantifiers/CSI/CSI.sleec,concern,1,unknown (TIMEOUT),20.32779550552368
test_files_quantifiers/CSI/CSI.sleec,concern,2,unknown (TIMEOUT),20.26041293144226
test_files_quantifiers/CSI/CSI.sleec,concern,3,unknown (TIMEOUT),20.017422914505005
test_files_quantifiers/CSI/CSI.sleec,concern,4,unknown (TIMEOUT),20.000182151794434
test_files_quantifiers/CSI/CSI.sleec,concern,5,unknown (TIMEOUT),20.101815223693848
test_files_quantifiers/CSI/CSI.sleec,concern,6,unknown (TIMEOUT),20.025973796844482
test_files_quantifiers/CSI/CSI.sleec,concern,7,unsat,0.01871800422668457
test_files_quantifiers/CSI/CSI-corrected.sleec,redundancy,0,unknown (TIMEOUT),20.005801677703857
test_files_quantifiers/CSI/CSI-corrected.sleec,redundancy,1,unknown (TIMEOUT),20.00354838371277
test_files_quantifiers/CSI/CSI-corrected.sleec,redundancy,2,unknown (TIMEOUT),20.00019645690918
test_files_quantifiers/CSI/CSI-corrected.sleec,redundancy,3,unknown (TIMEOUT),20.020314693450928
test_files_quantifiers/CSI/CSI-corrected.sleec,redundancy,4,unknown (TIMEOUT),20.003156185150146
test_files_quantifiers/CSI/CSI-corrected.sleec,redundancy,5,unknown (TIMEOUT),20.056814670562744
test_files_quantifiers/CSI/CSI-corrected.sleec,redundancy,6,unknown (TIMEOUT),20.166889667510986
test_files_quantifiers/CSI/CSI-corrected.sleec,redundancy,7,unknown (TIMEOUT),20.22390127182007
test_files_quantifiers/CSI/CSI-corrected.sleec,redundancy,8,unknown (TIMEOUT),20.02282214164734
test_files_quantifiers/CSI/CSI-corrected.sleec,redundancy,9,unknown (TIMEOUT),20.00085759162903
test_files_quantifiers/CSI/CSI-corrected.sleec,redundancy,10,unknown (TIMEOUT),20.157963037490845
test_files_quantifiers/CSI/CSI-corrected.sleec,redundancy,11,unknown (TIMEOUT),20.002765893936157
test_files_quantifiers/CSI/CSI-corrected.sleec,redundancy,12,unknown (TIMEOUT),20.210126161575317
test_files_quantifiers/CSI/CSI-corrected.sleec,redundancy,13,unknown (TIMEOUT),20.220085620880127
test_files_quantifiers/CSI/CSI-corrected.sleec,redundancy,14,unknown (TIMEOUT),20.18565273284912
test_files_quantifiers/CSI/CSI-corrected.sleec,redundancy,15,unknown (TIMEOUT),20.005505084991455
test_files_quantifiers/CSI/CSI-corrected.sleec,redundancy,16,unknown (TIMEOUT),20.000101804733276
test_files_quantifiers/CSI/CSI-corrected.sleec,redundancy,17,unknown (TIMEOUT),20.326724529266357
test_files_quantifiers/CSI/CSI-corrected.sleec,redundancy,18,unknown (TIMEOUT),20.0082004070282
test_files_quantifiers/CSI/CSI-corrected.sleec,redundancy,19,unknown (TIMEOUT),20.008241891860962
test_files_quantifiers/CSI/CSI-corrected.sleec,redundancy,20,unknown (TIMEOUT),20.015862941741943
test_files_quantifiers/CSI/CSI-corrected.sleec,redundancy,21,unknown (TIMEOUT),20.02641773223877
test_files_quantifiers/CSI/CSI-corrected.sleec,redundancy,22,unknown (TIMEOUT),20.5296847820282
test_files_quantifiers/CSI/CSI-corrected.sleec,redundancy,23,unknown (TIMEOUT),20.010535955429077
test_files_quantifiers/CSI/CSI-corrected.sleec,redundancy,24,unknown (TIMEOUT),20.202884912490845
test_files_quantifiers/CSI/CSI-corrected.sleec,redundancy,25,unknown (TIMEOUT),20.663470029830933
test_files_quantifiers/CSI/CSI-corrected.sleec,conflict,0,unknown (TIMEOUT),20.26276206970215
test_files_quantifiers/CSI/CSI-corrected.sleec,conflict,1,unknown (TIMEOUT),20.25165319442749
test_files_quantifiers/CSI/CSI-corrected.sleec,conflict,2,unknown (TIMEOUT),20.00023317337036
test_files_quantifiers/CSI/CSI-corrected.sleec,conflict,3,unknown (TIMEOUT),20.008919954299927
test_files_quantifiers/CSI/CSI-corrected.sleec,conflict,4,unknown (TIMEOUT),20.019206047058105
test_files_quantifiers/CSI/CSI-corrected.sleec,conflict,5,unknown (TIMEOUT),20.93368649482727
test_files_quantifiers/CSI/CSI-corrected.sleec,conflict,6,unknown (TIMEOUT),20.000102758407593
test_files_quantifiers/CSI/CSI-corrected.sleec,conflict,7,unknown (TIMEOUT),20.10922861099243
test_files_quantifiers/CSI/CSI-corrected.sleec,conflict,8,unknown (TIMEOUT),20.147579669952393
test_files_quantifiers/CSI/CSI-corrected.sleec,conflict,9,unknown (TIMEOUT),20.366212129592896
test_files_quantifiers/CSI/CSI-corrected.sleec,conflict,10,unknown (TIMEOUT),20.375020027160645
test_files_quantifiers/CSI/CSI-corrected.sleec,conflict,11,unknown (TIMEOUT),20.36680579185486
test_files_quantifiers/CSI/CSI-corrected.sleec,conflict,12,unknown (TIMEOUT),20.298136711120605
test_files_quantifiers/CSI/CSI-corrected.sleec,conflict,13,unknown (TIMEOUT),20.301600217819214
test_files_quantifiers/CSI/CSI-corrected.sleec,conflict,14,unknown (TIMEOUT),20.315115451812744
test_files_quantifiers/CSI/CSI-corrected.sleec,conflict,15,unknown (TIMEOUT),20.003279447555542
test_files_quantifiers/CSI/CSI-corrected.sleec,conflict,16,unknown (TIMEOUT),20.22203540802002
test_files_quantifiers/CSI/CSI-corrected.sleec,conflict,17,unknown (TIMEOUT),20.224437952041626
test_files_quantifiers/CSI/CSI-corrected.sleec,conflict,18,unknown (TIMEOUT),20.005589485168457
test_files_quantifiers/CSI/CSI-corrected.sleec,conflict,19,unknown (TIMEOUT),20.202699184417725
test_files_quantifiers/CSI/CSI-corrected.sleec,conflict,20,unknown (TIMEOUT),20.007230281829834
test_files_quantifiers/CSI/CSI-corrected.sleec,conflict,21,unknown (TIMEOUT),20.39985680580139
test_files_quantifiers/CSI/CSI-corrected.sleec,conflict,22,unknown (TIMEOUT),20.32896137237549
test_files_quantifiers/CSI/CSI-corrected.sleec,conflict,23,unknown (TIMEOUT),20.944266319274902
test_files_quantifiers/CSI/CSI-corrected.sleec,conflict,24,unknown (TIMEOUT),20.000256776809692
test_files_quantifiers/CSI/CSI-corrected.sleec,conflict,25,unknown (TIMEOUT),20.187984228134155
test_files_quantifiers/CSI/CSI-corrected.sleec,concern,0,unsat,0.1558547019958496
test_files_quantifiers/CSI/CSI-corrected.sleec,concern,1,unsat,0.06333518028259277
test_files_quantifiers/CSI/CSI-corrected.sleec,concern,2,unsat,0.019073009490966797
test_files_quantifiers/CSI/CSI-corrected.sleec,concern,3,unknown (TIMEOUT),20.369372606277466
test_files_quantifiers/CSI/CSI-corrected.sleec,concern,4,unsat,0.0250551700592041
test_files_quantifiers/CSI/CSI-corrected.sleec,concern,5,unsat,0.02413034439086914
test_files_quantifiers/CSI/CSI-corrected.sleec,concern,6,unsat,0.018596172332763672
test_files_quantifiers/Autocar/Autocar-corrected.sleec,redundancy,0,unknown (TIMEOUT),20.00047278404236
test_files_quantifiers/Autocar/Autocar-corrected.sleec,redundancy,1,unsat,0.03884768486022949
test_files_quantifiers/Autocar/Autocar-corrected.sleec,redundancy,2,unknown (TIMEOUT),20.000167846679688
test_files_quantifiers/Autocar/Autocar-corrected.sleec,redundancy,3,unknown (TIMEOUT),20.00017809867859
test_files_quantifiers/Autocar/Autocar-corrected.sleec,redundancy,4,unknown (TIMEOUT),20.07791256904602
test_files_quantifiers/Autocar/Autocar-corrected.sleec,redundancy,5,unknown (TIMEOUT),20.000308513641357
test_files_quantifiers/Autocar/Autocar-corrected.sleec,redundancy,6,unknown (TIMEOUT),20.00015377998352
test_files_quantifiers/Autocar/Autocar-corrected.sleec,redundancy,7,unknown (TIMEOUT),20.000333786010742
test_files_quantifiers/Autocar/Autocar-corrected.sleec,redundancy,8,unknown (TIMEOUT),20.000486373901367
test_files_quantifiers/Autocar/Autocar-corrected.sleec,redundancy,9,unknown (TIMEOUT),20.00028085708618
test_files_quantifiers/Autocar/Autocar-corrected.sleec,redundancy,10,unknown (TIMEOUT),20.000358819961548
test_files_quantifiers/Autocar/Autocar-corrected.sleec,redundancy,11,unknown (TIMEOUT),20.000608682632446
test_files_quantifiers/Autocar/Autocar-corrected.sleec,redundancy,12,unknown (TIMEOUT),20.000142574310303
test_files_quantifiers/Autocar/Autocar-corrected.sleec,redundancy,13,unknown (TIMEOUT),20.000161170959473
test_files_quantifiers/Autocar/Autocar-corrected.sleec,redundancy,14,unknown (TIMEOUT),20.00038719177246
test_files_quantifiers/Autocar/Autocar-corrected.sleec,redundancy,15,unknown (TIMEOUT),20.000179767608643
test_files_quantifiers/Autocar/Autocar-corrected.sleec,redundancy,16,unknown (TIMEOUT),20.0047869682312
test_files_quantifiers/Autocar/Autocar-corrected.sleec,redundancy,17,unknown (TIMEOUT),20.030715942382812
test_files_quantifiers/Autocar/Autocar-corrected.sleec,redundancy,18,unknown (TIMEOUT),20.072564840316772
test_files_quantifiers/Autocar/Autocar-corrected.sleec,redundancy,19,unknown (TIMEOUT),20.080231189727783
test_files_quantifiers/Autocar/Autocar-corrected.sleec,redundancy,20,unknown (TIMEOUT),20.085543155670166
test_files_quantifiers/Autocar/Autocar-corrected.sleec,redundancy,21,unknown (TIMEOUT),20.109262704849243
test_files_quantifiers/Autocar/Autocar-corrected.sleec,redundancy,22,unknown (TIMEOUT),20.031068086624146
test_files_quantifiers/Autocar/Autocar-corrected.sleec,redundancy,23,unknown (TIMEOUT),20.172516584396362
test_files_quantifiers/Autocar/Autocar-corrected.sleec,redundancy,24,unknown (TIMEOUT),20.000398635864258
test_files_quantifiers/Autocar/Autocar-corrected.sleec,redundancy,25,unknown (TIMEOUT),20.759802103042603
test_files_quantifiers/Autocar/Autocar-corrected.sleec,redundancy,26,unknown (TIMEOUT),20.0557119846344
test_files_quantifiers/Autocar/Autocar-corrected.sleec,redundancy,27,unsat,0.15515446662902832
test_files_quantifiers/Autocar/Autocar-corrected.sleec,redundancy,28,unknown (TIMEOUT),20.050556182861328
test_files_quantifiers/Autocar/Autocar-corrected.sleec,redundancy,29,unsat,0.04183197021484375
test_files_quantifiers/Autocar/Autocar-corrected.sleec,redundancy,30,unknown (TIMEOUT),20.000263690948486
test_files_quantifiers/Autocar/Autocar-corrected.sleec,redundancy,31,unknown (TIMEOUT),20.00032639503479
test_files_quantifiers/Autocar/Autocar-corrected.sleec,redundancy,32,unknown (TIMEOUT),20.034443378448486
test_files_quantifiers/Autocar/Autocar-corrected.sleec,redundancy,33,unsat,4.974555969238281
test_files_quantifiers/Autocar/Autocar-corrected.sleec,redundancy,34,unsat,0.5687294006347656
test_files_quantifiers/Autocar/Autocar-corrected.sleec,redundancy,35,unknown (TIMEOUT),20.006129026412964
test_files_quantifiers/Autocar/Autocar-corrected.sleec,redundancy,36,unsat,6.6422624588012695
test_files_quantifiers/Autocar/Autocar-corrected.sleec,redundancy,37,unknown (TIMEOUT),20.00009846687317
test_files_quantifiers/Autocar/Autocar-corrected.sleec,redundancy,38,unknown (TIMEOUT),20.00183868408203
test_files_quantifiers/Autocar/Autocar-corrected.sleec,redundancy,39,unsat,4.951934337615967
test_files_quantifiers/Autocar/Autocar-corrected.sleec,redundancy,40,unknown (TIMEOUT),20.003060579299927
test_files_quantifiers/Autocar/Autocar-corrected.sleec,redundancy,41,unknown (TIMEOUT),20.0001277923584
test_files_quantifiers/Autocar/Autocar-corrected.sleec,redundancy,42,unknown (TIMEOUT),20.00008797645569
test_files_quantifiers/Autocar/Autocar-corrected.sleec,redundancy,43,unknown (TIMEOUT),20.000186443328857
test_files_quantifiers/Autocar/Autocar-corrected.sleec,redundancy,44,unknown (TIMEOUT),20.000170469284058
test_files_quantifiers/Autocar/Autocar-corrected.sleec,redundancy,45,unknown (TIMEOUT),20.000365257263184
test_files_quantifiers/Autocar/Autocar-corrected.sleec,conflict,0,unknown (TIMEOUT),20.02752137184143
test_files_quantifiers/Autocar/Autocar-corrected.sleec,conflict,1,unknown (TIMEOUT),20.77803635597229
test_files_quantifiers/Autocar/Autocar-corrected.sleec,conflict,2,unknown (TIMEOUT),20.000151872634888
test_files_quantifiers/Autocar/Autocar-corrected.sleec,conflict,3,unknown (TIMEOUT),20.00011920928955
test_files_quantifiers/Autocar/Autocar-corrected.sleec,conflict,4,unknown (TIMEOUT),20.051300525665283
test_files_quantifiers/Autocar/Autocar-corrected.sleec,conflict,5,unknown (TIMEOUT),20.10502791404724
test_files_quantifiers/Autocar/Autocar-corrected.sleec,conflict,6,unknown (TIMEOUT),20.015334367752075
test_files_quantifiers/Autocar/Autocar-corrected.sleec,conflict,7,unknown (TIMEOUT),20.027037858963013
test_files_quantifiers/Autocar/Autocar-corrected.sleec,conflict,8,unknown (TIMEOUT),20.000293731689453
test_files_quantifiers/Autocar/Autocar-corrected.sleec,conflict,9,unknown (TIMEOUT),20.00023341178894
test_files_quantifiers/Autocar/Autocar-corrected.sleec,conflict,10,unknown (TIMEOUT),20.000239849090576
test_files_quantifiers/Autocar/Autocar-corrected.sleec,conflict,11,unknown (TIMEOUT),20.044133186340332
test_files_quantifiers/Autocar/Autocar-corrected.sleec,conflict,12,unknown (TIMEOUT),20.039707899093628
test_files_quantifiers/Autocar/Autocar-corrected.sleec,conflict,13,unknown (TIMEOUT),21.03922152519226
test_files_quantifiers/Autocar/Autocar-corrected.sleec,conflict,14,unknown (TIMEOUT),20.47369885444641
test_files_quantifiers/Autocar/Autocar-corrected.sleec,conflict,15,unknown (TIMEOUT),20.04330801963806
test_files_quantifiers/Autocar/Autocar-corrected.sleec,conflict,16,unknown (TIMEOUT),20.23563051223755
test_files_quantifiers/Autocar/Autocar-corrected.sleec,conflict,17,unknown (TIMEOUT),20.193315982818604
test_files_quantifiers/Autocar/Autocar-corrected.sleec,conflict,18,unknown (TIMEOUT),20.000076055526733
test_files_quantifiers/Autocar/Autocar-corrected.sleec,conflict,19,unknown (TIMEOUT),20.000319242477417
test_files_quantifiers/Autocar/Autocar-corrected.sleec,conflict,20,unknown (TIMEOUT),20.100736379623413
test_files_quantifiers/Autocar/Autocar-corrected.sleec,conflict,21,unknown (TIMEOUT),20.003512144088745
test_files_quantifiers/Autocar/Autocar-corrected.sleec,conflict,22,unknown (TIMEOUT),20.18625569343567
test_files_quantifiers/Autocar/Autocar-corrected.sleec,conflict,23,unknown (TIMEOUT),20.653465747833252
test_files_quantifiers/Autocar/Autocar-corrected.sleec,conflict,24,unknown (TIMEOUT),20.08230233192444
test_files_quantifiers/Autocar/Autocar-corrected.sleec,conflict,25,unknown (TIMEOUT),20.345345735549927
test_files_quantifiers/Autocar/Autocar-corrected.sleec,conflict,26,unknown (TIMEOUT),20.690865755081177
test_files_quantifiers/Autocar/Autocar-corrected.sleec,conflict,27,unknown (TIMEOUT),20.808282613754272
test_files_quantifiers/Autocar/Autocar-corrected.sleec,conflict,28,unknown (TIMEOUT),20.000393867492676
test_files_quantifiers/Autocar/Autocar-corrected.sleec,conflict,29,unknown (TIMEOUT),20.054980993270874
test_files_quantifiers/Autocar/Autocar-corrected.sleec,conflict,30,unknown (TIMEOUT),20.618138790130615
test_files_quantifiers/Autocar/Autocar-corrected.sleec,conflict,31,unknown (TIMEOUT),20.006107568740845
test_files_quantifiers/Autocar/Autocar-corrected.sleec,conflict,32,unknown (TIMEOUT),20.128352880477905
test_files_quantifiers/Autocar/Autocar-corrected.sleec,conflict,33,unknown (TIMEOUT),20.000114679336548
test_files_quantifiers/Autocar/Autocar-corrected.sleec,conflict,34,unknown (TIMEOUT),20.024240970611572
test_files_quantifiers/Autocar/Autocar-corrected.sleec,conflict,35,unknown (TIMEOUT),20.00123119354248
test_files_quantifiers/Autocar/Autocar-corrected.sleec,conflict,36,unknown (TIMEOUT),20.013587951660156
test_files_quantifiers/Autocar/Autocar-corrected.sleec,conflict,37,unknown (TIMEOUT),20.195502758026123
test_files_quantifiers/Autocar/Autocar-corrected.sleec,conflict,38,unknown (TIMEOUT),20.000592470169067
test_files_quantifiers/Autocar/Autocar-corrected.sleec,conflict,39,unknown (TIMEOUT),20.003632307052612
test_files_quantifiers/Autocar/Autocar-corrected.sleec,conflict,40,unknown (TIMEOUT),20.00035834312439
test_files_quantifiers/Autocar/Autocar-corrected.sleec,conflict,41,unknown (TIMEOUT),20.32478904724121
test_files_quantifiers/Autocar/Autocar-corrected.sleec,conflict,42,unknown (TIMEOUT),20.168306827545166
test_files_quantifiers/Autocar/Autocar-corrected.sleec,conflict,43,unknown (TIMEOUT),20.145591259002686
test_files_quantifiers/Autocar/Autocar-corrected.sleec,conflict,44,unknown (TIMEOUT),20.19262933731079
test_files_quantifiers/Autocar/Autocar-corrected.sleec,conflict,45,unknown (TIMEOUT),20.226982593536377
test_files_quantifiers/Autocar/Autocar-corrected.sleec,concern,0,unknown (TIMEOUT),20.029517889022827
test_files_quantifiers/Autocar/Autocar-corrected.sleec,concern,1,unsat,0.1424872875213623
test_files_quantifiers/Autocar/Autocar-corrected.sleec,concern,2,unsat,0.1383991241455078
test_files_quantifiers/Autocar/Autocar-corrected.sleec,concern,3,unsat,0.13126158714294434
test_files_quantifiers/Autocar/Autocar-corrected.sleec,concern,4,unknown (TIMEOUT),20.01294779777527
test_files_quantifiers/Autocar/Autocar-corrected.sleec,concern,5,unsat,2.071636438369751
test_files_quantifiers/Autocar/Autocar-corrected.sleec,concern,6,unsat,0.10004162788391113
test_files_quantifiers/Autocar/Autocar-corrected.sleec,concern,7,unsat,0.07605195045471191
test_files_quantifiers/Autocar/Autocar-corrected.sleec,concern,8,unsat,0.042963266372680664
test_files_quantifiers/Autocar/Autocar-corrected.sleec,concern,9,unknown (TIMEOUT),20.44706702232361
test_files_quantifiers/Autocar/Autocar-corrected.sleec,concern,10,unsat,0.05165553092956543
test_files_quantifiers/Autocar/Autocar-corrected.sleec,concern,11,unsat,0.5150370597839355
test_files_quantifiers/Autocar/Autocar.sleec,redundancy,0,unknown (TIMEOUT),20.000391960144043
test_files_quantifiers/Autocar/Autocar.sleec,redundancy,1,unknown (TIMEOUT),20.001282215118408
test_files_quantifiers/Autocar/Autocar.sleec,redundancy,2,unknown (TIMEOUT),20.000097036361694
test_files_quantifiers/Autocar/Autocar.sleec,redundancy,3,unknown (TIMEOUT),20.026214122772217
test_files_quantifiers/Autocar/Autocar.sleec,redundancy,4,unknown (TIMEOUT),20.228824853897095
test_files_quantifiers/Autocar/Autocar.sleec,redundancy,5,unknown (TIMEOUT),20.02958631515503
test_files_quantifiers/Autocar/Autocar.sleec,redundancy,6,unknown (TIMEOUT),20.484423398971558
test_files_quantifiers/Autocar/Autocar.sleec,redundancy,7,unknown (TIMEOUT),20.022919416427612
test_files_quantifiers/Autocar/Autocar.sleec,redundancy,8,unknown (TIMEOUT),20.000589847564697
test_files_quantifiers/Autocar/Autocar.sleec,redundancy,9,unknown (TIMEOUT),20.243704319000244
test_files_quantifiers/Autocar/Autocar.sleec,redundancy,10,unknown (TIMEOUT),20.414619207382202
test_files_quantifiers/Autocar/Autocar.sleec,redundancy,11,unknown (TIMEOUT),20.000464916229248
test_files_quantifiers/Autocar/Autocar.sleec,redundancy,12,unknown (TIMEOUT),20.000149250030518
test_files_quantifiers/Autocar/Autocar.sleec,redundancy,13,unknown (TIMEOUT),20.003958225250244
test_files_quantifiers/Autocar/Autocar.sleec,redundancy,14,unknown (TIMEOUT),20.000407695770264
test_files_quantifiers/Autocar/Autocar.sleec,redundancy,15,unknown (TIMEOUT),20.00572371482849
test_files_quantifiers/Autocar/Autocar.sleec,redundancy,16,unknown (TIMEOUT),20.000555753707886
test_files_quantifiers/Autocar/Autocar.sleec,redundancy,17,unknown (TIMEOUT),20.050077199935913
test_files_quantifiers/Autocar/Autocar.sleec,redundancy,18,unknown (TIMEOUT),20.000162601470947
test_files_quantifiers/Autocar/Autocar.sleec,redundancy,19,unknown (TIMEOUT),20.004053354263306
test_files_quantifiers/Autocar/Autocar.sleec,redundancy,20,unknown (TIMEOUT),20.007618188858032
test_files_quantifiers/Autocar/Autocar.sleec,redundancy,21,unknown (TIMEOUT),20.000187158584595
test_files_quantifiers/Autocar/Autocar.sleec,redundancy,22,unknown (TIMEOUT),20.00027084350586
test_files_quantifiers/Autocar/Autocar.sleec,redundancy,23,unknown (TIMEOUT),20.000170707702637
test_files_quantifiers/Autocar/Autocar.sleec,redundancy,24,unknown (TIMEOUT),20.002419471740723
test_files_quantifiers/Autocar/Autocar.sleec,redundancy,25,unknown (TIMEOUT),20.006048440933228
test_files_quantifiers/Autocar/Autocar.sleec,redundancy,26,unsat,5.320093154907227
test_files_quantifiers/Autocar/Autocar.sleec,conflict,0,unknown (TIMEOUT),20.000277042388916
test_files_quantifiers/Autocar/Autocar.sleec,conflict,1,unknown (TIMEOUT),20.000293493270874
test_files_quantifiers/Autocar/Autocar.sleec,conflict,2,unknown (TIMEOUT),20.00010108947754
test_files_quantifiers/Autocar/Autocar.sleec,conflict,3,unknown (TIMEOUT),20.00032925605774
test_files_quantifiers/Autocar/Autocar.sleec,conflict,4,unknown (TIMEOUT),20.01958394050598
test_files_quantifiers/Autocar/Autocar.sleec,conflict,5,unknown (TIMEOUT),20.00271701812744
test_files_quantifiers/Autocar/Autocar.sleec,conflict,6,unknown (TIMEOUT),20.00233006477356
test_files_quantifiers/Autocar/Autocar.sleec,conflict,7,unknown (TIMEOUT),20.02266216278076
test_files_quantifiers/Autocar/Autocar.sleec,conflict,8,unknown (TIMEOUT),20.036001443862915
test_files_quantifiers/Autocar/Autocar.sleec,conflict,9,unknown (TIMEOUT),20.00042152404785
test_files_quantifiers/Autocar/Autocar.sleec,conflict,10,unknown (TIMEOUT),20.011786937713623
test_files_quantifiers/Autocar/Autocar.sleec,conflict,11,unknown (TIMEOUT),20.003142833709717
test_files_quantifiers/Autocar/Autocar.sleec,conflict,12,unknown (TIMEOUT),20.006056308746338
test_files_quantifiers/Autocar/Autocar.sleec,conflict,13,unknown (TIMEOUT),20.0179340839386
test_files_quantifiers/Autocar/Autocar.sleec,conflict,14,unknown (TIMEOUT),20.001709461212158
test_files_quantifiers/Autocar/Autocar.sleec,conflict,15,unknown (TIMEOUT),20.000218868255615
test_files_quantifiers/Autocar/Autocar.sleec,conflict,16,unknown (TIMEOUT),20.013795852661133
test_files_quantifiers/Autocar/Autocar.sleec,conflict,17,unknown (TIMEOUT),20.000123023986816
test_files_quantifiers/Autocar/Autocar.sleec,conflict,18,unknown (TIMEOUT),20.03168773651123
test_files_quantifiers/Autocar/Autocar.sleec,conflict,19,unknown (TIMEOUT),20.207990884780884
test_files_quantifiers/Autocar/Autocar.sleec,conflict,20,unknown (TIMEOUT),20.002061367034912
test_files_quantifiers/Autocar/Autocar.sleec,conflict,21,unknown (TIMEOUT),20.000185251235962
test_files_quantifiers/Autocar/Autocar.sleec,conflict,22,unknown (TIMEOUT),20.042978048324585
test_files_quantifiers/Autocar/Autocar.sleec,conflict,23,unknown (TIMEOUT),20.046936988830566
test_files_quantifiers/Autocar/Autocar.sleec,conflict,24,unknown (TIMEOUT),20.000136137008667
test_files_quantifiers/Autocar/Autocar.sleec,conflict,25,unknown (TIMEOUT),20.080931425094604
test_files_quantifiers/Autocar/Autocar.sleec,conflict,26,unknown (TIMEOUT),20.00043034553528
test_files_quantifiers/Autocar/Autocar.sleec,concern,0,unknown (TIMEOUT),20.06709861755371
test_files_quantifiers/Autocar/Autocar.sleec,concern,1,unknown (TIMEOUT),20.02311372756958
test_files_quantifiers/Autocar/Autocar.sleec,concern,2,unsat,0.13377022743225098
test_files_quantifiers/Autocar/Autocar.sleec,concern,3,unknown (TIMEOUT),20.000113010406494
test_files_quantifiers/Autocar/Autocar.sleec,concern,4,unknown (TIMEOUT),20.000292778015137
test_files_quantifiers/Autocar/Autocar.sleec,concern,5,unknown (TIMEOUT),20.000194549560547
test_files_quantifiers/Autocar/Autocar.sleec,concern,6,unsat,0.07262420654296875
test_files_quantifiers/Autocar/Autocar.sleec,concern,7,unsat,0.056606292724609375
test_files_quantifiers/Autocar/Autocar.sleec,concern,8,unsat,0.029955625534057617
test_files_quantifiers/Autocar/Autocar.sleec,concern,9,unknown (TIMEOUT),20.004507064819336
test_files_quantifiers/Autocar/Autocar.sleec,concern,10,unsat,0.0335690975189209
test_files_quantifiers/Autocar/Autocar.sleec,concern,11,unknown (TIMEOUT),20.000155448913574
test_files_quantifiers/DAISY/Daisy-corrected.sleec,redundancy,0,unknown (TIMEOUT),20.000262022018433
test_files_quantifiers/DAISY/Daisy-corrected.sleec,redundancy,1,unknown (TIMEOUT),20.001907348632812
test_files_quantifiers/DAISY/Daisy-corrected.sleec,redundancy,2,unknown (TIMEOUT),20.000329732894897
test_files_quantifiers/DAISY/Daisy-corrected.sleec,redundancy,3,unknown (TIMEOUT),20.000290393829346
test_files_quantifiers/DAISY/Daisy-corrected.sleec,redundancy,4,unknown (TIMEOUT),20.018920183181763
test_files_quantifiers/DAISY/Daisy-corrected.sleec,redundancy,5,unknown (TIMEOUT),20.001210927963257
test_files_quantifiers/DAISY/Daisy-corrected.sleec,redundancy,6,unknown (TIMEOUT),20.01226806640625
test_files_quantifiers/DAISY/Daisy-corrected.sleec,redundancy,7,unknown (TIMEOUT),20.079283475875854
test_files_quantifiers/DAISY/Daisy-corrected.sleec,redundancy,8,unknown (TIMEOUT),20.000180959701538
test_files_quantifiers/DAISY/Daisy-corrected.sleec,redundancy,9,unknown (TIMEOUT),20.000521421432495
test_files_quantifiers/DAISY/Daisy-corrected.sleec,redundancy,10,unknown (TIMEOUT),20.000492095947266
test_files_quantifiers/DAISY/Daisy-corrected.sleec,redundancy,11,unknown (TIMEOUT),20.000279188156128
test_files_quantifiers/DAISY/Daisy-corrected.sleec,redundancy,12,unknown (TIMEOUT),20.000323057174683
test_files_quantifiers/DAISY/Daisy-corrected.sleec,redundancy,13,unknown (TIMEOUT),20.000547647476196
test_files_quantifiers/DAISY/Daisy-corrected.sleec,redundancy,14,unknown (TIMEOUT),20.014387845993042
test_files_quantifiers/DAISY/Daisy-corrected.sleec,redundancy,15,unknown (TIMEOUT),20.023864269256592
test_files_quantifiers/DAISY/Daisy-corrected.sleec,redundancy,16,unknown (TIMEOUT),20.002268314361572
test_files_quantifiers/DAISY/Daisy-corrected.sleec,redundancy,17,unknown (TIMEOUT),20.00066328048706
test_files_quantifiers/DAISY/Daisy-corrected.sleec,redundancy,18,unknown (TIMEOUT),20.000479698181152
test_files_quantifiers/DAISY/Daisy-corrected.sleec,redundancy,19,unknown (TIMEOUT),20.00031614303589
test_files_quantifiers/DAISY/Daisy-corrected.sleec,redundancy,20,unknown (TIMEOUT),20.000537872314453
test_files_quantifiers/DAISY/Daisy-corrected.sleec,redundancy,21,unknown (TIMEOUT),20.000359058380127
test_files_quantifiers/DAISY/Daisy-corrected.sleec,redundancy,22,unknown (TIMEOUT),20.001376390457153
test_files_quantifiers/DAISY/Daisy-corrected.sleec,redundancy,23,unknown (TIMEOUT),20.00034737586975
test_files_quantifiers/DAISY/Daisy-corrected.sleec,redundancy,24,unknown (TIMEOUT),20.000311613082886
test_files_quantifiers/DAISY/Daisy-corrected.sleec,redundancy,25,unknown (TIMEOUT),20.12567973136902
test_files_quantifiers/DAISY/Daisy-corrected.sleec,redundancy,26,unknown (TIMEOUT),20.007620811462402
test_files_quantifiers/DAISY/Daisy-corrected.sleec,redundancy,27,unknown (TIMEOUT),20.000515937805176
test_files_quantifiers/DAISY/Daisy-corrected.sleec,redundancy,28,unknown (TIMEOUT),20.0004141330719
test_files_quantifiers/DAISY/Daisy-corrected.sleec,redundancy,29,unknown (TIMEOUT),20.05026865005493
test_files_quantifiers/DAISY/Daisy-corrected.sleec,redundancy,30,unknown (TIMEOUT),20.000359296798706
test_files_quantifiers/DAISY/Daisy-corrected.sleec,redundancy,31,unknown (TIMEOUT),20.000125885009766
test_files_quantifiers/DAISY/Daisy-corrected.sleec,conflict,0,unknown (TIMEOUT),20.000771284103394
test_files_quantifiers/DAISY/Daisy-corrected.sleec,conflict,1,unknown (TIMEOUT),20.003350973129272
test_files_quantifiers/DAISY/Daisy-corrected.sleec,conflict,2,unknown (TIMEOUT),20.294860124588013
test_files_quantifiers/DAISY/Daisy-corrected.sleec,conflict,3,unknown (TIMEOUT),20.000330209732056
test_files_quantifiers/DAISY/Daisy-corrected.sleec,conflict,4,unknown (TIMEOUT),20.041160583496094
test_files_quantifiers/DAISY/Daisy-corrected.sleec,conflict,5,unknown (TIMEOUT),20.00011920928955
test_files_quantifiers/DAISY/Daisy-corrected.sleec,conflict,6,unknown (TIMEOUT),20.055684089660645
test_files_quantifiers/DAISY/Daisy-corrected.sleec,conflict,7,unknown (TIMEOUT),20.02340269088745
test_files_quantifiers/DAISY/Daisy-corrected.sleec,conflict,8,unknown (TIMEOUT),20.000086545944214
test_files_quantifiers/DAISY/Daisy-corrected.sleec,conflict,9,unknown (TIMEOUT),20.000288486480713
test_files_quantifiers/DAISY/Daisy-corrected.sleec,conflict,10,unknown (TIMEOUT),20.00053834915161
test_files_quantifiers/DAISY/Daisy-corrected.sleec,conflict,11,unknown (TIMEOUT),20.000164031982422
test_files_quantifiers/DAISY/Daisy-corrected.sleec,conflict,12,unknown (TIMEOUT),20.00193166732788
test_files_quantifiers/DAISY/Daisy-corrected.sleec,conflict,13,unknown (TIMEOUT),20.215450286865234
test_files_quantifiers/DAISY/Daisy-corrected.sleec,conflict,14,unknown (TIMEOUT),20.08181405067444
test_files_quantifiers/DAISY/Daisy-corrected.sleec,conflict,15,unknown (TIMEOUT),20.001633167266846
test_files_quantifiers/DAISY/Daisy-corrected.sleec,conflict,16,unknown (TIMEOUT),20.000465869903564
test_files_quantifiers/DAISY/Daisy-corrected.sleec,conflict,17,unknown (TIMEOUT),20.00050377845764
test_files_quantifiers/DAISY/Daisy-corrected.sleec,conflict,18,unknown (TIMEOUT),20.00779700279236
test_files_quantifiers/DAISY/Daisy-corrected.sleec,conflict,19,unknown (TIMEOUT),20.001142978668213
test_files_quantifiers/DAISY/Daisy-corrected.sleec,conflict,20,unknown (TIMEOUT),20.01694416999817
test_files_quantifiers/DAISY/Daisy-corrected.sleec,conflict,21,unknown (TIMEOUT),20.01361894607544
test_files_quantifiers/DAISY/Daisy-corrected.sleec,conflict,22,unknown (TIMEOUT),20.081326723098755
test_files_quantifiers/DAISY/Daisy-corrected.sleec,conflict,23,unknown (TIMEOUT),20.000458002090454
test_files_quantifiers/DAISY/Daisy-corrected.sleec,conflict,24,unknown (TIMEOUT),20.022313594818115
test_files_quantifiers/DAISY/Daisy-corrected.sleec,conflict,25,unknown (TIMEOUT),20.00019860267639
test_files_quantifiers/DAISY/Daisy-corrected.sleec,conflict,26,unknown (TIMEOUT),20.06937265396118
test_files_quantifiers/DAISY/Daisy-corrected.sleec,conflict,27,unknown (TIMEOUT),20.014604330062866
test_files_quantifiers/DAISY/Daisy-corrected.sleec,conflict,28,unknown (TIMEOUT),20.00017213821411
test_files_quantifiers/DAISY/Daisy-corrected.sleec,conflict,29,unknown (TIMEOUT),20.007766723632812
test_files_quantifiers/DAISY/Daisy-corrected.sleec,conflict,30,unknown (TIMEOUT),20.00126814842224
test_files_quantifiers/DAISY/Daisy-corrected.sleec,conflict,31,unknown (TIMEOUT),20.04794192314148
test_files_quantifiers/DAISY/Daisy-corrected.sleec,concern,0,unsat,0.13776898384094238
test_files_quantifiers/DAISY/Daisy-corrected.sleec,concern,1,unsat,0.030572891235351562
test_files_quantifiers/DAISY/Daisy-corrected.sleec,concern,2,unsat,0.2116713523864746
test_files_quantifiers/DAISY/Daisy-corrected.sleec,concern,3,unsat,0.07505512237548828
test_files_quantifiers/DAISY/Daisy-corrected.sleec,concern,4,unsat,0.07439303398132324
test_files_quantifiers/DAISY/Daisy-corrected.sleec,concern,5,unsat,0.07690906524658203
test_files_quantifiers/DAISY/Daisy.sleec,redundancy,0,unknown (TIMEOUT),20.000613927841187
test_files_quantifiers/DAISY/Daisy.sleec,redundancy,1,unknown (TIMEOUT),20.00952959060669
test_files_quantifiers/DAISY/Daisy.sleec,redundancy,2,unknown (TIMEOUT),20.000433444976807
test_files_quantifiers/DAISY/Daisy.sleec,redundancy,3,unknown (TIMEOUT),20.00013518333435
test_files_quantifiers/DAISY/Daisy.sleec,redundancy,4,unknown (TIMEOUT),20.000059366226196
test_files_quantifiers/DAISY/Daisy.sleec,redundancy,5,unknown (TIMEOUT),20.001596212387085
test_files_quantifiers/DAISY/Daisy.sleec,redundancy,6,unknown (TIMEOUT),20.00150489807129
test_files_quantifiers/DAISY/Daisy.sleec,redundancy,7,unknown (TIMEOUT),20.000378608703613
test_files_quantifiers/DAISY/Daisy.sleec,redundancy,8,unknown (TIMEOUT),20.008472681045532
test_files_quantifiers/DAISY/Daisy.sleec,redundancy,9,unknown (TIMEOUT),20.003046989440918
test_files_quantifiers/DAISY/Daisy.sleec,redundancy,10,unknown (TIMEOUT),20.00021982192993
test_files_quantifiers/DAISY/Daisy.sleec,redundancy,11,unknown (TIMEOUT),20.005176067352295
test_files_quantifiers/DAISY/Daisy.sleec,redundancy,12,unknown (TIMEOUT),20.000386238098145
test_files_quantifiers/DAISY/Daisy.sleec,redundancy,13,unknown (TIMEOUT),20.014456272125244
test_files_quantifiers/DAISY/Daisy.sleec,redundancy,14,unknown (TIMEOUT),20.056848764419556
test_files_quantifiers/DAISY/Daisy.sleec,redundancy,15,unknown (TIMEOUT),20.001885414123535
test_files_quantifiers/DAISY/Daisy.sleec,redundancy,16,unknown (TIMEOUT),20.000084400177002
test_files_quantifiers/DAISY/Daisy.sleec,redundancy,17,unknown (TIMEOUT),20.00038766860962
test_files_quantifiers/DAISY/Daisy.sleec,redundancy,18,unknown (TIMEOUT),20.000297784805298
test_files_quantifiers/DAISY/Daisy.sleec,redundancy,19,unsat,0.03437018394470215
test_files_quantifiers/DAISY/Daisy.sleec,redundancy,20,unknown (TIMEOUT),20.00005269050598
test_files_quantifiers/DAISY/Daisy.sleec,redundancy,21,unknown (TIMEOUT),20.0239200592041
test_files_quantifiers/DAISY/Daisy.sleec,redundancy,22,unknown (TIMEOUT),20.277353525161743
test_files_quantifiers/DAISY/Daisy.sleec,redundancy,23,unknown (TIMEOUT),20.084285974502563
test_files_quantifiers/DAISY/Daisy.sleec,redundancy,24,unknown (TIMEOUT),20.00753164291382
test_files_quantifiers/DAISY/Daisy.sleec,redundancy,25,unknown (TIMEOUT),20.016772031784058
test_files_quantifiers/DAISY/Daisy.sleec,conflict,0,unknown (TIMEOUT),20.00084662437439
test_files_quantifiers/DAISY/Daisy.sleec,conflict,1,unknown (TIMEOUT),20.002099990844727
test_files_quantifiers/DAISY/Daisy.sleec,conflict,2,unknown (TIMEOUT),20.000099420547485
test_files_quantifiers/DAISY/Daisy.sleec,conflict,3,unknown (TIMEOUT),20.000112771987915
test_files_quantifiers/DAISY/Daisy.sleec,conflict,4,unknown (TIMEOUT),20.002068042755127
test_files_quantifiers/DAISY/Daisy.sleec,conflict,5,unknown (TIMEOUT),20.00138521194458
test_files_quantifiers/DAISY/Daisy.sleec,conflict,6,unknown (TIMEOUT),20.024621963500977
test_files_quantifiers/DAISY/Daisy.sleec,conflict,7,unknown (TIMEOUT),20.00042700767517
test_files_quantifiers/DAISY/Daisy.sleec,conflict,8,unknown (TIMEOUT),20.052485704421997
test_files_quantifiers/DAISY/Daisy.sleec,conflict,9,unknown (TIMEOUT),20.04535722732544
test_files_quantifiers/DAISY/Daisy.sleec,conflict,10,unknown (TIMEOUT),20.007703065872192
test_files_quantifiers/DAISY/Daisy.sleec,conflict,11,unknown (TIMEOUT),20.00096845626831
test_files_quantifiers/DAISY/Daisy.sleec,conflict,12,unknown (TIMEOUT),20.10951542854309
test_files_quantifiers/DAISY/Daisy.sleec,conflict,13,unknown (TIMEOUT),20.03178644180298
test_files_quantifiers/DAISY/Daisy.sleec,conflict,14,unknown (TIMEOUT),20.05345892906189
test_files_quantifiers/DAISY/Daisy.sleec,conflict,15,unknown (TIMEOUT),20.001991033554077
test_files_quantifiers/DAISY/Daisy.sleec,conflict,16,unknown (TIMEOUT),20.000767469406128
test_files_quantifiers/DAISY/Daisy.sleec,conflict,17,unknown (TIMEOUT),20.002918481826782
test_files_quantifiers/DAISY/Daisy.sleec,conflict,18,unknown (TIMEOUT),20.033096313476562
test_files_quantifiers/DAISY/Daisy.sleec,conflict,19,unknown (TIMEOUT),20.000327348709106
test_files_quantifiers/DAISY/Daisy.sleec,conflict,20,unknown (TIMEOUT),20.002262830734253
test_files_quantifiers/DAISY/Daisy.sleec,conflict,21,unknown (TIMEOUT),20.032339334487915
test_files_quantifiers/DAISY/Daisy.sleec,conflict,22,unknown (TIMEOUT),20.046250581741333
test_files_quantifiers/DAISY/Daisy.sleec,conflict,23,unknown (TIMEOUT),20.015767097473145
test_files_quantifiers/DAISY/Daisy.sleec,conflict,24,unknown (TIMEOUT),20.000114679336548
test_files_quantifiers/DAISY/Daisy.sleec,conflict,25,unknown (TIMEOUT),20.00261354446411
test_files_quantifiers/DAISY/Daisy.sleec,concern,0,unknown (TIMEOUT),20.000200033187866
test_files_quantifiers/DAISY/Daisy.sleec,concern,1,unknown (TIMEOUT),20.000451803207397
test_files_quantifiers/DAISY/Daisy.sleec,concern,2,unknown (TIMEOUT),20.00182843208313
test_files_quantifiers/DAISY/Daisy.sleec,concern,3,unsat,0.0543062686920166
test_files_quantifiers/DAISY/Daisy.sleec,concern,4,unknown (TIMEOUT),20.00048017501831
test_files_quantifiers/DAISY/Daisy.sleec,concern,5,unknown (TIMEOUT),20.01599955558777
test_files_quantifiers/dressingAssist/DRESSASSIST-corrected.sleec,redundancy,0,unknown (TIMEOUT),20.016852617263794
test_files_quantifiers/dressingAssist/DRESSASSIST-corrected.sleec,redundancy,1,unknown (TIMEOUT),20.001084327697754
test_files_quantifiers/dressingAssist/DRESSASSIST-corrected.sleec,redundancy,2,unknown (TIMEOUT),20.000524282455444
test_files_quantifiers/dressingAssist/DRESSASSIST-corrected.sleec,redundancy,3,unknown (TIMEOUT),20.000988483428955
test_files_quantifiers/dressingAssist/DRESSASSIST-corrected.sleec,redundancy,4,unknown (TIMEOUT),20.000426292419434
test_files_quantifiers/dressingAssist/DRESSASSIST-corrected.sleec,redundancy,5,unknown (TIMEOUT),20.000144243240356
test_files_quantifiers/dressingAssist/DRESSASSIST-corrected.sleec,redundancy,6,unknown (TIMEOUT),20.0008065700531
test_files_quantifiers/dressingAssist/DRESSASSIST-corrected.sleec,redundancy,7,unknown (TIMEOUT),20.000579833984375
test_files_quantifiers/dressingAssist/DRESSASSIST-corrected.sleec,redundancy,8,unknown (TIMEOUT),20.010215282440186
test_files_quantifiers/dressingAssist/DRESSASSIST-corrected.sleec,redundancy,9,unknown (TIMEOUT),20.000081539154053
test_files_quantifiers/dressingAssist/DRESSASSIST-corrected.sleec,redundancy,10,unknown (TIMEOUT),20.00088667869568
test_files_quantifiers/dressingAssist/DRESSASSIST-corrected.sleec,redundancy,11,unknown (TIMEOUT),20.000577211380005
test_files_quantifiers/dressingAssist/DRESSASSIST-corrected.sleec,redundancy,12,unknown (TIMEOUT),20.000084400177002
test_files_quantifiers/dressingAssist/DRESSASSIST-corrected.sleec,redundancy,13,unknown (TIMEOUT),20.0268394947052
test_files_quantifiers/dressingAssist/DRESSASSIST-corrected.sleec,redundancy,14,unknown (TIMEOUT),20.000369787216187
test_files_quantifiers/dressingAssist/DRESSASSIST-corrected.sleec,redundancy,15,unknown (TIMEOUT),20.00059938430786
test_files_quantifiers/dressingAssist/DRESSASSIST-corrected.sleec,redundancy,16,unknown (TIMEOUT),20.00032377243042
test_files_quantifiers/dressingAssist/DRESSASSIST-corrected.sleec,redundancy,17,unknown (TIMEOUT),20.038859367370605
test_files_quantifiers/dressingAssist/DRESSASSIST-corrected.sleec,redundancy,18,unknown (TIMEOUT),20.01653790473938
test_files_quantifiers/dressingAssist/DRESSASSIST-corrected.sleec,redundancy,19,unknown (TIMEOUT),20.01194453239441
test_files_quantifiers/dressingAssist/DRESSASSIST-corrected.sleec,redundancy,20,unknown (TIMEOUT),20.01144576072693
test_files_quantifiers/dressingAssist/DRESSASSIST-corrected.sleec,redundancy,21,unknown (TIMEOUT),20.00448250770569
test_files_quantifiers/dressingAssist/DRESSASSIST-corrected.sleec,redundancy,22,unknown (TIMEOUT),20.004207134246826
test_files_quantifiers/dressingAssist/DRESSASSIST-corrected.sleec,redundancy,23,unknown (TIMEOUT),20.000130653381348
test_files_quantifiers/dressingAssist/DRESSASSIST-corrected.sleec,redundancy,24,unknown (TIMEOUT),20.00505256652832
test_files_quantifiers/dressingAssist/DRESSASSIST-corrected.sleec,redundancy,25,unknown (TIMEOUT),20.02606964111328
test_files_quantifiers/dressingAssist/DRESSASSIST-corrected.sleec,redundancy,26,unknown (TIMEOUT),20.000627040863037
test_files_quantifiers/dressingAssist/DRESSASSIST-corrected.sleec,redundancy,27,unknown (TIMEOUT),20.00285291671753
test_files_quantifiers/dressingAssist/DRESSASSIST-corrected.sleec,redundancy,28,unknown (TIMEOUT),20.03000831604004
test_files_quantifiers/dressingAssist/DRESSASSIST-corrected.sleec,redundancy,29,unknown (TIMEOUT),20.000226497650146
test_files_quantifiers/dressingAssist/DRESSASSIST-corrected.sleec,redundancy,30,unknown (TIMEOUT),20.003692150115967
test_files_quantifiers/dressingAssist/DRESSASSIST-corrected.sleec,conflict,0,unknown (TIMEOUT),20.00075674057007
test_files_quantifiers/dressingAssist/DRESSASSIST-corrected.sleec,conflict,1,unknown (TIMEOUT),20.00084352493286
test_files_quantifiers/dressingAssist/DRESSASSIST-corrected.sleec,conflict,2,unknown (TIMEOUT),20.000787019729614
test_files_quantifiers/dressingAssist/DRESSASSIST-corrected.sleec,conflict,3,unknown (TIMEOUT),20.00241208076477
test_files_quantifiers/dressingAssist/DRESSASSIST-corrected.sleec,conflict,4,unknown (TIMEOUT),20.00343346595764
test_files_quantifiers/dressingAssist/DRESSASSIST-corrected.sleec,conflict,5,unknown (TIMEOUT),20.00669288635254
test_files_quantifiers/dressingAssist/DRESSASSIST-corrected.sleec,conflict,6,unknown (TIMEOUT),20.00017499923706
test_files_quantifiers/dressingAssist/DRESSASSIST-corrected.sleec,conflict,7,unknown (TIMEOUT),20.000354290008545
test_files_quantifiers/dressingAssist/DRESSASSIST-corrected.sleec,conflict,8,unknown (TIMEOUT),20.000298976898193
test_files_quantifiers/dressingAssist/DRESSASSIST-corrected.sleec,conflict,9,unknown (TIMEOUT),20.01244282722473
test_files_quantifiers/dressingAssist/DRESSASSIST-corrected.sleec,conflict,10,unknown (TIMEOUT),20.00017547607422
test_files_quantifiers/dressingAssist/DRESSASSIST-corrected.sleec,conflict,11,unknown (TIMEOUT),20.00044274330139
test_files_quantifiers/dressingAssist/DRESSASSIST-corrected.sleec,conflict,12,unknown (TIMEOUT),20.000215768814087
test_files_quantifiers/dressingAssist/DRESSASSIST-corrected.sleec,conflict,13,unknown (TIMEOUT),20.00077176094055
test_files_quantifiers/dressingAssist/DRESSASSIST-corrected.sleec,conflict,14,unknown (TIMEOUT),20.000322818756104
test_files_quantifiers/dressingAssist/DRESSASSIST-corrected.sleec,conflict,15,unknown (TIMEOUT),20.00022292137146
test_files_quantifiers/dressingAssist/DRESSASSIST-corrected.sleec,conflict,16,unknown (TIMEOUT),20.002928256988525
test_files_quantifiers/dressingAssist/DRESSASSIST-corrected.sleec,conflict,17,unknown (TIMEOUT),20.01088809967041
test_files_quantifiers/dressingAssist/DRESSASSIST-corrected.sleec,conflict,18,unknown (TIMEOUT),20.02974033355713
test_files_quantifiers/dressingAssist/DRESSASSIST-corrected.sleec,conflict,19,unknown (TIMEOUT),20.00017237663269
test_files_quantifiers/dressingAssist/DRESSASSIST-corrected.sleec,conflict,20,unknown (TIMEOUT),20.007439613342285
test_files_quantifiers/dressingAssist/DRESSASSIST-corrected.sleec,conflict,21,unknown (TIMEOUT),20.00204610824585
test_files_quantifiers/dressingAssist/DRESSASSIST-corrected.sleec,conflict,22,unknown (TIMEOUT),20.000736951828003
test_files_quantifiers/dressingAssist/DRESSASSIST-corrected.sleec,conflict,23,unknown (TIMEOUT),20.040098190307617
test_files_quantifiers/dressingAssist/DRESSASSIST-corrected.sleec,conflict,24,unknown (TIMEOUT),20.000616788864136
test_files_quantifiers/dressingAssist/DRESSASSIST-corrected.sleec,conflict,25,unknown (TIMEOUT),20.010562419891357
test_files_quantifiers/dressingAssist/DRESSASSIST-corrected.sleec,conflict,26,unknown (TIMEOUT),20.002288818359375
test_files_quantifiers/dressingAssist/DRESSASSIST-corrected.sleec,conflict,27,unknown (TIMEOUT),20.00064778327942
test_files_quantifiers/dressingAssist/DRESSASSIST-corrected.sleec,conflict,28,unknown (TIMEOUT),20.00049138069153
test_files_quantifiers/dressingAssist/DRESSASSIST-corrected.sleec,conflict,29,unknown (TIMEOUT),20.02656054496765
test_files_quantifiers/dressingAssist/DRESSASSIST-corrected.sleec,conflict,30,unknown (TIMEOUT),20.000065803527832
test_files_quantifiers/dressingAssist/DRESSASSIST-corrected.sleec,concern,0,unsat,0.2191920280456543
test_files_quantifiers/dressingAssist/DRESSASSIST-corrected.sleec,concern,1,unsat,0.06724166870117188
test_files_quantifiers/dressingAssist/DRESSASSIST-corrected.sleec,concern,2,unsat,0.35204339027404785
test_files_quantifiers/dressingAssist/DRESSASSIST.sleec,redundancy,0,unknown (TIMEOUT),20.080196380615234
test_files_quantifiers/dressingAssist/DRESSASSIST.sleec,redundancy,1,unknown (TIMEOUT),20.002200841903687
test_files_quantifiers/dressingAssist/DRESSASSIST.sleec,redundancy,2,unknown (TIMEOUT),20.000206232070923
test_files_quantifiers/dressingAssist/DRESSASSIST.sleec,redundancy,3,unknown (TIMEOUT),20.000433921813965
test_files_quantifiers/dressingAssist/DRESSASSIST.sleec,redundancy,4,unknown (TIMEOUT),20.003034591674805
test_files_quantifiers/dressingAssist/DRESSASSIST.sleec,redundancy,5,unknown (TIMEOUT),20.00840735435486
test_files_quantifiers/dressingAssist/DRESSASSIST.sleec,redundancy,6,unknown (TIMEOUT),20.000060081481934
test_files_quantifiers/dressingAssist/DRESSASSIST.sleec,redundancy,7,unknown (TIMEOUT),20.000396728515625
test_files_quantifiers/dressingAssist/DRESSASSIST.sleec,redundancy,8,unknown (TIMEOUT),20.030476331710815
test_files_quantifiers/dressingAssist/DRESSASSIST.sleec,redundancy,9,unknown (TIMEOUT),20.000332832336426
test_files_quantifiers/dressingAssist/DRESSASSIST.sleec,redundancy,10,unknown (TIMEOUT),20.022692918777466
test_files_quantifiers/dressingAssist/DRESSASSIST.sleec,redundancy,11,unknown (TIMEOUT),20.00498390197754
test_files_quantifiers/dressingAssist/DRESSASSIST.sleec,redundancy,12,unknown (TIMEOUT),20.001156330108643
test_files_quantifiers/dressingAssist/DRESSASSIST.sleec,redundancy,13,unknown (TIMEOUT),20.000714778900146
test_files_quantifiers/dressingAssist/DRESSASSIST.sleec,redundancy,14,unknown (TIMEOUT),20.000330209732056
test_files_quantifiers/dressingAssist/DRESSASSIST.sleec,redundancy,15,unknown (TIMEOUT),20.00053858757019
test_files_quantifiers/dressingAssist/DRESSASSIST.sleec,redundancy,16,unknown (TIMEOUT),20.000205755233765
test_files_quantifiers/dressingAssist/DRESSASSIST.sleec,redundancy,17,unknown (TIMEOUT),20.011916637420654
test_files_quantifiers/dressingAssist/DRESSASSIST.sleec,redundancy,18,unknown (TIMEOUT),20.000643491744995
test_files_quantifiers/dressingAssist/DRESSASSIST.sleec,redundancy,19,unknown (TIMEOUT),20.109342575073242
test_files_quantifiers/dressingAssist/DRESSASSIST.sleec,redundancy,20,unknown (TIMEOUT),20.000351905822754
test_files_quantifiers/dressingAssist/DRESSASSIST.sleec,redundancy,21,unknown (TIMEOUT),20.00127935409546
test_files_quantifiers/dressingAssist/DRESSASSIST.sleec,redundancy,22,unknown (TIMEOUT),20.00048518180847
test_files_quantifiers/dressingAssist/DRESSASSIST.sleec,redundancy,23,unknown (TIMEOUT),20.139183521270752
test_files_quantifiers/dressingAssist/DRESSASSIST.sleec,redundancy,24,unknown (TIMEOUT),20.000586986541748
test_files_quantifiers/dressingAssist/DRESSASSIST.sleec,redundancy,25,unknown (TIMEOUT),20.00112295150757
test_files_quantifiers/dressingAssist/DRESSASSIST.sleec,redundancy,26,unknown (TIMEOUT),20.001249074935913
test_files_quantifiers/dressingAssist/DRESSASSIST.sleec,redundancy,27,unknown (TIMEOUT),20.000272512435913
test_files_quantifiers/dressingAssist/DRESSASSIST.sleec,redundancy,28,unknown (TIMEOUT),20.000184297561646
test_files_quantifiers/dressingAssist/DRESSASSIST.sleec,redundancy,29,unknown (TIMEOUT),20.000766038894653
test_files_quantifiers/dressingAssist/DRESSASSIST.sleec,redundancy,30,unknown (TIMEOUT),20.001298427581787
test_files_quantifiers/dressingAssist/DRESSASSIST.sleec,conflict,0,unknown (TIMEOUT),20.000439643859863
test_files_quantifiers/dressingAssist/DRESSASSIST.sleec,conflict,1,unknown (TIMEOUT),20.00139307975769
test_files_quantifiers/dressingAssist/DRESSASSIST.sleec,conflict,2,unknown (TIMEOUT),20.00076198577881
test_files_quantifiers/dressingAssist/DRESSASSIST.sleec,conflict,3,unknown (TIMEOUT),20.003497838974
test_files_quantifiers/dressingAssist/DRESSASSIST.sleec,conflict,4,unknown (TIMEOUT),20.000155210494995
test_files_quantifiers/dressingAssist/DRESSASSIST.sleec,conflict,5,unknown (TIMEOUT),20.00045132637024
test_files_quantifiers/dressingAssist/DRESSASSIST.sleec,conflict,6,unknown (TIMEOUT),20.00075888633728
test_files_quantifiers/dressingAssist/DRESSASSIST.sleec,conflict,7,unknown (TIMEOUT),20.00022792816162
test_files_quantifiers/dressingAssist/DRESSASSIST.sleec,conflict,8,unknown (TIMEOUT),20.001508951187134
test_files_quantifiers/dressingAssist/DRESSASSIST.sleec,conflict,9,unknown (TIMEOUT),20.000334978103638
test_files_quantifiers/dressingAssist/DRESSASSIST.sleec,conflict,10,unknown (TIMEOUT),20.016695261001587
test_files_quantifiers/dressingAssist/DRESSASSIST.sleec,conflict,11,unknown (TIMEOUT),20.00828504562378
test_files_quantifiers/dressingAssist/DRESSASSIST.sleec,conflict,12,unknown (TIMEOUT),20.003511667251587
test_files_quantifiers/dressingAssist/DRESSASSIST.sleec,conflict,13,unknown (TIMEOUT),20.00057625770569
test_files_quantifiers/dressingAssist/DRESSASSIST.sleec,conflict,14,unknown (TIMEOUT),20.002440929412842
test_files_quantifiers/dressingAssist/DRESSASSIST.sleec,conflict,15,unknown (TIMEOUT),20.068037748336792
test_files_quantifiers/dressingAssist/DRESSASSIST.sleec,conflict,16,unknown (TIMEOUT),20.000699520111084
test_files_quantifiers/dressingAssist/DRESSASSIST.sleec,conflict,17,unknown (TIMEOUT),20.030431985855103
test_files_quantifiers/dressingAssist/DRESSASSIST.sleec,conflict,18,unknown (TIMEOUT),20.000056743621826
test_files_quantifiers/dressingAssist/DRESSASSIST.sleec,conflict,19,unknown (TIMEOUT),20.001137018203735
test_files_quantifiers/dressingAssist/DRESSASSIST.sleec,conflict,20,unknown (TIMEOUT),20.000609159469604
test_files_quantifiers/dressingAssist/DRESSASSIST.sleec,conflict,21,unknown (TIMEOUT),20.001681566238403
test_files_quantifiers/dressingAssist/DRESSASSIST.sleec,conflict,22,unknown (TIMEOUT),20.0002384185791
test_files_quantifiers/dressingAssist/DRESSASSIST.sleec,conflict,23,unknown (TIMEOUT),20.00182342529297
test_files_quantifiers/dressingAssist/DRESSASSIST.sleec,conflict,24,unknown (TIMEOUT),20.00075912475586
test_files_quantifiers/dressingAssist/DRESSASSIST.sleec,conflict,25,unknown (TIMEOUT),20.000159740447998
test_files_quantifiers/dressingAssist/DRESSASSIST.sleec,conflict,26,unknown (TIMEOUT),20.00281858444214
test_files_quantifiers/dressingAssist/DRESSASSIST.sleec,conflict,27,unknown (TIMEOUT),20.000672817230225
test_files_quantifiers/dressingAssist/DRESSASSIST.sleec,conflict,28,unknown (TIMEOUT),20.00228190422058
test_files_quantifiers/dressingAssist/DRESSASSIST.sleec,conflict,29,unknown (TIMEOUT),20.000298738479614
test_files_quantifiers/dressingAssist/DRESSASSIST.sleec,conflict,30,unknown (TIMEOUT),20.134554624557495
test_files_quantifiers/dressingAssist/DRESSASSIST.sleec,concern,0,unsat,0.21633553504943848
test_files_quantifiers/dressingAssist/DRESSASSIST.sleec,concern,1,unsat,0.06638956069946289
test_files_quantifiers/dressingAssist/DRESSASSIST.sleec,concern,2,unknown (TIMEOUT),20.00082802772522
test_files_quantifiers/gdpr/DPA-corrected.sleec,redundancy,0,unknown (TIMEOUT),20.06437063217163
test_files_quantifiers/gdpr/DPA-corrected.sleec,redundancy,1,unknown (TIMEOUT),20.813234329223633
test_files_quantifiers/gdpr/DPA-corrected.sleec,redundancy,2,unknown (TIMEOUT),20.614625215530396
test_files_quantifiers/gdpr/DPA-corrected.sleec,redundancy,3,unknown (TIMEOUT),20.06892228126526
test_files_quantifiers/gdpr/DPA-corrected.sleec,redundancy,4,unknown (TIMEOUT),20.927789449691772
test_files_quantifiers/gdpr/DPA-corrected.sleec,redundancy,5,unknown (TIMEOUT),20.167264461517334
test_files_quantifiers/gdpr/DPA-corrected.sleec,redundancy,6,unknown (TIMEOUT),20.218098878860474
test_files_quantifiers/gdpr/DPA-corrected.sleec,redundancy,7,unknown (TIMEOUT),20.000072479248047
test_files_quantifiers/gdpr/DPA-corrected.sleec,redundancy,8,unknown (TIMEOUT),21.301936388015747
test_files_quantifiers/gdpr/DPA-corrected.sleec,redundancy,9,unknown (TIMEOUT),20.06371259689331
test_files_quantifiers/gdpr/DPA-corrected.sleec,redundancy,10,unknown (TIMEOUT),20.09781503677368
test_files_quantifiers/gdpr/DPA-corrected.sleec,redundancy,11,unknown (TIMEOUT),20.07067322731018
test_files_quantifiers/gdpr/DPA-corrected.sleec,redundancy,12,unknown (TIMEOUT),20.000232934951782
test_files_quantifiers/gdpr/DPA-corrected.sleec,redundancy,13,unknown (TIMEOUT),20.000091075897217
test_files_quantifiers/gdpr/DPA-corrected.sleec,redundancy,14,unknown (TIMEOUT),21.631970167160034
test_files_quantifiers/gdpr/DPA-corrected.sleec,redundancy,15,unknown (TIMEOUT),20.36643695831299
test_files_quantifiers/gdpr/DPA-corrected.sleec,redundancy,16,unknown (TIMEOUT),20.00011682510376
test_files_quantifiers/gdpr/DPA-corrected.sleec,redundancy,17,unknown (TIMEOUT),20.009674310684204
test_files_quantifiers/gdpr/DPA-corrected.sleec,redundancy,18,unknown (TIMEOUT),20.99831771850586
test_files_quantifiers/gdpr/DPA-corrected.sleec,redundancy,19,unknown (TIMEOUT),20.000099420547485
test_files_quantifiers/gdpr/DPA-corrected.sleec,redundancy,20,unknown (TIMEOUT),21.252007722854614
test_files_quantifiers/gdpr/DPA-corrected.sleec,redundancy,21,unknown (TIMEOUT),20.000253200531006
test_files_quantifiers/gdpr/DPA-corrected.sleec,redundancy,22,unknown (TIMEOUT),20.31492829322815
test_files_quantifiers/gdpr/DPA-corrected.sleec,redundancy,23,unknown (TIMEOUT),20.4853413105011
test_files_quantifiers/gdpr/DPA-corrected.sleec,redundancy,24,unknown (TIMEOUT),20.387134552001953
test_files_quantifiers/gdpr/DPA-corrected.sleec,conflict,0,unknown (TIMEOUT),20.089531421661377
test_files_quantifiers/gdpr/DPA-corrected.sleec,conflict,1,unknown (TIMEOUT),21.079703330993652
test_files_quantifiers/gdpr/DPA-corrected.sleec,conflict,2,unknown (TIMEOUT),21.78811764717102
test_files_quantifiers/gdpr/DPA-corrected.sleec,conflict,3,unknown (TIMEOUT),20.333643913269043
test_files_quantifiers/gdpr/DPA-corrected.sleec,conflict,4,unknown (TIMEOUT),20.381865978240967
test_files_quantifiers/gdpr/DPA-corrected.sleec,conflict,5,unknown (TIMEOUT),20.000407934188843
test_files_quantifiers/gdpr/DPA-corrected.sleec,conflict,6,unknown (TIMEOUT),20.38131618499756
test_files_quantifiers/gdpr/DPA-corrected.sleec,conflict,7,unknown (TIMEOUT),20.017371654510498
test_files_quantifiers/gdpr/DPA-corrected.sleec,conflict,8,unknown (TIMEOUT),20.031514167785645
test_files_quantifiers/gdpr/DPA-corrected.sleec,conflict,9,unknown (TIMEOUT),20.029537439346313
test_files_quantifiers/gdpr/DPA-corrected.sleec,conflict,10,unknown (TIMEOUT),20.002856969833374
test_files_quantifiers/gdpr/DPA-corrected.sleec,conflict,11,unknown (TIMEOUT),20.000107526779175
test_files_quantifiers/gdpr/DPA-corrected.sleec,conflict,12,unknown (TIMEOUT),20.019096851348877
test_files_quantifiers/gdpr/DPA-corrected.sleec,conflict,13,unknown (TIMEOUT),20.546239376068115
test_files_quantifiers/gdpr/DPA-corrected.sleec,conflict,14,unknown (TIMEOUT),20.489704847335815
test_files_quantifiers/gdpr/DPA-corrected.sleec,conflict,15,unknown (TIMEOUT),9591.459810256958
test_files_quantifiers/gdpr/DPA-corrected.sleec,conflict,16,unknown (TIMEOUT),20.27193784713745
test_files_quantifiers/gdpr/DPA-corrected.sleec,conflict,17,unknown (TIMEOUT),20.002275466918945
test_files_quantifiers/gdpr/DPA-corrected.sleec,conflict,18,unknown (TIMEOUT),20.758066415786743
test_files_quantifiers/gdpr/DPA-corrected.sleec,conflict,19,unknown (TIMEOUT),20.04964804649353
test_files_quantifiers/gdpr/DPA-corrected.sleec,conflict,20,unknown (TIMEOUT),20.000210762023926
test_files_quantifiers/gdpr/DPA-corrected.sleec,conflict,21,unknown (TIMEOUT),21.66375184059143
test_files_quantifiers/gdpr/DPA-corrected.sleec,conflict,22,unknown (TIMEOUT),20.038928270339966
test_files_quantifiers/gdpr/DPA-corrected.sleec,conflict,23,unknown (TIMEOUT),20.061583757400513
test_files_quantifiers/gdpr/DPA-corrected.sleec,conflict,24,unknown (TIMEOUT),20.01159167289734
test_files_quantifiers/gdpr/DPA-corrected.sleec,concern,0,unsat,0.0627126693725586
test_files_quantifiers/gdpr/DPA-corrected.sleec,concern,1,unsat,0.14257287979125977
test_files_quantifiers/gdpr/DPA-corrected.sleec,concern,2,unsat,0.6302769184112549
test_files_quantifiers/gdpr/DPA-corrected.sleec,concern,3,unsat,0.1838088035583496
test_files_quantifiers/gdpr/DPA-corrected.sleec,concern,4,unsat,0.02684307098388672
test_files_quantifiers/gdpr/DPA-corrected.sleec,concern,5,unknown (TIMEOUT),20.06829261779785
test_files_quantifiers/gdpr/DPA-corrected.sleec,concern,6,unsat,0.1025090217590332
test_files_quantifiers/gdpr/DPA-corrected.sleec,concern,7,unsat,0.043074846267700195
test_files_quantifiers/gdpr/DPA-corrected.sleec,concern,8,unknown (TIMEOUT),20.000526428222656
test_files_quantifiers/gdpr/DPA-corrected.sleec,concern,9,unsat,0.03815579414367676
test_files_quantifiers/gdpr/DPA-corrected.sleec,concern,10,unsat,0.08330655097961426
test_files_quantifiers/gdpr/DPA.sleec,redundancy,0,unknown (TIMEOUT),20.000323057174683
test_files_quantifiers/gdpr/DPA.sleec,redundancy,1,unknown (TIMEOUT),20.0002601146698
test_files_quantifiers/gdpr/DPA.sleec,redundancy,2,unknown (TIMEOUT),20.001957416534424
test_files_quantifiers/gdpr/DPA.sleec,redundancy,3,unknown (TIMEOUT),20.02569341659546
test_files_quantifiers/gdpr/DPA.sleec,redundancy,4,unknown (TIMEOUT),20.021169185638428
test_files_quantifiers/gdpr/DPA.sleec,redundancy,5,unknown (TIMEOUT),20.000303268432617
test_files_quantifiers/gdpr/DPA.sleec,redundancy,6,unknown (TIMEOUT),20.000110387802124
test_files_quantifiers/gdpr/DPA.sleec,redundancy,7,unknown (TIMEOUT),20.00548815727234
test_files_quantifiers/gdpr/DPA.sleec,redundancy,8,unknown (TIMEOUT),20.09473490715027
test_files_quantifiers/gdpr/DPA.sleec,redundancy,9,unknown (TIMEOUT),20.112173318862915
test_files_quantifiers/gdpr/DPA.sleec,redundancy,10,unknown (TIMEOUT),21.612828969955444
test_files_quantifiers/gdpr/DPA.sleec,redundancy,11,unknown (TIMEOUT),20.273959636688232
test_files_quantifiers/gdpr/DPA.sleec,redundancy,12,unknown (TIMEOUT),20.212084531784058
test_files_quantifiers/gdpr/DPA.sleec,redundancy,13,unknown (TIMEOUT),20.000181436538696
test_files_quantifiers/gdpr/DPA.sleec,redundancy,14,unknown (TIMEOUT),20.000120162963867
test_files_quantifiers/gdpr/DPA.sleec,redundancy,15,unknown (TIMEOUT),20.003082275390625
test_files_quantifiers/gdpr/DPA.sleec,redundancy,16,unknown (TIMEOUT),20.00397276878357
test_files_quantifiers/gdpr/DPA.sleec,redundancy,17,unknown (TIMEOUT),20.495950937271118
test_files_quantifiers/gdpr/DPA.sleec,redundancy,18,unknown (TIMEOUT),20.049603939056396
test_files_quantifiers/gdpr/DPA.sleec,redundancy,19,unknown (TIMEOUT),20.00014042854309
test_files_quantifiers/gdpr/DPA.sleec,redundancy,20,unknown (TIMEOUT),20.079487085342407
test_files_quantifiers/gdpr/DPA.sleec,redundancy,21,unknown (TIMEOUT),20.219143629074097
test_files_quantifiers/gdpr/DPA.sleec,conflict,0,unknown (TIMEOUT),20.204487562179565
test_files_quantifiers/gdpr/DPA.sleec,conflict,1,unknown (TIMEOUT),20.000222206115723
test_files_quantifiers/gdpr/DPA.sleec,conflict,2,unknown (TIMEOUT),20.208263635635376
test_files_quantifiers/gdpr/DPA.sleec,conflict,3,unknown (TIMEOUT),20.103334426879883
test_files_quantifiers/gdpr/DPA.sleec,conflict,4,unknown (TIMEOUT),20.003745794296265
test_files_quantifiers/gdpr/DPA.sleec,conflict,5,unknown (TIMEOUT),20.358699321746826
test_files_quantifiers/gdpr/DPA.sleec,conflict,6,unknown (TIMEOUT),20.00040030479431
test_files_quantifiers/gdpr/DPA.sleec,conflict,7,unknown (TIMEOUT),20.000418424606323
test_files_quantifiers/gdpr/DPA.sleec,conflict,8,unknown (TIMEOUT),20.0009765625
test_files_quantifiers/gdpr/DPA.sleec,conflict,9,unknown (TIMEOUT),20.04550290107727
test_files_quantifiers/gdpr/DPA.sleec,conflict,10,unknown (TIMEOUT),20.546165943145752
test_files_quantifiers/gdpr/DPA.sleec,conflict,11,unknown (TIMEOUT),20.000200033187866
test_files_quantifiers/gdpr/DPA.sleec,conflict,12,unknown (TIMEOUT),20.018983364105225
test_files_quantifiers/gdpr/DPA.sleec,conflict,13,unknown (TIMEOUT),20.221094846725464
test_files_quantifiers/gdpr/DPA.sleec,conflict,14,unknown (TIMEOUT),20.214781761169434
test_files_quantifiers/gdpr/DPA.sleec,conflict,15,unknown (TIMEOUT),20.013323545455933
test_files_quantifiers/gdpr/DPA.sleec,conflict,16,unknown (TIMEOUT),20.892001390457153
test_files_quantifiers/gdpr/DPA.sleec,conflict,17,unknown (TIMEOUT),20.13361120223999
test_files_quantifiers/gdpr/DPA.sleec,conflict,18,unknown (TIMEOUT),20.001335620880127
test_files_quantifiers/gdpr/DPA.sleec,conflict,19,unknown (TIMEOUT),21.796201467514038
test_files_quantifiers/gdpr/DPA.sleec,conflict,20,unknown (TIMEOUT),21.093823194503784
test_files_quantifiers/gdpr/DPA.sleec,conflict,21,unknown (TIMEOUT),20.10931944847107
test_files_quantifiers/gdpr/DPA.sleec,concern,0,unsat,0.06197309494018555
test_files_quantifiers/gdpr/DPA.sleec,concern,1,unsat,0.1410212516784668
test_files_quantifiers/gdpr/DPA.sleec,concern,2,unsat,0.64229416847229
test_files_quantifiers/gdpr/DPA.sleec,concern,3,unknown (TIMEOUT),20.000574350357056
test_files_quantifiers/gdpr/DPA.sleec,concern,4,unknown (TIMEOUT),20.519834518432617
test_files_quantifiers/gdpr/DPA.sleec,concern,5,unknown (TIMEOUT),20.144869565963745
test_files_quantifiers/gdpr/DPA.sleec,concern,6,unsat,0.10098123550415039
test_files_quantifiers/gdpr/DPA.sleec,concern,7,unsat,0.025724411010742188
test_files_quantifiers/gdpr/DPA.sleec,concern,8,unknown (TIMEOUT),20.41748023033142
test_files_quantifiers/gdpr/DPA.sleec,concern,9,unsat,0.03712201118469238
test_files_quantifiers/gdpr/DPA.sleec,concern,10,unsat,0.07212519645690918
test_files_quantifiers/ALMI/ALMI.sleec,redundancy,0,unknown (TIMEOUT),20.000283002853394
test_files_quantifiers/ALMI/ALMI.sleec,redundancy,1,unknown (TIMEOUT),20.00025510787964
test_files_quantifiers/ALMI/ALMI.sleec,redundancy,2,unknown (TIMEOUT),20.012873649597168
test_files_quantifiers/ALMI/ALMI.sleec,redundancy,3,unknown (TIMEOUT),20.01119041442871
test_files_quantifiers/ALMI/ALMI.sleec,redundancy,4,unknown (TIMEOUT),20.000587463378906
test_files_quantifiers/ALMI/ALMI.sleec,redundancy,5,unknown (TIMEOUT),20.01057243347168
test_files_quantifiers/ALMI/ALMI.sleec,redundancy,6,unknown (TIMEOUT),20.003586530685425
test_files_quantifiers/ALMI/ALMI.sleec,redundancy,7,unknown (TIMEOUT),20.163753271102905
test_files_quantifiers/ALMI/ALMI.sleec,redundancy,8,unknown (TIMEOUT),20.050167560577393
test_files_quantifiers/ALMI/ALMI.sleec,redundancy,9,unknown (TIMEOUT),20.00010323524475
test_files_quantifiers/ALMI/ALMI.sleec,redundancy,10,unknown (TIMEOUT),20.054643392562866
test_files_quantifiers/ALMI/ALMI.sleec,redundancy,11,unknown (TIMEOUT),20.000078439712524
test_files_quantifiers/ALMI/ALMI.sleec,redundancy,12,unknown (TIMEOUT),20.463311910629272
test_files_quantifiers/ALMI/ALMI.sleec,redundancy,13,unknown (TIMEOUT),20.000735998153687
test_files_quantifiers/ALMI/ALMI.sleec,redundancy,14,unknown (TIMEOUT),20.01079750061035
test_files_quantifiers/ALMI/ALMI.sleec,redundancy,15,unknown (TIMEOUT),20.240214109420776
test_files_quantifiers/ALMI/ALMI.sleec,redundancy,16,unknown (TIMEOUT),20.268535375595093
test_files_quantifiers/ALMI/ALMI.sleec,redundancy,17,unknown (TIMEOUT),20.110289096832275
test_files_quantifiers/ALMI/ALMI.sleec,redundancy,18,unknown (TIMEOUT),20.06381320953369
test_files_quantifiers/ALMI/ALMI.sleec,redundancy,19,unknown (TIMEOUT),20.163942337036133
test_files_quantifiers/ALMI/ALMI.sleec,redundancy,20,unknown (TIMEOUT),20.000099182128906
test_files_quantifiers/ALMI/ALMI.sleec,redundancy,21,unknown (TIMEOUT),20.004910469055176
test_files_quantifiers/ALMI/ALMI.sleec,redundancy,22,unknown (TIMEOUT),20.044676780700684
test_files_quantifiers/ALMI/ALMI.sleec,redundancy,23,unknown (TIMEOUT),20.211994886398315
test_files_quantifiers/ALMI/ALMI.sleec,redundancy,24,unknown (TIMEOUT),20.177335500717163
test_files_quantifiers/ALMI/ALMI.sleec,redundancy,25,unknown (TIMEOUT),20.14116668701172
test_files_quantifiers/ALMI/ALMI.sleec,redundancy,26,unknown (TIMEOUT),20.19110631942749
test_files_quantifiers/ALMI/ALMI.sleec,redundancy,27,unknown (TIMEOUT),20.027082920074463
test_files_quantifiers/ALMI/ALMI.sleec,redundancy,28,unknown (TIMEOUT),20.01368999481201
test_files_quantifiers/ALMI/ALMI.sleec,redundancy,29,unknown (TIMEOUT),20.004456758499146
test_files_quantifiers/ALMI/ALMI.sleec,redundancy,30,unknown (TIMEOUT),20.03210186958313
test_files_quantifiers/ALMI/ALMI.sleec,redundancy,31,unknown (TIMEOUT),20.266425132751465
test_files_quantifiers/ALMI/ALMI.sleec,redundancy,32,unknown (TIMEOUT),20.004377365112305
test_files_quantifiers/ALMI/ALMI.sleec,conflict,0,unknown (TIMEOUT),20.000335454940796
test_files_quantifiers/ALMI/ALMI.sleec,conflict,1,unknown (TIMEOUT),20.010558128356934
test_files_quantifiers/ALMI/ALMI.sleec,conflict,2,unknown (TIMEOUT),20.00571036338806
test_files_quantifiers/ALMI/ALMI.sleec,conflict,3,unknown (TIMEOUT),20.18018913269043
test_files_quantifiers/ALMI/ALMI.sleec,conflict,4,unknown (TIMEOUT),20.0001482963562
test_files_quantifiers/ALMI/ALMI.sleec,conflict,5,unknown (TIMEOUT),20.018027544021606
test_files_quantifiers/ALMI/ALMI.sleec,conflict,6,unknown (TIMEOUT),20.122069835662842
test_files_quantifiers/ALMI/ALMI.sleec,conflict,7,unknown (TIMEOUT),20.315880060195923
test_files_quantifiers/ALMI/ALMI.sleec,conflict,8,unknown (TIMEOUT),20.002126216888428
test_files_quantifiers/ALMI/ALMI.sleec,conflict,9,unknown (TIMEOUT),20.101799488067627
test_files_quantifiers/ALMI/ALMI.sleec,conflict,10,unknown (TIMEOUT),20.00310778617859
test_files_quantifiers/ALMI/ALMI.sleec,conflict,11,unknown (TIMEOUT),20.00380539894104
test_files_quantifiers/ALMI/ALMI.sleec,conflict,12,unknown (TIMEOUT),20.41160821914673
test_files_quantifiers/ALMI/ALMI.sleec,conflict,13,unknown (TIMEOUT),20.047174215316772
test_files_quantifiers/ALMI/ALMI.sleec,conflict,14,unknown (TIMEOUT),20.343339920043945
test_files_quantifiers/ALMI/ALMI.sleec,conflict,15,unknown (TIMEOUT),20.01372742652893
test_files_quantifiers/ALMI/ALMI.sleec,conflict,16,unknown (TIMEOUT),20.000138998031616
test_files_quantifiers/ALMI/ALMI.sleec,conflict,17,unknown (TIMEOUT),20.044381380081177
test_files_quantifiers/ALMI/ALMI.sleec,conflict,18,unknown (TIMEOUT),20.012022972106934
test_files_quantifiers/ALMI/ALMI.sleec,conflict,19,unknown (TIMEOUT),20.000091791152954
test_files_quantifiers/ALMI/ALMI.sleec,conflict,20,unknown (TIMEOUT),20.146829843521118
test_files_quantifiers/ALMI/ALMI.sleec,conflict,21,unknown (TIMEOUT),20.03497552871704
test_files_quantifiers/ALMI/ALMI.sleec,conflict,22,unknown (TIMEOUT),20.082010746002197
test_files_quantifiers/ALMI/ALMI.sleec,conflict,23,unknown (TIMEOUT),20.638657093048096
test_files_quantifiers/ALMI/ALMI.sleec,conflict,24,unknown (TIMEOUT),20.163610219955444
test_files_quantifiers/ALMI/ALMI.sleec,conflict,25,unknown (TIMEOUT),20.293936729431152
test_files_quantifiers/ALMI/ALMI.sleec,conflict,26,unknown (TIMEOUT),20.012991428375244
test_files_quantifiers/ALMI/ALMI.sleec,conflict,27,unknown (TIMEOUT),20.000216007232666
test_files_quantifiers/ALMI/ALMI.sleec,conflict,28,unknown (TIMEOUT),20.00017499923706
test_files_quantifiers/ALMI/ALMI.sleec,conflict,29,unknown (TIMEOUT),20.424197912216187
test_files_quantifiers/ALMI/ALMI.sleec,conflict,30,unknown (TIMEOUT),20.64762043952942
test_files_quantifiers/ALMI/ALMI.sleec,conflict,31,unknown (TIMEOUT),20.041008949279785
test_files_quantifiers/ALMI/ALMI.sleec,conflict,32,unknown (TIMEOUT),20.012497663497925
test_files_quantifiers/ALMI/ALMI.sleec,concern,0,unknown (TIMEOUT),20.00042486190796
test_files_quantifiers/ALMI/ALMI.sleec,concern,1,unsat,0.046199798583984375
test_files_quantifiers/ALMI/ALMI.sleec,concern,2,unsat,0.029401063919067383
test_files_quantifiers/ALMI/ALMI.sleec,concern,3,unknown (TIMEOUT),20.532325983047485
test_files_quantifiers/ALMI/ALMI.sleec,concern,4,unsat,0.02503824234008789
test_files_quantifiers/ALMI/ALMI.sleec,concern,5,unsat,0.023599863052368164
test_files_quantifiers/ALMI/ALMI.sleec,concern,6,unsat,0.023504972457885742
test_files_quantifiers/ALMI/ALMI.sleec,concern,7,unsat,0.029465913772583008
test_files_quantifiers/ALMI/ALMI.sleec,concern,8,unsat,0.02337646484375
test_files_quantifiers/ALMI/ALMI.sleec,concern,9,unknown (TIMEOUT),20.00110149383545
test_files_quantifiers/ALMI/ALMI.sleec,concern,10,unsat,0.031169891357421875
test_files_quantifiers/ALMI/ALMI-Corrected.sleec,redundancy,0,unknown (TIMEOUT),20.05057430267334
test_files_quantifiers/ALMI/ALMI-Corrected.sleec,redundancy,1,unknown (TIMEOUT),20.00015640258789
test_files_quantifiers/ALMI/ALMI-Corrected.sleec,redundancy,2,unknown (TIMEOUT),20.11472749710083
test_files_quantifiers/ALMI/ALMI-Corrected.sleec,redundancy,3,unknown (TIMEOUT),20.021554946899414
test_files_quantifiers/ALMI/ALMI-Corrected.sleec,redundancy,4,unknown (TIMEOUT),20.049724817276
test_files_quantifiers/ALMI/ALMI-Corrected.sleec,redundancy,5,unknown (TIMEOUT),20.414968490600586
test_files_quantifiers/ALMI/ALMI-Corrected.sleec,redundancy,6,unknown (TIMEOUT),20.002476453781128
test_files_quantifiers/ALMI/ALMI-Corrected.sleec,redundancy,7,unknown (TIMEOUT),20.04767680168152
test_files_quantifiers/ALMI/ALMI-Corrected.sleec,redundancy,8,unknown (TIMEOUT),20.01790499687195
test_files_quantifiers/ALMI/ALMI-Corrected.sleec,redundancy,9,unknown (TIMEOUT),20.024556398391724
test_files_quantifiers/ALMI/ALMI-Corrected.sleec,redundancy,10,unknown (TIMEOUT),20.023744821548462
test_files_quantifiers/ALMI/ALMI-Corrected.sleec,redundancy,11,unknown (TIMEOUT),20.0035240650177
test_files_quantifiers/ALMI/ALMI-Corrected.sleec,redundancy,12,unknown (TIMEOUT),20.15565586090088
test_files_quantifiers/ALMI/ALMI-Corrected.sleec,redundancy,13,unknown (TIMEOUT),20.01076340675354
test_files_quantifiers/ALMI/ALMI-Corrected.sleec,redundancy,14,unknown (TIMEOUT),20.023991107940674
test_files_quantifiers/ALMI/ALMI-Corrected.sleec,redundancy,15,unknown (TIMEOUT),20.34426498413086
test_files_quantifiers/ALMI/ALMI-Corrected.sleec,redundancy,16,unknown (TIMEOUT),20.000070810317993
test_files_quantifiers/ALMI/ALMI-Corrected.sleec,redundancy,17,unknown (TIMEOUT),20.000880002975464
test_files_quantifiers/ALMI/ALMI-Corrected.sleec,redundancy,18,unknown (TIMEOUT),20.015738487243652
test_files_quantifiers/ALMI/ALMI-Corrected.sleec,redundancy,19,unknown (TIMEOUT),20.186651468276978
test_files_quantifiers/ALMI/ALMI-Corrected.sleec,redundancy,20,unknown (TIMEOUT),20.008833408355713
test_files_quantifiers/ALMI/ALMI-Corrected.sleec,redundancy,21,unknown (TIMEOUT),20.006745100021362
test_files_quantifiers/ALMI/ALMI-Corrected.sleec,redundancy,22,unknown (TIMEOUT),20.06058359146118
test_files_quantifiers/ALMI/ALMI-Corrected.sleec,redundancy,23,unknown (TIMEOUT),20.001628160476685
test_files_quantifiers/ALMI/ALMI-Corrected.sleec,redundancy,24,unknown (TIMEOUT),20.282306909561157
test_files_quantifiers/ALMI/ALMI-Corrected.sleec,redundancy,25,unknown (TIMEOUT),20.402954578399658
test_files_quantifiers/ALMI/ALMI-Corrected.sleec,redundancy,26,unknown (TIMEOUT),20.23516583442688
test_files_quantifiers/ALMI/ALMI-Corrected.sleec,redundancy,27,unknown (TIMEOUT),20.241578340530396
test_files_quantifiers/ALMI/ALMI-Corrected.sleec,redundancy,28,unknown (TIMEOUT),20.16387414932251
test_files_quantifiers/ALMI/ALMI-Corrected.sleec,redundancy,29,unknown (TIMEOUT),20.026251077651978
test_files_quantifiers/ALMI/ALMI-Corrected.sleec,redundancy,30,unknown (TIMEOUT),20.00063991546631
test_files_quantifiers/ALMI/ALMI-Corrected.sleec,redundancy,31,unsat,0.17145419120788574
test_files_quantifiers/ALMI/ALMI-Corrected.sleec,redundancy,32,unknown (TIMEOUT),20.445305109024048
test_files_quantifiers/ALMI/ALMI-Corrected.sleec,redundancy,33,unknown (TIMEOUT),20.428656578063965
test_files_quantifiers/ALMI/ALMI-Corrected.sleec,redundancy,34,unknown (TIMEOUT),20.471991777420044
test_files_quantifiers/ALMI/ALMI-Corrected.sleec,redundancy,35,unknown (TIMEOUT),20.429100513458252
test_files_quantifiers/ALMI/ALMI-Corrected.sleec,conflict,0,unknown (TIMEOUT),20.022108793258667
test_files_quantifiers/ALMI/ALMI-Corrected.sleec,conflict,1,unknown (TIMEOUT),20.006184816360474
test_files_quantifiers/ALMI/ALMI-Corrected.sleec,conflict,2,unknown (TIMEOUT),20.21268057823181
test_files_quantifiers/ALMI/ALMI-Corrected.sleec,conflict,3,unknown (TIMEOUT),20.06651496887207
test_files_quantifiers/ALMI/ALMI-Corrected.sleec,conflict,4,unknown (TIMEOUT),20.000150680541992
test_files_quantifiers/ALMI/ALMI-Corrected.sleec,conflict,5,unknown (TIMEOUT),20.11032795906067
test_files_quantifiers/ALMI/ALMI-Corrected.sleec,conflict,6,unknown (TIMEOUT),20.125861883163452
test_files_quantifiers/ALMI/ALMI-Corrected.sleec,conflict,7,unknown (TIMEOUT),20.01238441467285
test_files_quantifiers/ALMI/ALMI-Corrected.sleec,conflict,8,unknown (TIMEOUT),20.005078315734863
test_files_quantifiers/ALMI/ALMI-Corrected.sleec,conflict,9,unknown (TIMEOUT),20.049899101257324
test_files_quantifiers/ALMI/ALMI-Corrected.sleec,conflict,10,unknown (TIMEOUT),20.076773643493652
test_files_quantifiers/ALMI/ALMI-Corrected.sleec,conflict,11,unknown (TIMEOUT),20.001463651657104
test_files_quantifiers/ALMI/ALMI-Corrected.sleec,conflict,12,unknown (TIMEOUT),20.172725677490234
test_files_quantifiers/ALMI/ALMI-Corrected.sleec,conflict,13,unknown (TIMEOUT),20.00008988380432
test_files_quantifiers/ALMI/ALMI-Corrected.sleec,conflict,14,unknown (TIMEOUT),20.010803937911987
test_files_quantifiers/ALMI/ALMI-Corrected.sleec,conflict,15,unknown (TIMEOUT),20.359084129333496
test_files_quantifiers/ALMI/ALMI-Corrected.sleec,conflict,16,unknown (TIMEOUT),20.323257207870483
test_files_quantifiers/ALMI/ALMI-Corrected.sleec,conflict,17,unknown (TIMEOUT),20.01349449157715
test_files_quantifiers/ALMI/ALMI-Corrected.sleec,conflict,18,unknown (TIMEOUT),20.117542266845703
test_files_quantifiers/ALMI/ALMI-Corrected.sleec,conflict,19,unknown (TIMEOUT),20.06593084335327
test_files_quantifiers/ALMI/ALMI-Corrected.sleec,conflict,20,unknown (TIMEOUT),20.298917770385742
test_files_quantifiers/ALMI/ALMI-Corrected.sleec,conflict,21,unknown (TIMEOUT),20.000166177749634
test_files_quantifiers/ALMI/ALMI-Corrected.sleec,conflict,22,unknown (TIMEOUT),20.01779055595398
test_files_quantifiers/ALMI/ALMI-Corrected.sleec,conflict,23,unknown (TIMEOUT),20.39416790008545
test_files_quantifiers/ALMI/ALMI-Corrected.sleec,conflict,24,unknown (TIMEOUT),20.307559967041016
test_files_quantifiers/ALMI/ALMI-Corrected.sleec,conflict,25,unknown (TIMEOUT),20.01463532447815
test_files_quantifiers/ALMI/ALMI-Corrected.sleec,conflict,26,unknown (TIMEOUT),20.002081155776978
test_files_quantifiers/ALMI/ALMI-Corrected.sleec,conflict,27,unknown (TIMEOUT),20.04112720489502
test_files_quantifiers/ALMI/ALMI-Corrected.sleec,conflict,28,unknown (TIMEOUT),20.206700086593628
test_files_quantifiers/ALMI/ALMI-Corrected.sleec,conflict,29,unknown (TIMEOUT),20.26581358909607
test_files_quantifiers/ALMI/ALMI-Corrected.sleec,conflict,30,unknown (TIMEOUT),20.021728038787842
test_files_quantifiers/ALMI/ALMI-Corrected.sleec,conflict,31,unknown (TIMEOUT),20.00007653236389
test_files_quantifiers/ALMI/ALMI-Corrected.sleec,conflict,32,unknown (TIMEOUT),20.00010585784912
test_files_quantifiers/ALMI/ALMI-Corrected.sleec,conflict,33,unknown (TIMEOUT),20.010029077529907
test_files_quantifiers/ALMI/ALMI-Corrected.sleec,conflict,34,unknown (TIMEOUT),20.000112295150757
test_files_quantifiers/ALMI/ALMI-Corrected.sleec,conflict,35,unknown (TIMEOUT),20.00207495689392
test_files_quantifiers/ALMI/ALMI-Corrected.sleec,concern,0,unsat,0.06748151779174805
test_files_quantifiers/ALMI/ALMI-Corrected.sleec,concern,1,unsat,0.035173892974853516
test_files_quantifiers/ALMI/ALMI-Corrected.sleec,concern,2,unsat,0.23456072807312012
test_files_quantifiers/ALMI/ALMI-Corrected.sleec,concern,3,unsat,0.028568506240844727
test_files_quantifiers/ALMI/ALMI-Corrected.sleec,concern,4,unsat,0.025735855102539062
test_files_quantifiers/ALMI/ALMI-Corrected.sleec,concern,5,unsat,0.0249936580657959
test_files_quantifiers/ALMI/ALMI-Corrected.sleec,concern,6,unsat,0.03618454933166504
test_files_quantifiers/ALMI/ALMI-Corrected.sleec,concern,7,unsat,0.024898052215576172
test_files_quantifiers/ALMI/ALMI-Corrected.sleec,concern,8,unknown (TIMEOUT),20.02824568748474
test_files_quantifiers/ALMI/ALMI-Corrected.sleec,concern,9,unsat,0.038520097732543945
