file,mode,rule,result,duration
test_files_set_quantifiers/buggy.sleec,redundancy,0,unsat,0.09564208984375
test_files_set_quantifiers/buggy.sleec,redundancy,1,sat,0.11051797866821289
test_files_set_quantifiers/buggy.sleec,redundancy,2,unknown (TIMEOUT),20.00741481781006
test_files_set_quantifiers/buggy.sleec,redundancy,3,unknown (TIMEOUT),20.00542402267456
test_files_set_quantifiers/buggy.sleec,redundancy,4,sat,0.181471586227417
test_files_set_quantifiers/buggy.sleec,redundancy,5,unsat,0.02240276336669922
test_files_set_quantifiers/buggy.sleec,redundancy,6,unsat,0.1103818416595459
test_files_set_quantifiers/buggy.sleec,redundancy,7,sat,0.019720792770385742
test_files_set_quantifiers/buggy.sleec,redundancy,8,sat,0.022742271423339844
test_files_set_quantifiers/buggy.sleec,redundancy,9,sat,0.029772043228149414
test_files_set_quantifiers/buggy.sleec,redundancy,10,sat,0.20364785194396973
test_files_set_quantifiers/buggy.sleec,redundancy,11,sat,0.026266813278198242
test_files_set_quantifiers/buggy.sleec,conflict,0,unknown (TIMEOUT),20.015810251235962
test_files_set_quantifiers/buggy.sleec,conflict,1,unknown (TIMEOUT),20.008012771606445
test_files_set_quantifiers/buggy.sleec,conflict,2,unknown (TIMEOUT),20.002937078475952
test_files_set_quantifiers/buggy.sleec,conflict,3,unknown (TIMEOUT),20.006890535354614
test_files_set_quantifiers/buggy.sleec,conflict,4,unknown (TIMEOUT),20.001543283462524
test_files_set_quantifiers/buggy.sleec,conflict,5,unknown (TIMEOUT),20.00196886062622
test_files_set_quantifiers/buggy.sleec,conflict,6,unknown (TIMEOUT),20.00823402404785
test_files_set_quantifiers/buggy.sleec,conflict,7,sat,0.03910183906555176
test_files_set_quantifiers/buggy.sleec,conflict,8,sat,0.04565858840942383
test_files_set_quantifiers/buggy.sleec,conflict,9,sat,0.16697072982788086
test_files_set_quantifiers/buggy.sleec,conflict,10,unknown (TIMEOUT),20.017235279083252
test_files_set_quantifiers/buggy.sleec,conflict,11,unsat,0.03709888458251953
test_files_set_quantifiers/buggy.sleec,concern,0,unknown (TIMEOUT),20.047041654586792
test_files_set_quantifiers/test1.sleec,redundancy,0,sat,0.01704239845275879
test_files_set_quantifiers/test1.sleec,redundancy,1,sat,0.010376691818237305
test_files_set_quantifiers/test1.sleec,redundancy,2,unsat,0.017447471618652344
test_files_set_quantifiers/test1.sleec,redundancy,3,sat,0.029343366622924805
test_files_set_quantifiers/test1.sleec,conflict,0,sat,0.0534365177154541
test_files_set_quantifiers/test1.sleec,conflict,1,sat,0.018088340759277344
test_files_set_quantifiers/test1.sleec,conflict,2,sat,0.05028653144836426
test_files_set_quantifiers/test1.sleec,conflict,3,sat,0.04996967315673828
test_files_set_quantifiers/test4.sleec,redundancy,0,sat,0.021095752716064453
test_files_set_quantifiers/test4.sleec,redundancy,1,sat,0.018980979919433594
test_files_set_quantifiers/test4.sleec,redundancy,2,sat,0.010863542556762695
test_files_set_quantifiers/test4.sleec,conflict,0,sat,0.05240988731384277
test_files_set_quantifiers/test4.sleec,conflict,1,sat,0.06706595420837402
test_files_set_quantifiers/test4.sleec,conflict,2,sat,0.020892620086669922
test_files_set_quantifiers/test4.sleec,concern,0,unsat,0.10438370704650879
test_files_set_quantifiers/test3.sleec,redundancy,0,sat,0.020514726638793945
test_files_set_quantifiers/test3.sleec,redundancy,1,sat,0.01853656768798828
test_files_set_quantifiers/test3.sleec,redundancy,2,sat,0.01062917709350586
test_files_set_quantifiers/test3.sleec,conflict,0,sat,0.05213308334350586
test_files_set_quantifiers/test3.sleec,conflict,1,sat,0.06664299964904785
test_files_set_quantifiers/test3.sleec,conflict,2,sat,0.021039962768554688
test_files_set_quantifiers/test3.sleec,concern,0,sat,0.08328366279602051
test_files_set_quantifiers/test.sleec,redundancy,0,unsat,0.05541253089904785
test_files_set_quantifiers/test.sleec,redundancy,1,unsat,0.014583826065063477
test_files_set_quantifiers/test.sleec,redundancy,2,unsat,0.014737606048583984
test_files_set_quantifiers/test.sleec,redundancy,3,sat,0.02522420883178711
test_files_set_quantifiers/test.sleec,redundancy,4,unsat,0.025580644607543945
test_files_set_quantifiers/test.sleec,redundancy,5,unsat,0.04816007614135742
test_files_set_quantifiers/test.sleec,redundancy,6,unsat,0.8102948665618896
test_files_set_quantifiers/test.sleec,redundancy,7,unsat,0.019583940505981445
test_files_set_quantifiers/test.sleec,redundancy,8,unsat,0.04941153526306152
test_files_set_quantifiers/test.sleec,redundancy,9,unsat,0.12102556228637695
test_files_set_quantifiers/test.sleec,redundancy,10,unsat,0.12451434135437012
test_files_set_quantifiers/test.sleec,redundancy,11,sat,0.11980366706848145
test_files_set_quantifiers/test.sleec,redundancy,12,unsat,0.12390542030334473
test_files_set_quantifiers/test.sleec,redundancy,13,sat,0.05571722984313965
test_files_set_quantifiers/test.sleec,redundancy,14,unsat,0.039261817932128906
test_files_set_quantifiers/test.sleec,redundancy,15,sat,0.025278568267822266
test_files_set_quantifiers/test.sleec,redundancy,16,sat,0.06326723098754883
test_files_set_quantifiers/test.sleec,redundancy,17,sat,0.03230595588684082
test_files_set_quantifiers/test.sleec,redundancy,18,sat,0.02121424674987793
test_files_set_quantifiers/test.sleec,redundancy,19,sat,0.04678177833557129
test_files_set_quantifiers/test.sleec,redundancy,20,unknown (TIMEOUT),20.008890867233276
test_files_set_quantifiers/test.sleec,conflict,0,sat,0.050565242767333984
test_files_set_quantifiers/test.sleec,conflict,1,sat,0.040640830993652344
test_files_set_quantifiers/test.sleec,conflict,2,sat,0.043561458587646484
test_files_set_quantifiers/test.sleec,conflict,3,sat,0.2600421905517578
test_files_set_quantifiers/test.sleec,conflict,4,sat,0.26569128036499023
test_files_set_quantifiers/test.sleec,conflict,5,sat,0.372678279876709
test_files_set_quantifiers/test.sleec,conflict,6,sat,0.18327689170837402
test_files_set_quantifiers/test.sleec,conflict,7,sat,0.1852099895477295
test_files_set_quantifiers/test.sleec,conflict,8,sat,0.18438720703125
test_files_set_quantifiers/test.sleec,conflict,9,sat,0.18687891960144043
test_files_set_quantifiers/test.sleec,conflict,10,sat,0.185044527053833
test_files_set_quantifiers/test.sleec,conflict,11,sat,0.1848154067993164
test_files_set_quantifiers/test.sleec,conflict,12,sat,0.18472838401794434
test_files_set_quantifiers/test.sleec,conflict,13,sat,0.021978378295898438
test_files_set_quantifiers/test.sleec,conflict,14,sat,0.024967670440673828
test_files_set_quantifiers/test.sleec,conflict,15,sat,0.021174907684326172
test_files_set_quantifiers/test.sleec,conflict,16,sat,0.021267414093017578
test_files_set_quantifiers/test.sleec,conflict,17,unknown (TIMEOUT),20.00362229347229
test_files_set_quantifiers/test.sleec,conflict,18,unknown (TIMEOUT),20.019583225250244
test_files_set_quantifiers/test.sleec,conflict,19,unknown (TIMEOUT),20.039587020874023
test_files_set_quantifiers/test.sleec,conflict,20,unknown (TIMEOUT),20.017082929611206
test_files_set_quantifiers/test2.sleec,redundancy,0,sat,0.021979331970214844
test_files_set_quantifiers/test2.sleec,redundancy,1,sat,0.01864933967590332
test_files_set_quantifiers/test2.sleec,redundancy,2,sat,0.027121782302856445
test_files_set_quantifiers/test2.sleec,conflict,0,unknown (TIMEOUT),20.03988027572632
test_files_set_quantifiers/test2.sleec,conflict,1,sat,0.0504610538482666
test_files_set_quantifiers/test2.sleec,conflict,2,unknown (TIMEOUT),20.02253293991089
test_files_set_quantifiers/safescade/safescade-corrected.sleec,redundancy,0,sat,0.21245026588439941
test_files_set_quantifiers/safescade/safescade-corrected.sleec,redundancy,1,sat,0.05564379692077637
test_files_set_quantifiers/safescade/safescade-corrected.sleec,redundancy,2,sat,0.0571441650390625
test_files_set_quantifiers/safescade/safescade-corrected.sleec,redundancy,3,sat,0.056989431381225586
test_files_set_quantifiers/safescade/safescade-corrected.sleec,redundancy,4,sat,0.24923419952392578
test_files_set_quantifiers/safescade/safescade-corrected.sleec,redundancy,5,sat,0.05837249755859375
test_files_set_quantifiers/safescade/safescade-corrected.sleec,redundancy,6,sat,0.05714607238769531
test_files_set_quantifiers/safescade/safescade-corrected.sleec,redundancy,7,sat,0.06048703193664551
test_files_set_quantifiers/safescade/safescade-corrected.sleec,redundancy,8,sat,0.5726816654205322
test_files_set_quantifiers/safescade/safescade-corrected.sleec,redundancy,9,sat,0.0669865608215332
test_files_set_quantifiers/safescade/safescade-corrected.sleec,redundancy,10,sat,0.0919487476348877
test_files_set_quantifiers/safescade/safescade-corrected.sleec,redundancy,11,sat,0.056711673736572266
test_files_set_quantifiers/safescade/safescade-corrected.sleec,redundancy,12,sat,0.37549400329589844
test_files_set_quantifiers/safescade/safescade-corrected.sleec,redundancy,13,sat,0.24696588516235352
test_files_set_quantifiers/safescade/safescade-corrected.sleec,redundancy,14,sat,0.059841156005859375
test_files_set_quantifiers/safescade/safescade-corrected.sleec,redundancy,15,sat,0.0601961612701416
test_files_set_quantifiers/safescade/safescade-corrected.sleec,redundancy,16,sat,0.09463024139404297
test_files_set_quantifiers/safescade/safescade-corrected.sleec,redundancy,17,sat,0.059905290603637695
test_files_set_quantifiers/safescade/safescade-corrected.sleec,redundancy,18,sat,0.09533071517944336
test_files_set_quantifiers/safescade/safescade-corrected.sleec,redundancy,19,sat,0.09500336647033691
test_files_set_quantifiers/safescade/safescade-corrected.sleec,redundancy,20,sat,0.3259420394897461
test_files_set_quantifiers/safescade/safescade-corrected.sleec,redundancy,21,sat,0.40387392044067383
test_files_set_quantifiers/safescade/safescade-corrected.sleec,redundancy,22,sat,0.09754204750061035
test_files_set_quantifiers/safescade/safescade-corrected.sleec,redundancy,23,sat,0.09584498405456543
test_files_set_quantifiers/safescade/safescade-corrected.sleec,redundancy,24,sat,0.09668922424316406
test_files_set_quantifiers/safescade/safescade-corrected.sleec,redundancy,25,sat,0.09460067749023438
test_files_set_quantifiers/safescade/safescade-corrected.sleec,redundancy,26,sat,0.05981326103210449
test_files_set_quantifiers/safescade/safescade-corrected.sleec,conflict,0,sat,0.49574708938598633
test_files_set_quantifiers/safescade/safescade-corrected.sleec,conflict,1,sat,0.10245680809020996
test_files_set_quantifiers/safescade/safescade-corrected.sleec,conflict,2,sat,0.11186647415161133
test_files_set_quantifiers/safescade/safescade-corrected.sleec,conflict,3,sat,0.10117435455322266
test_files_set_quantifiers/safescade/safescade-corrected.sleec,conflict,4,sat,0.5034456253051758
test_files_set_quantifiers/safescade/safescade-corrected.sleec,conflict,5,sat,0.1078643798828125
test_files_set_quantifiers/safescade/safescade-corrected.sleec,conflict,6,sat,0.09530830383300781
test_files_set_quantifiers/safescade/safescade-corrected.sleec,conflict,7,sat,0.5612766742706299
test_files_set_quantifiers/safescade/safescade-corrected.sleec,conflict,8,sat,0.10945320129394531
test_files_set_quantifiers/safescade/safescade-corrected.sleec,conflict,9,sat,0.11651229858398438
test_files_set_quantifiers/safescade/safescade-corrected.sleec,conflict,10,sat,0.14619112014770508
test_files_set_quantifiers/safescade/safescade-corrected.sleec,conflict,11,sat,0.10228896141052246
test_files_set_quantifiers/safescade/safescade-corrected.sleec,conflict,12,sat,0.6610474586486816
test_files_set_quantifiers/safescade/safescade-corrected.sleec,conflict,13,sat,0.5505738258361816
test_files_set_quantifiers/safescade/safescade-corrected.sleec,conflict,14,sat,0.10767149925231934
test_files_set_quantifiers/safescade/safescade-corrected.sleec,conflict,15,sat,0.10479903221130371
test_files_set_quantifiers/safescade/safescade-corrected.sleec,conflict,16,sat,0.14420390129089355
test_files_set_quantifiers/safescade/safescade-corrected.sleec,conflict,17,sat,0.09800529479980469
test_files_set_quantifiers/safescade/safescade-corrected.sleec,conflict,18,sat,0.14704632759094238
test_files_set_quantifiers/safescade/safescade-corrected.sleec,conflict,19,sat,0.14521193504333496
test_files_set_quantifiers/safescade/safescade-corrected.sleec,conflict,20,sat,0.5403456687927246
test_files_set_quantifiers/safescade/safescade-corrected.sleec,conflict,21,sat,0.5447118282318115
test_files_set_quantifiers/safescade/safescade-corrected.sleec,conflict,22,sat,0.10599350929260254
test_files_set_quantifiers/safescade/safescade-corrected.sleec,conflict,23,sat,0.14984703063964844
test_files_set_quantifiers/safescade/safescade-corrected.sleec,conflict,24,sat,0.1480698585510254
test_files_set_quantifiers/safescade/safescade-corrected.sleec,conflict,25,sat,0.15945792198181152
test_files_set_quantifiers/safescade/safescade-corrected.sleec,conflict,26,sat,0.10332965850830078
test_files_set_quantifiers/safescade/safescade-corrected.sleec,concern,0,unsat,0.10790634155273438
test_files_set_quantifiers/safescade/safescade-corrected.sleec,concern,1,unsat,0.06906652450561523
test_files_set_quantifiers/safescade/safescade-corrected.sleec,concern,2,sat,0.4103524684906006
test_files_set_quantifiers/safescade/safescade.sleec,redundancy,0,sat,0.2731146812438965
test_files_set_quantifiers/safescade/safescade.sleec,redundancy,1,unsat,0.03458738327026367
test_files_set_quantifiers/safescade/safescade.sleec,redundancy,2,sat,0.053113698959350586
test_files_set_quantifiers/safescade/safescade.sleec,redundancy,3,unsat,0.04021930694580078
test_files_set_quantifiers/safescade/safescade.sleec,redundancy,4,unsat,0.03487110137939453
test_files_set_quantifiers/safescade/safescade.sleec,redundancy,5,sat,0.05288076400756836
test_files_set_quantifiers/safescade/safescade.sleec,redundancy,6,sat,0.713721513748169
test_files_set_quantifiers/safescade/safescade.sleec,redundancy,7,sat,0.342562198638916
test_files_set_quantifiers/safescade/safescade.sleec,redundancy,8,sat,0.05627918243408203
test_files_set_quantifiers/safescade/safescade.sleec,redundancy,9,sat,0.0549159049987793
test_files_set_quantifiers/safescade/safescade.sleec,redundancy,10,sat,0.051471710205078125
test_files_set_quantifiers/safescade/safescade.sleec,redundancy,11,sat,0.13085198402404785
test_files_set_quantifiers/safescade/safescade.sleec,redundancy,12,sat,0.20561909675598145
test_files_set_quantifiers/safescade/safescade.sleec,redundancy,13,sat,0.05514812469482422
test_files_set_quantifiers/safescade/safescade.sleec,redundancy,14,sat,0.08638906478881836
test_files_set_quantifiers/safescade/safescade.sleec,redundancy,15,sat,0.3857550621032715
test_files_set_quantifiers/safescade/safescade.sleec,redundancy,16,sat,0.23921823501586914
test_files_set_quantifiers/safescade/safescade.sleec,redundancy,17,sat,0.05580759048461914
test_files_set_quantifiers/safescade/safescade.sleec,redundancy,18,sat,0.13187742233276367
test_files_set_quantifiers/safescade/safescade.sleec,redundancy,19,sat,0.42057299613952637
test_files_set_quantifiers/safescade/safescade.sleec,redundancy,20,sat,0.09177684783935547
test_files_set_quantifiers/safescade/safescade.sleec,redundancy,21,sat,0.13011765480041504
test_files_set_quantifiers/safescade/safescade.sleec,redundancy,22,sat,0.08933806419372559
test_files_set_quantifiers/safescade/safescade.sleec,redundancy,23,sat,0.32779598236083984
test_files_set_quantifiers/safescade/safescade.sleec,redundancy,24,sat,0.5491180419921875
test_files_set_quantifiers/safescade/safescade.sleec,redundancy,25,sat,0.05877947807312012
test_files_set_quantifiers/safescade/safescade.sleec,redundancy,26,sat,0.09114670753479004
test_files_set_quantifiers/safescade/safescade.sleec,redundancy,27,sat,0.09014105796813965
test_files_set_quantifiers/safescade/safescade.sleec,conflict,0,sat,0.41910409927368164
test_files_set_quantifiers/safescade/safescade.sleec,conflict,1,sat,0.0973055362701416
test_files_set_quantifiers/safescade/safescade.sleec,conflict,2,sat,0.15699982643127441
test_files_set_quantifiers/safescade/safescade.sleec,conflict,3,sat,0.4185354709625244
test_files_set_quantifiers/safescade/safescade.sleec,conflict,4,sat,0.0992579460144043
test_files_set_quantifiers/safescade/safescade.sleec,conflict,5,sat,0.1517643928527832
test_files_set_quantifiers/safescade/safescade.sleec,conflict,6,sat,0.15147924423217773
test_files_set_quantifiers/safescade/safescade.sleec,conflict,7,sat,0.42757129669189453
test_files_set_quantifiers/safescade/safescade.sleec,conflict,8,sat,0.08954501152038574
test_files_set_quantifiers/safescade/safescade.sleec,conflict,9,sat,0.08821225166320801
test_files_set_quantifiers/safescade/safescade.sleec,conflict,10,sat,0.5254695415496826
test_files_set_quantifiers/safescade/safescade.sleec,conflict,11,sat,0.18846654891967773
test_files_set_quantifiers/safescade/safescade.sleec,conflict,12,sat,0.4155545234680176
test_files_set_quantifiers/safescade/safescade.sleec,conflict,13,sat,0.09173130989074707
test_files_set_quantifiers/safescade/safescade.sleec,conflict,14,sat,0.09472227096557617
test_files_set_quantifiers/safescade/safescade.sleec,conflict,15,sat,0.7449016571044922
test_files_set_quantifiers/safescade/safescade.sleec,conflict,16,sat,0.44597744941711426
test_files_set_quantifiers/safescade/safescade.sleec,conflict,17,sat,0.15705537796020508
test_files_set_quantifiers/safescade/safescade.sleec,conflict,18,sat,0.1908245086669922
test_files_set_quantifiers/safescade/safescade.sleec,conflict,19,sat,0.05735063552856445
test_files_set_quantifiers/safescade/safescade.sleec,conflict,20,sat,0.13436079025268555
test_files_set_quantifiers/safescade/safescade.sleec,conflict,21,sat,0.19122719764709473
test_files_set_quantifiers/safescade/safescade.sleec,conflict,22,sat,0.13514328002929688
test_files_set_quantifiers/safescade/safescade.sleec,conflict,23,sat,0.5905852317810059
test_files_set_quantifiers/safescade/safescade.sleec,conflict,24,sat,0.597074031829834
test_files_set_quantifiers/safescade/safescade.sleec,conflict,25,sat,0.06268692016601562
test_files_set_quantifiers/safescade/safescade.sleec,conflict,26,sat,0.13813495635986328
test_files_set_quantifiers/safescade/safescade.sleec,conflict,27,sat,0.1398906707763672
test_files_set_quantifiers/safescade/safescade.sleec,concern,0,sat,0.3939800262451172
test_files_set_quantifiers/safescade/safescade.sleec,concern,1,sat,0.395967960357666
test_files_set_quantifiers/safescade/safescade.sleec,concern,2,sat,0.627302885055542
test_files_set_quantifiers/safescade/safescade.sleec,concern,3,sat,0.41690707206726074
test_files_set_quantifiers/covidfree/covidfree.sleec,redundancy,0,sat,0.07711005210876465
test_files_set_quantifiers/covidfree/covidfree.sleec,redundancy,1,sat,0.06261563301086426
test_files_set_quantifiers/covidfree/covidfree.sleec,redundancy,2,unknown (TIMEOUT),20.005518913269043
test_files_set_quantifiers/covidfree/covidfree.sleec,redundancy,3,unknown (TIMEOUT),20.008530616760254
test_files_set_quantifiers/covidfree/covidfree.sleec,redundancy,4,sat,0.06645059585571289
test_files_set_quantifiers/covidfree/covidfree.sleec,redundancy,5,unsat,0.02032947540283203
test_files_set_quantifiers/covidfree/covidfree.sleec,redundancy,6,sat,0.20471739768981934
test_files_set_quantifiers/covidfree/covidfree.sleec,redundancy,7,sat,0.05900454521179199
test_files_set_quantifiers/covidfree/covidfree.sleec,redundancy,8,sat,0.0959014892578125
test_files_set_quantifiers/covidfree/covidfree.sleec,redundancy,9,sat,0.0947268009185791
test_files_set_quantifiers/covidfree/covidfree.sleec,redundancy,10,sat,0.0585939884185791
test_files_set_quantifiers/covidfree/covidfree.sleec,redundancy,11,sat,0.06650471687316895
test_files_set_quantifiers/covidfree/covidfree.sleec,redundancy,12,unknown (TIMEOUT),20.06051206588745
test_files_set_quantifiers/covidfree/covidfree.sleec,redundancy,13,sat,0.0596160888671875
test_files_set_quantifiers/covidfree/covidfree.sleec,redundancy,14,sat,0.05565476417541504
test_files_set_quantifiers/covidfree/covidfree.sleec,redundancy,15,unknown (TIMEOUT),20.066925048828125
test_files_set_quantifiers/covidfree/covidfree.sleec,redundancy,16,unknown (TIMEOUT),20.037854433059692
test_files_set_quantifiers/covidfree/covidfree.sleec,redundancy,17,unknown (TIMEOUT),20.000213146209717
test_files_set_quantifiers/covidfree/covidfree.sleec,redundancy,18,sat,0.06153059005737305
test_files_set_quantifiers/covidfree/covidfree.sleec,redundancy,19,unknown (TIMEOUT),20.030269622802734
test_files_set_quantifiers/covidfree/covidfree.sleec,redundancy,20,sat,0.0702047348022461
test_files_set_quantifiers/covidfree/covidfree.sleec,redundancy,21,sat,0.15258359909057617
test_files_set_quantifiers/covidfree/covidfree.sleec,redundancy,22,sat,0.07639765739440918
test_files_set_quantifiers/covidfree/covidfree.sleec,redundancy,23,sat,0.21543025970458984
test_files_set_quantifiers/covidfree/covidfree.sleec,redundancy,24,sat,0.06400728225708008
test_files_set_quantifiers/covidfree/covidfree.sleec,conflict,0,sat,0.0771939754486084
test_files_set_quantifiers/covidfree/covidfree.sleec,conflict,1,sat,0.09660124778747559
test_files_set_quantifiers/covidfree/covidfree.sleec,conflict,2,unknown (TIMEOUT),20.047603607177734
test_files_set_quantifiers/covidfree/covidfree.sleec,conflict,3,unknown (TIMEOUT),20.00046157836914
test_files_set_quantifiers/covidfree/covidfree.sleec,conflict,4,sat,0.10895323753356934
test_files_set_quantifiers/covidfree/covidfree.sleec,conflict,5,unknown (TIMEOUT),20.003979921340942
test_files_set_quantifiers/covidfree/covidfree.sleec,conflict,6,sat,0.06387472152709961
test_files_set_quantifiers/covidfree/covidfree.sleec,conflict,7,unknown (TIMEOUT),20.013359308242798
test_files_set_quantifiers/covidfree/covidfree.sleec,conflict,8,sat,0.146101713180542
test_files_set_quantifiers/covidfree/covidfree.sleec,conflict,9,sat,0.14366388320922852
test_files_set_quantifiers/covidfree/covidfree.sleec,conflict,10,unknown (TIMEOUT),20.00423765182495
test_files_set_quantifiers/covidfree/covidfree.sleec,conflict,11,sat,0.08701586723327637
test_files_set_quantifiers/covidfree/covidfree.sleec,conflict,12,unknown (TIMEOUT),20.037601947784424
test_files_set_quantifiers/covidfree/covidfree.sleec,conflict,13,sat,0.12938380241394043
test_files_set_quantifiers/covidfree/covidfree.sleec,conflict,14,sat,0.12380027770996094
test_files_set_quantifiers/covidfree/covidfree.sleec,conflict,15,unknown (TIMEOUT),20.026254653930664
test_files_set_quantifiers/covidfree/covidfree.sleec,conflict,16,unknown (TIMEOUT),20.057665586471558
test_files_set_quantifiers/covidfree/covidfree.sleec,conflict,17,unknown (TIMEOUT),20.001707077026367
test_files_set_quantifiers/covidfree/covidfree.sleec,conflict,18,sat,0.10183358192443848
test_files_set_quantifiers/covidfree/covidfree.sleec,conflict,19,unknown (TIMEOUT),20.038813591003418
test_files_set_quantifiers/covidfree/covidfree.sleec,conflict,20,sat,0.12804532051086426
test_files_set_quantifiers/covidfree/covidfree.sleec,conflict,21,sat,0.11144590377807617
test_files_set_quantifiers/covidfree/covidfree.sleec,conflict,22,sat,0.11203980445861816
test_files_set_quantifiers/covidfree/covidfree.sleec,conflict,23,sat,0.06775665283203125
test_files_set_quantifiers/covidfree/covidfree.sleec,conflict,24,sat,0.06394505500793457
test_files_set_quantifiers/covidfree/manual.sleec,redundancy,0,sat,0.1664257049560547
test_files_set_quantifiers/covidfree/manual.sleec,redundancy,1,sat,0.03613638877868652
test_files_set_quantifiers/covidfree/manual.sleec,redundancy,2,sat,0.0332331657409668
test_files_set_quantifiers/covidfree/manual.sleec,redundancy,3,sat,0.03377962112426758
test_files_set_quantifiers/covidfree/manual.sleec,redundancy,4,sat,0.030339956283569336
test_files_set_quantifiers/covidfree/manual.sleec,redundancy,5,sat,0.03801083564758301
test_files_set_quantifiers/covidfree/manual.sleec,redundancy,6,sat,0.030657052993774414
test_files_set_quantifiers/covidfree/manual.sleec,redundancy,7,sat,0.05934429168701172
test_files_set_quantifiers/covidfree/manual.sleec,redundancy,8,sat,0.05895829200744629
test_files_set_quantifiers/covidfree/manual.sleec,redundancy,9,sat,0.036005496978759766
test_files_set_quantifiers/covidfree/manual.sleec,redundancy,10,sat,0.05756688117980957
test_files_set_quantifiers/covidfree/manual.sleec,redundancy,11,sat,0.05813407897949219
test_files_set_quantifiers/covidfree/manual.sleec,redundancy,12,sat,0.03099679946899414
test_files_set_quantifiers/covidfree/manual.sleec,redundancy,13,sat,0.032753705978393555
test_files_set_quantifiers/covidfree/manual.sleec,redundancy,14,sat,0.029962539672851562
test_files_set_quantifiers/covidfree/manual.sleec,redundancy,15,sat,0.057383060455322266
test_files_set_quantifiers/covidfree/manual.sleec,redundancy,16,sat,0.03150606155395508
test_files_set_quantifiers/covidfree/manual.sleec,redundancy,17,sat,0.034646034240722656
test_files_set_quantifiers/covidfree/manual.sleec,redundancy,18,sat,0.05383467674255371
test_files_set_quantifiers/covidfree/manual.sleec,conflict,0,sat,0.06659626960754395
test_files_set_quantifiers/covidfree/manual.sleec,conflict,1,sat,0.06326723098754883
test_files_set_quantifiers/covidfree/manual.sleec,conflict,2,sat,0.056769609451293945
test_files_set_quantifiers/covidfree/manual.sleec,conflict,3,sat,0.05704379081726074
test_files_set_quantifiers/covidfree/manual.sleec,conflict,4,sat,0.05177879333496094
test_files_set_quantifiers/covidfree/manual.sleec,conflict,5,sat,0.03360891342163086
test_files_set_quantifiers/covidfree/manual.sleec,conflict,6,sat,0.05086660385131836
test_files_set_quantifiers/covidfree/manual.sleec,conflict,7,sat,0.08483171463012695
test_files_set_quantifiers/covidfree/manual.sleec,conflict,8,sat,0.08716702461242676
test_files_set_quantifiers/covidfree/manual.sleec,conflict,9,sat,0.06768035888671875
test_files_set_quantifiers/covidfree/manual.sleec,conflict,10,sat,0.0839087963104248
test_files_set_quantifiers/covidfree/manual.sleec,conflict,11,sat,0.08377885818481445
test_files_set_quantifiers/covidfree/manual.sleec,conflict,12,sat,0.03413867950439453
test_files_set_quantifiers/covidfree/manual.sleec,conflict,13,sat,0.051802635192871094
test_files_set_quantifiers/covidfree/manual.sleec,conflict,14,sat,0.05498027801513672
test_files_set_quantifiers/covidfree/manual.sleec,conflict,15,sat,0.08407449722290039
test_files_set_quantifiers/covidfree/manual.sleec,conflict,16,sat,0.055538177490234375
test_files_set_quantifiers/covidfree/manual.sleec,conflict,17,sat,0.06223940849304199
test_files_set_quantifiers/covidfree/manual.sleec,conflict,18,sat,0.08416128158569336
test_files_set_quantifiers/ASPEN/aspen.sleec,redundancy,0,sat,0.10883641242980957
test_files_set_quantifiers/ASPEN/aspen.sleec,redundancy,1,sat,0.10325455665588379
test_files_set_quantifiers/ASPEN/aspen.sleec,redundancy,2,sat,0.08025670051574707
test_files_set_quantifiers/ASPEN/aspen.sleec,redundancy,3,sat,0.06603813171386719
test_files_set_quantifiers/ASPEN/aspen.sleec,redundancy,4,sat,0.10862207412719727
test_files_set_quantifiers/ASPEN/aspen.sleec,redundancy,5,sat,0.3515658378601074
test_files_set_quantifiers/ASPEN/aspen.sleec,redundancy,6,sat,0.07131266593933105
test_files_set_quantifiers/ASPEN/aspen.sleec,redundancy,7,sat,0.3562750816345215
test_files_set_quantifiers/ASPEN/aspen.sleec,redundancy,8,sat,0.6470980644226074
test_files_set_quantifiers/ASPEN/aspen.sleec,redundancy,9,sat,0.7118797302246094
test_files_set_quantifiers/ASPEN/aspen.sleec,redundancy,10,sat,0.365706205368042
test_files_set_quantifiers/ASPEN/aspen.sleec,redundancy,11,sat,0.3639984130859375
test_files_set_quantifiers/ASPEN/aspen.sleec,redundancy,12,sat,0.4598543643951416
test_files_set_quantifiers/ASPEN/aspen.sleec,redundancy,13,sat,0.07389974594116211
test_files_set_quantifiers/ASPEN/aspen.sleec,redundancy,14,sat,0.07249832153320312
test_files_set_quantifiers/ASPEN/aspen.sleec,redundancy,15,sat,0.5817108154296875
test_files_set_quantifiers/ASPEN/aspen.sleec,redundancy,16,sat,0.07340431213378906
test_files_set_quantifiers/ASPEN/aspen.sleec,redundancy,17,sat,0.07186150550842285
test_files_set_quantifiers/ASPEN/aspen.sleec,redundancy,18,sat,0.11175966262817383
test_files_set_quantifiers/ASPEN/aspen.sleec,redundancy,19,sat,0.10931563377380371
test_files_set_quantifiers/ASPEN/aspen.sleec,redundancy,20,sat,0.8071644306182861
test_files_set_quantifiers/ASPEN/aspen.sleec,redundancy,21,unsat,0.3908989429473877
test_files_set_quantifiers/ASPEN/aspen.sleec,redundancy,22,sat,0.368577241897583
test_files_set_quantifiers/ASPEN/aspen.sleec,conflict,0,sat,0.15413308143615723
test_files_set_quantifiers/ASPEN/aspen.sleec,conflict,1,sat,0.14864850044250488
test_files_set_quantifiers/ASPEN/aspen.sleec,conflict,2,sat,0.07353091239929199
test_files_set_quantifiers/ASPEN/aspen.sleec,conflict,3,sat,0.10325908660888672
test_files_set_quantifiers/ASPEN/aspen.sleec,conflict,4,sat,0.9557886123657227
test_files_set_quantifiers/ASPEN/aspen.sleec,conflict,5,sat,0.4582679271697998
test_files_set_quantifiers/ASPEN/aspen.sleec,conflict,6,sat,0.1097249984741211
test_files_set_quantifiers/ASPEN/aspen.sleec,conflict,7,sat,0.4483776092529297
test_files_set_quantifiers/ASPEN/aspen.sleec,conflict,8,sat,0.9824261665344238
test_files_set_quantifiers/ASPEN/aspen.sleec,conflict,9,sat,0.9979872703552246
test_files_set_quantifiers/ASPEN/aspen.sleec,conflict,10,sat,0.4625678062438965
test_files_set_quantifiers/ASPEN/aspen.sleec,conflict,11,sat,0.46642208099365234
test_files_set_quantifiers/ASPEN/aspen.sleec,conflict,12,sat,0.5003006458282471
test_files_set_quantifiers/ASPEN/aspen.sleec,conflict,13,sat,0.11398696899414062
test_files_set_quantifiers/ASPEN/aspen.sleec,conflict,14,sat,0.11023926734924316
test_files_set_quantifiers/ASPEN/aspen.sleec,conflict,15,sat,0.5002357959747314
test_files_set_quantifiers/ASPEN/aspen.sleec,conflict,16,sat,0.11384224891662598
test_files_set_quantifiers/ASPEN/aspen.sleec,conflict,17,sat,0.10940718650817871
test_files_set_quantifiers/ASPEN/aspen.sleec,conflict,18,sat,0.16271471977233887
test_files_set_quantifiers/ASPEN/aspen.sleec,conflict,19,sat,0.16125917434692383
test_files_set_quantifiers/ASPEN/aspen.sleec,conflict,20,sat,1.0085809230804443
test_files_set_quantifiers/ASPEN/aspen.sleec,conflict,21,sat,0.47754955291748047
test_files_set_quantifiers/ASPEN/aspen.sleec,conflict,22,sat,0.47559380531311035
test_files_set_quantifiers/ASPEN/aspen.sleec,concern,0,unsat,0.518989086151123
test_files_set_quantifiers/ASPEN/aspen.sleec,concern,1,unsat,0.5442216396331787
test_files_set_quantifiers/ASPEN/aspen.sleec,concern,2,unsat,0.3887207508087158
test_files_set_quantifiers/ASPEN/aspen.sleec,concern,3,sat,0.5998284816741943
test_files_set_quantifiers/ASPEN/aspen.sleec,concern,4,sat,1.0385985374450684
test_files_set_quantifiers/ASPEN/aspen.sleec,concern,5,unsat,0.49468207359313965
test_files_set_quantifiers/ASPEN/aspen.sleec,concern,6,sat,0.07281494140625
test_files_set_quantifiers/ASPEN/aspen.sleec,concern,7,sat,0.06834578514099121
test_files_set_quantifiers/ASPEN/aspen-corrected.sleec,redundancy,0,sat,0.11000800132751465
test_files_set_quantifiers/ASPEN/aspen-corrected.sleec,redundancy,1,sat,0.10681438446044922
test_files_set_quantifiers/ASPEN/aspen-corrected.sleec,redundancy,2,sat,0.08315515518188477
test_files_set_quantifiers/ASPEN/aspen-corrected.sleec,redundancy,3,sat,0.0684959888458252
test_files_set_quantifiers/ASPEN/aspen-corrected.sleec,redundancy,4,sat,1.2702064514160156
test_files_set_quantifiers/ASPEN/aspen-corrected.sleec,redundancy,5,sat,1.0301084518432617
test_files_set_quantifiers/ASPEN/aspen-corrected.sleec,redundancy,6,sat,0.07410836219787598
test_files_set_quantifiers/ASPEN/aspen-corrected.sleec,redundancy,7,sat,1.043262004852295
test_files_set_quantifiers/ASPEN/aspen-corrected.sleec,redundancy,8,sat,0.08171343803405762
test_files_set_quantifiers/ASPEN/aspen-corrected.sleec,redundancy,9,sat,1.1582667827606201
test_files_set_quantifiers/ASPEN/aspen-corrected.sleec,redundancy,10,sat,1.04079008102417
test_files_set_quantifiers/ASPEN/aspen-corrected.sleec,redundancy,11,sat,1.0586576461791992
test_files_set_quantifiers/ASPEN/aspen-corrected.sleec,redundancy,12,sat,1.1869347095489502
test_files_set_quantifiers/ASPEN/aspen-corrected.sleec,redundancy,13,sat,0.07474017143249512
test_files_set_quantifiers/ASPEN/aspen-corrected.sleec,redundancy,14,sat,0.10834598541259766
test_files_set_quantifiers/ASPEN/aspen-corrected.sleec,redundancy,15,sat,0.11056876182556152
test_files_set_quantifiers/ASPEN/aspen-corrected.sleec,redundancy,16,sat,0.07337021827697754
test_files_set_quantifiers/ASPEN/aspen-corrected.sleec,redundancy,17,sat,0.06978583335876465
test_files_set_quantifiers/ASPEN/aspen-corrected.sleec,redundancy,18,sat,1.475982904434204
test_files_set_quantifiers/ASPEN/aspen-corrected.sleec,redundancy,19,sat,0.07723736763000488
test_files_set_quantifiers/ASPEN/aspen-corrected.sleec,redundancy,20,sat,0.0748903751373291
test_files_set_quantifiers/ASPEN/aspen-corrected.sleec,redundancy,21,sat,0.1141817569732666
test_files_set_quantifiers/ASPEN/aspen-corrected.sleec,redundancy,22,sat,0.1127467155456543
test_files_set_quantifiers/ASPEN/aspen-corrected.sleec,redundancy,23,sat,0.7476160526275635
test_files_set_quantifiers/ASPEN/aspen-corrected.sleec,redundancy,24,sat,0.4324498176574707
test_files_set_quantifiers/ASPEN/aspen-corrected.sleec,conflict,0,sat,0.15724730491638184
test_files_set_quantifiers/ASPEN/aspen-corrected.sleec,conflict,1,sat,0.14896178245544434
test_files_set_quantifiers/ASPEN/aspen-corrected.sleec,conflict,2,sat,0.07353568077087402
test_files_set_quantifiers/ASPEN/aspen-corrected.sleec,conflict,3,sat,0.1048736572265625
test_files_set_quantifiers/ASPEN/aspen-corrected.sleec,conflict,4,sat,0.11116409301757812
test_files_set_quantifiers/ASPEN/aspen-corrected.sleec,conflict,5,sat,1.248067855834961
test_files_set_quantifiers/ASPEN/aspen-corrected.sleec,conflict,6,sat,0.11211562156677246
test_files_set_quantifiers/ASPEN/aspen-corrected.sleec,conflict,7,sat,1.258936882019043
test_files_set_quantifiers/ASPEN/aspen-corrected.sleec,conflict,8,sat,0.11893391609191895
test_files_set_quantifiers/ASPEN/aspen-corrected.sleec,conflict,9,sat,0.11382865905761719
test_files_set_quantifiers/ASPEN/aspen-corrected.sleec,conflict,10,sat,1.2646830081939697
test_files_set_quantifiers/ASPEN/aspen-corrected.sleec,conflict,11,sat,1.2928986549377441
test_files_set_quantifiers/ASPEN/aspen-corrected.sleec,conflict,12,sat,1.3509533405303955
test_files_set_quantifiers/ASPEN/aspen-corrected.sleec,conflict,13,sat,0.22354865074157715
test_files_set_quantifiers/ASPEN/aspen-corrected.sleec,conflict,14,sat,0.16220712661743164
test_files_set_quantifiers/ASPEN/aspen-corrected.sleec,conflict,15,sat,0.16175532341003418
test_files_set_quantifiers/ASPEN/aspen-corrected.sleec,conflict,16,sat,0.1603236198425293
test_files_set_quantifiers/ASPEN/aspen-corrected.sleec,conflict,17,sat,0.11295461654663086
test_files_set_quantifiers/ASPEN/aspen-corrected.sleec,conflict,18,sat,2.439502239227295
test_files_set_quantifiers/ASPEN/aspen-corrected.sleec,conflict,19,sat,0.11598348617553711
test_files_set_quantifiers/ASPEN/aspen-corrected.sleec,conflict,20,sat,0.11373376846313477
test_files_set_quantifiers/ASPEN/aspen-corrected.sleec,conflict,21,sat,0.16895103454589844
test_files_set_quantifiers/ASPEN/aspen-corrected.sleec,conflict,22,sat,0.16814279556274414
test_files_set_quantifiers/ASPEN/aspen-corrected.sleec,conflict,23,sat,1.2936534881591797
test_files_set_quantifiers/ASPEN/aspen-corrected.sleec,conflict,24,sat,1.3322176933288574
test_files_set_quantifiers/ASPEN/aspen-corrected.sleec,concern,0,unsat,0.8038382530212402
test_files_set_quantifiers/ASPEN/aspen-corrected.sleec,concern,1,unsat,0.8327188491821289
test_files_set_quantifiers/ASPEN/aspen-corrected.sleec,concern,2,unsat,0.6130459308624268
test_files_set_quantifiers/ASPEN/aspen-corrected.sleec,concern,3,unsat,0.6400964260101318
test_files_set_quantifiers/ASPEN/aspen-corrected.sleec,concern,4,unsat,0.8415911197662354
test_files_set_quantifiers/ASPEN/aspen-corrected.sleec,concern,5,unsat,0.7378661632537842
test_files_set_quantifiers/ASPEN/aspen-corrected.sleec,concern,6,unsat,0.06028032302856445
test_files_set_quantifiers/ASPEN/aspen-corrected.sleec,concern,7,unsat,0.053273677825927734
test_files_set_quantifiers/BSN/BSN.sleec,redundancy,0,sat,0.08533906936645508
test_files_set_quantifiers/BSN/BSN.sleec,redundancy,1,sat,0.07593202590942383
test_files_set_quantifiers/BSN/BSN.sleec,redundancy,2,sat,0.07038497924804688
test_files_set_quantifiers/BSN/BSN.sleec,redundancy,3,sat,0.07096290588378906
test_files_set_quantifiers/BSN/BSN.sleec,redundancy,4,sat,0.5170156955718994
test_files_set_quantifiers/BSN/BSN.sleec,redundancy,5,sat,0.748220682144165
test_files_set_quantifiers/BSN/BSN.sleec,redundancy,6,sat,0.41716670989990234
test_files_set_quantifiers/BSN/BSN.sleec,redundancy,7,sat,0.6222212314605713
test_files_set_quantifiers/BSN/BSN.sleec,redundancy,8,sat,0.08547663688659668
test_files_set_quantifiers/BSN/BSN.sleec,redundancy,9,sat,0.12429165840148926
test_files_set_quantifiers/BSN/BSN.sleec,redundancy,10,sat,0.320659875869751
test_files_set_quantifiers/BSN/BSN.sleec,redundancy,11,sat,0.3231363296508789
test_files_set_quantifiers/BSN/BSN.sleec,redundancy,12,sat,0.5261166095733643
test_files_set_quantifiers/BSN/BSN.sleec,redundancy,13,sat,0.07974028587341309
test_files_set_quantifiers/BSN/BSN.sleec,redundancy,14,sat,0.07516193389892578
test_files_set_quantifiers/BSN/BSN.sleec,redundancy,15,sat,0.2808046340942383
test_files_set_quantifiers/BSN/BSN.sleec,redundancy,16,sat,0.2871384620666504
test_files_set_quantifiers/BSN/BSN.sleec,redundancy,17,sat,0.30139923095703125
test_files_set_quantifiers/BSN/BSN.sleec,redundancy,18,sat,0.12627720832824707
test_files_set_quantifiers/BSN/BSN.sleec,redundancy,19,sat,0.2711327075958252
test_files_set_quantifiers/BSN/BSN.sleec,redundancy,20,sat,0.17351531982421875
test_files_set_quantifiers/BSN/BSN.sleec,redundancy,21,sat,0.08309292793273926
test_files_set_quantifiers/BSN/BSN.sleec,redundancy,22,sat,0.07943916320800781
test_files_set_quantifiers/BSN/BSN.sleec,redundancy,23,sat,0.12042546272277832
test_files_set_quantifiers/BSN/BSN.sleec,redundancy,24,sat,0.07807278633117676
test_files_set_quantifiers/BSN/BSN.sleec,redundancy,25,sat,0.29712533950805664
test_files_set_quantifiers/BSN/BSN.sleec,redundancy,26,sat,0.2904839515686035
test_files_set_quantifiers/BSN/BSN.sleec,redundancy,27,sat,0.37837696075439453
test_files_set_quantifiers/BSN/BSN.sleec,redundancy,28,sat,0.5560503005981445
test_files_set_quantifiers/BSN/BSN.sleec,conflict,0,sat,0.1676027774810791
test_files_set_quantifiers/BSN/BSN.sleec,conflict,1,sat,0.07955288887023926
test_files_set_quantifiers/BSN/BSN.sleec,conflict,2,sat,0.5339958667755127
test_files_set_quantifiers/BSN/BSN.sleec,conflict,3,sat,0.08729219436645508
test_files_set_quantifiers/BSN/BSN.sleec,conflict,4,sat,0.766484260559082
test_files_set_quantifiers/BSN/BSN.sleec,conflict,5,sat,0.7830140590667725
test_files_set_quantifiers/BSN/BSN.sleec,conflict,6,sat,0.6624760627746582
test_files_set_quantifiers/BSN/BSN.sleec,conflict,7,sat,0.6542582511901855
test_files_set_quantifiers/BSN/BSN.sleec,conflict,8,sat,0.13919901847839355
test_files_set_quantifiers/BSN/BSN.sleec,conflict,9,sat,0.25510454177856445
test_files_set_quantifiers/BSN/BSN.sleec,conflict,10,sat,0.4726862907409668
test_files_set_quantifiers/BSN/BSN.sleec,conflict,11,sat,0.4783754348754883
test_files_set_quantifiers/BSN/BSN.sleec,conflict,12,sat,0.7404859066009521
test_files_set_quantifiers/BSN/BSN.sleec,conflict,13,sat,0.14159917831420898
test_files_set_quantifiers/BSN/BSN.sleec,conflict,14,sat,0.13875555992126465
test_files_set_quantifiers/BSN/BSN.sleec,conflict,15,sat,0.3804666996002197
test_files_set_quantifiers/BSN/BSN.sleec,conflict,16,sat,0.3833920955657959
test_files_set_quantifiers/BSN/BSN.sleec,conflict,17,sat,0.38546276092529297
test_files_set_quantifiers/BSN/BSN.sleec,conflict,18,sat,0.205031156539917
test_files_set_quantifiers/BSN/BSN.sleec,conflict,19,sat,0.48484158515930176
test_files_set_quantifiers/BSN/BSN.sleec,conflict,20,sat,0.14275646209716797
test_files_set_quantifiers/BSN/BSN.sleec,conflict,21,sat,0.13624358177185059
test_files_set_quantifiers/BSN/BSN.sleec,conflict,22,sat,0.13621091842651367
test_files_set_quantifiers/BSN/BSN.sleec,conflict,23,sat,0.7305483818054199
test_files_set_quantifiers/BSN/BSN.sleec,conflict,24,sat,0.138688325881958
test_files_set_quantifiers/BSN/BSN.sleec,conflict,25,sat,0.38524532318115234
test_files_set_quantifiers/BSN/BSN.sleec,conflict,26,sat,0.38680124282836914
test_files_set_quantifiers/BSN/BSN.sleec,conflict,27,sat,0.4937114715576172
test_files_set_quantifiers/BSN/BSN.sleec,conflict,28,sat,0.7417802810668945
test_files_set_quantifiers/BSN/BSN.sleec,concern,0,unsat,0.17722511291503906
test_files_set_quantifiers/BSN/BSN.sleec,concern,1,sat,0.4190390110015869
test_files_set_quantifiers/BSN/BSN.sleec,concern,2,unsat,0.05200648307800293
test_files_set_quantifiers/BSN/BSN.sleec,concern,3,unsat,0.0528562068939209
test_files_set_quantifiers/BSN/BSN.sleec,concern,4,unsat,0.548403263092041
test_files_set_quantifiers/BSN/BSN.sleec,concern,5,unsat,0.08960652351379395
test_files_set_quantifiers/BSN/BSN.sleec,concern,6,unsat,0.052660465240478516
test_files_set_quantifiers/BSN/BSN.sleec,concern,7,sat,0.1219184398651123
test_files_set_quantifiers/BSN/BSN.sleec,concern,8,sat,0.12369298934936523
test_files_set_quantifiers/BSN/BSN-corrected.sleec,redundancy,0,sat,0.08937621116638184
test_files_set_quantifiers/BSN/BSN-corrected.sleec,redundancy,1,sat,0.07992720603942871
test_files_set_quantifiers/BSN/BSN-corrected.sleec,redundancy,2,sat,0.07328391075134277
test_files_set_quantifiers/BSN/BSN-corrected.sleec,redundancy,3,sat,0.07399559020996094
test_files_set_quantifiers/BSN/BSN-corrected.sleec,redundancy,4,sat,0.5267348289489746
test_files_set_quantifiers/BSN/BSN-corrected.sleec,redundancy,5,sat,0.772568941116333
test_files_set_quantifiers/BSN/BSN-corrected.sleec,redundancy,6,sat,0.43518710136413574
test_files_set_quantifiers/BSN/BSN-corrected.sleec,redundancy,7,sat,0.6390421390533447
test_files_set_quantifiers/BSN/BSN-corrected.sleec,redundancy,8,sat,0.08735299110412598
test_files_set_quantifiers/BSN/BSN-corrected.sleec,redundancy,9,sat,0.12674808502197266
test_files_set_quantifiers/BSN/BSN-corrected.sleec,redundancy,10,sat,0.32527613639831543
test_files_set_quantifiers/BSN/BSN-corrected.sleec,redundancy,11,sat,0.3330960273742676
test_files_set_quantifiers/BSN/BSN-corrected.sleec,redundancy,12,sat,0.5410451889038086
test_files_set_quantifiers/BSN/BSN-corrected.sleec,redundancy,13,sat,0.08288121223449707
test_files_set_quantifiers/BSN/BSN-corrected.sleec,redundancy,14,sat,0.0783696174621582
test_files_set_quantifiers/BSN/BSN-corrected.sleec,redundancy,15,sat,0.2863011360168457
test_files_set_quantifiers/BSN/BSN-corrected.sleec,redundancy,16,sat,0.2906060218811035
test_files_set_quantifiers/BSN/BSN-corrected.sleec,redundancy,17,sat,0.28989434242248535
test_files_set_quantifiers/BSN/BSN-corrected.sleec,redundancy,18,sat,0.1912980079650879
test_files_set_quantifiers/BSN/BSN-corrected.sleec,redundancy,19,sat,0.27991223335266113
test_files_set_quantifiers/BSN/BSN-corrected.sleec,redundancy,20,sat,0.21289634704589844
test_files_set_quantifiers/BSN/BSN-corrected.sleec,redundancy,21,sat,0.13191509246826172
test_files_set_quantifiers/BSN/BSN-corrected.sleec,redundancy,22,sat,0.07871198654174805
test_files_set_quantifiers/BSN/BSN-corrected.sleec,redundancy,23,sat,0.1246943473815918
test_files_set_quantifiers/BSN/BSN-corrected.sleec,redundancy,24,sat,0.12983298301696777
test_files_set_quantifiers/BSN/BSN-corrected.sleec,redundancy,25,sat,0.13090801239013672
test_files_set_quantifiers/BSN/BSN-corrected.sleec,redundancy,26,sat,0.30495333671569824
test_files_set_quantifiers/BSN/BSN-corrected.sleec,redundancy,27,sat,0.2971041202545166
test_files_set_quantifiers/BSN/BSN-corrected.sleec,redundancy,28,sat,0.38907933235168457
test_files_set_quantifiers/BSN/BSN-corrected.sleec,redundancy,29,sat,0.5542833805084229
test_files_set_quantifiers/BSN/BSN-corrected.sleec,redundancy,30,sat,0.0849294662475586
test_files_set_quantifiers/BSN/BSN-corrected.sleec,redundancy,31,sat,0.13608050346374512
test_files_set_quantifiers/BSN/BSN-corrected.sleec,conflict,0,sat,0.1722407341003418
test_files_set_quantifiers/BSN/BSN-corrected.sleec,conflict,1,sat,0.08322954177856445
test_files_set_quantifiers/BSN/BSN-corrected.sleec,conflict,2,sat,0.5491971969604492
test_files_set_quantifiers/BSN/BSN-corrected.sleec,conflict,3,sat,0.08794999122619629
test_files_set_quantifiers/BSN/BSN-corrected.sleec,conflict,4,sat,0.7903878688812256
test_files_set_quantifiers/BSN/BSN-corrected.sleec,conflict,5,sat,0.8039307594299316
test_files_set_quantifiers/BSN/BSN-corrected.sleec,conflict,6,sat,0.6630570888519287
test_files_set_quantifiers/BSN/BSN-corrected.sleec,conflict,7,sat,0.6691122055053711
test_files_set_quantifiers/BSN/BSN-corrected.sleec,conflict,8,sat,0.149733304977417
test_files_set_quantifiers/BSN/BSN-corrected.sleec,conflict,9,sat,0.2658400535583496
test_files_set_quantifiers/BSN/BSN-corrected.sleec,conflict,10,sat,0.4840734004974365
test_files_set_quantifiers/BSN/BSN-corrected.sleec,conflict,11,sat,0.4907255172729492
test_files_set_quantifiers/BSN/BSN-corrected.sleec,conflict,12,sat,0.7606513500213623
test_files_set_quantifiers/BSN/BSN-corrected.sleec,conflict,13,sat,0.14690947532653809
test_files_set_quantifiers/BSN/BSN-corrected.sleec,conflict,14,sat,0.1431593894958496
test_files_set_quantifiers/BSN/BSN-corrected.sleec,conflict,15,sat,0.4008059501647949
test_files_set_quantifiers/BSN/BSN-corrected.sleec,conflict,16,sat,0.3928377628326416
test_files_set_quantifiers/BSN/BSN-corrected.sleec,conflict,17,sat,0.3965170383453369
test_files_set_quantifiers/BSN/BSN-corrected.sleec,conflict,18,sat,0.30832839012145996
test_files_set_quantifiers/BSN/BSN-corrected.sleec,conflict,19,sat,0.5035083293914795
test_files_set_quantifiers/BSN/BSN-corrected.sleec,conflict,20,sat,0.22569990158081055
test_files_set_quantifiers/BSN/BSN-corrected.sleec,conflict,21,sat,0.2108471393585205
test_files_set_quantifiers/BSN/BSN-corrected.sleec,conflict,22,sat,0.1433696746826172
test_files_set_quantifiers/BSN/BSN-corrected.sleec,conflict,23,sat,0.749237060546875
test_files_set_quantifiers/BSN/BSN-corrected.sleec,conflict,24,sat,0.2106163501739502
test_files_set_quantifiers/BSN/BSN-corrected.sleec,conflict,25,sat,0.20521783828735352
test_files_set_quantifiers/BSN/BSN-corrected.sleec,conflict,26,sat,0.399446964263916
test_files_set_quantifiers/BSN/BSN-corrected.sleec,conflict,27,sat,0.39988207817077637
test_files_set_quantifiers/BSN/BSN-corrected.sleec,conflict,28,sat,0.5089948177337646
test_files_set_quantifiers/BSN/BSN-corrected.sleec,conflict,29,sat,0.7640633583068848
test_files_set_quantifiers/BSN/BSN-corrected.sleec,conflict,30,sat,0.14477181434631348
test_files_set_quantifiers/BSN/BSN-corrected.sleec,conflict,31,sat,0.21050643920898438
test_files_set_quantifiers/BSN/BSN-corrected.sleec,concern,0,unsat,0.22964978218078613
test_files_set_quantifiers/BSN/BSN-corrected.sleec,concern,1,unsat,0.08543825149536133
test_files_set_quantifiers/BSN/BSN-corrected.sleec,concern,2,unsat,0.05197286605834961
test_files_set_quantifiers/BSN/BSN-corrected.sleec,concern,3,unsat,0.054569244384765625
test_files_set_quantifiers/BSN/BSN-corrected.sleec,concern,4,unsat,0.5455524921417236
test_files_set_quantifiers/BSN/BSN-corrected.sleec,concern,5,unsat,0.09024238586425781
test_files_set_quantifiers/BSN/BSN-corrected.sleec,concern,6,unsat,0.058649301528930664
test_files_set_quantifiers/BSN/BSN-corrected.sleec,concern,7,unsat,0.07741069793701172
test_files_set_quantifiers/BSN/BSN-corrected.sleec,concern,8,sat,0.17669296264648438
test_files_set_quantifiers/CSI/CSI.sleec,redundancy,0,sat,0.18652033805847168
test_files_set_quantifiers/CSI/CSI.sleec,redundancy,1,sat,0.18480348587036133
test_files_set_quantifiers/CSI/CSI.sleec,redundancy,2,sat,0.18410396575927734
test_files_set_quantifiers/CSI/CSI.sleec,redundancy,3,unsat,0.03488516807556152
test_files_set_quantifiers/CSI/CSI.sleec,redundancy,4,unsat,0.03750753402709961
test_files_set_quantifiers/CSI/CSI.sleec,redundancy,5,sat,0.04221773147583008
test_files_set_quantifiers/CSI/CSI.sleec,redundancy,6,sat,0.04587554931640625
test_files_set_quantifiers/CSI/CSI.sleec,redundancy,7,sat,0.18688011169433594
test_files_set_quantifiers/CSI/CSI.sleec,redundancy,8,sat,0.24962520599365234
test_files_set_quantifiers/CSI/CSI.sleec,redundancy,9,sat,0.388751745223999
test_files_set_quantifiers/CSI/CSI.sleec,redundancy,10,sat,0.22410798072814941
test_files_set_quantifiers/CSI/CSI.sleec,redundancy,11,sat,0.28417253494262695
test_files_set_quantifiers/CSI/CSI.sleec,redundancy,12,sat,0.22296619415283203
test_files_set_quantifiers/CSI/CSI.sleec,redundancy,13,sat,0.22364044189453125
test_files_set_quantifiers/CSI/CSI.sleec,redundancy,14,sat,0.22282743453979492
test_files_set_quantifiers/CSI/CSI.sleec,redundancy,15,sat,0.2332606315612793
test_files_set_quantifiers/CSI/CSI.sleec,redundancy,16,sat,0.2350616455078125
test_files_set_quantifiers/CSI/CSI.sleec,redundancy,17,unsat,0.05370807647705078
test_files_set_quantifiers/CSI/CSI.sleec,redundancy,18,sat,0.31054234504699707
test_files_set_quantifiers/CSI/CSI.sleec,redundancy,19,sat,0.2512369155883789
test_files_set_quantifiers/CSI/CSI.sleec,conflict,0,sat,0.24101734161376953
test_files_set_quantifiers/CSI/CSI.sleec,conflict,1,sat,0.2415480613708496
test_files_set_quantifiers/CSI/CSI.sleec,conflict,2,sat,0.23780393600463867
test_files_set_quantifiers/CSI/CSI.sleec,conflict,3,sat,0.19679856300354004
test_files_set_quantifiers/CSI/CSI.sleec,conflict,4,sat,0.19301867485046387
test_files_set_quantifiers/CSI/CSI.sleec,conflict,5,sat,0.0705714225769043
test_files_set_quantifiers/CSI/CSI.sleec,conflict,6,sat,0.07073760032653809
test_files_set_quantifiers/CSI/CSI.sleec,conflict,7,sat,0.24459314346313477
test_files_set_quantifiers/CSI/CSI.sleec,conflict,8,sat,0.24106168746948242
test_files_set_quantifiers/CSI/CSI.sleec,conflict,9,sat,0.28026580810546875
test_files_set_quantifiers/CSI/CSI.sleec,conflict,10,sat,0.28205370903015137
test_files_set_quantifiers/CSI/CSI.sleec,conflict,11,sat,0.28111839294433594
test_files_set_quantifiers/CSI/CSI.sleec,conflict,12,sat,0.2859320640563965
test_files_set_quantifiers/CSI/CSI.sleec,conflict,13,sat,0.2841012477874756
test_files_set_quantifiers/CSI/CSI.sleec,conflict,14,sat,0.2820427417755127
test_files_set_quantifiers/CSI/CSI.sleec,conflict,15,sat,0.20108389854431152
test_files_set_quantifiers/CSI/CSI.sleec,conflict,16,sat,0.20348095893859863
test_files_set_quantifiers/CSI/CSI.sleec,conflict,17,sat,0.2855098247528076
test_files_set_quantifiers/CSI/CSI.sleec,conflict,18,sat,0.2010350227355957
test_files_set_quantifiers/CSI/CSI.sleec,conflict,19,sat,0.203627347946167
test_files_set_quantifiers/CSI/CSI.sleec,concern,0,sat,0.20365309715270996
test_files_set_quantifiers/CSI/CSI.sleec,concern,1,sat,0.23499464988708496
test_files_set_quantifiers/CSI/CSI.sleec,concern,2,sat,0.23274874687194824
test_files_set_quantifiers/CSI/CSI.sleec,concern,3,sat,0.045562744140625
test_files_set_quantifiers/CSI/CSI.sleec,concern,4,sat,0.24898934364318848
test_files_set_quantifiers/CSI/CSI.sleec,concern,5,sat,0.04255032539367676
test_files_set_quantifiers/CSI/CSI.sleec,concern,6,sat,0.04462146759033203
test_files_set_quantifiers/CSI/CSI.sleec,concern,7,unsat,0.03008556365966797
test_files_set_quantifiers/CSI/CSI-corrected.sleec,redundancy,0,sat,0.31447768211364746
test_files_set_quantifiers/CSI/CSI-corrected.sleec,redundancy,1,sat,0.31604504585266113
test_files_set_quantifiers/CSI/CSI-corrected.sleec,redundancy,2,sat,0.3172948360443115
test_files_set_quantifiers/CSI/CSI-corrected.sleec,redundancy,3,sat,0.24609994888305664
test_files_set_quantifiers/CSI/CSI-corrected.sleec,redundancy,4,sat,0.11617898941040039
test_files_set_quantifiers/CSI/CSI-corrected.sleec,redundancy,5,sat,0.047571420669555664
test_files_set_quantifiers/CSI/CSI-corrected.sleec,redundancy,6,sat,0.04602241516113281
test_files_set_quantifiers/CSI/CSI-corrected.sleec,redundancy,7,sat,0.3154568672180176
test_files_set_quantifiers/CSI/CSI-corrected.sleec,redundancy,8,sat,0.4759805202484131
test_files_set_quantifiers/CSI/CSI-corrected.sleec,redundancy,9,sat,0.4956777095794678
test_files_set_quantifiers/CSI/CSI-corrected.sleec,redundancy,10,sat,0.2785959243774414
test_files_set_quantifiers/CSI/CSI-corrected.sleec,redundancy,11,sat,0.22447466850280762
test_files_set_quantifiers/CSI/CSI-corrected.sleec,redundancy,12,sat,0.27361512184143066
test_files_set_quantifiers/CSI/CSI-corrected.sleec,redundancy,13,sat,0.2750356197357178
test_files_set_quantifiers/CSI/CSI-corrected.sleec,redundancy,14,sat,0.27317237854003906
test_files_set_quantifiers/CSI/CSI-corrected.sleec,redundancy,15,sat,0.23893952369689941
test_files_set_quantifiers/CSI/CSI-corrected.sleec,redundancy,16,sat,0.2343432903289795
test_files_set_quantifiers/CSI/CSI-corrected.sleec,redundancy,17,sat,0.2742447853088379
test_files_set_quantifiers/CSI/CSI-corrected.sleec,redundancy,18,sat,0.31410765647888184
test_files_set_quantifiers/CSI/CSI-corrected.sleec,redundancy,19,sat,0.2527899742126465
test_files_set_quantifiers/CSI/CSI-corrected.sleec,redundancy,20,sat,0.21160197257995605
test_files_set_quantifiers/CSI/CSI-corrected.sleec,redundancy,21,sat,0.10861349105834961
test_files_set_quantifiers/CSI/CSI-corrected.sleec,redundancy,22,sat,0.1051642894744873
test_files_set_quantifiers/CSI/CSI-corrected.sleec,redundancy,23,sat,0.4033350944519043
test_files_set_quantifiers/CSI/CSI-corrected.sleec,redundancy,24,sat,0.11095237731933594
test_files_set_quantifiers/CSI/CSI-corrected.sleec,redundancy,25,sat,0.04989981651306152
test_files_set_quantifiers/CSI/CSI-corrected.sleec,conflict,0,sat,0.38002514839172363
test_files_set_quantifiers/CSI/CSI-corrected.sleec,conflict,1,sat,0.38460564613342285
test_files_set_quantifiers/CSI/CSI-corrected.sleec,conflict,2,sat,0.3848135471343994
test_files_set_quantifiers/CSI/CSI-corrected.sleec,conflict,3,sat,0.39003896713256836
test_files_set_quantifiers/CSI/CSI-corrected.sleec,conflict,4,sat,0.20297551155090332
test_files_set_quantifiers/CSI/CSI-corrected.sleec,conflict,5,sat,0.07201838493347168
test_files_set_quantifiers/CSI/CSI-corrected.sleec,conflict,6,sat,0.0748143196105957
test_files_set_quantifiers/CSI/CSI-corrected.sleec,conflict,7,sat,0.39263439178466797
test_files_set_quantifiers/CSI/CSI-corrected.sleec,conflict,8,sat,0.39638328552246094
test_files_set_quantifiers/CSI/CSI-corrected.sleec,conflict,9,sat,0.33658504486083984
test_files_set_quantifiers/CSI/CSI-corrected.sleec,conflict,10,sat,0.3385453224182129
test_files_set_quantifiers/CSI/CSI-corrected.sleec,conflict,11,sat,0.33625149726867676
test_files_set_quantifiers/CSI/CSI-corrected.sleec,conflict,12,sat,0.3367173671722412
test_files_set_quantifiers/CSI/CSI-corrected.sleec,conflict,13,sat,0.3394143581390381
test_files_set_quantifiers/CSI/CSI-corrected.sleec,conflict,14,sat,0.3378102779388428
test_files_set_quantifiers/CSI/CSI-corrected.sleec,conflict,15,sat,0.20361566543579102
test_files_set_quantifiers/CSI/CSI-corrected.sleec,conflict,16,sat,0.20646333694458008
test_files_set_quantifiers/CSI/CSI-corrected.sleec,conflict,17,sat,0.3414623737335205
test_files_set_quantifiers/CSI/CSI-corrected.sleec,conflict,18,sat,0.20838570594787598
test_files_set_quantifiers/CSI/CSI-corrected.sleec,conflict,19,sat,0.20691514015197754
test_files_set_quantifiers/CSI/CSI-corrected.sleec,conflict,20,sat,0.2084956169128418
test_files_set_quantifiers/CSI/CSI-corrected.sleec,conflict,21,sat,0.15469908714294434
test_files_set_quantifiers/CSI/CSI-corrected.sleec,conflict,22,sat,0.14930224418640137
test_files_set_quantifiers/CSI/CSI-corrected.sleec,conflict,23,sat,0.04819321632385254
test_files_set_quantifiers/CSI/CSI-corrected.sleec,conflict,24,sat,0.15120959281921387
test_files_set_quantifiers/CSI/CSI-corrected.sleec,conflict,25,sat,0.10512542724609375
test_files_set_quantifiers/CSI/CSI-corrected.sleec,concern,0,unsat,0.2245774269104004
test_files_set_quantifiers/CSI/CSI-corrected.sleec,concern,1,unsat,0.23456811904907227
test_files_set_quantifiers/CSI/CSI-corrected.sleec,concern,2,unsat,0.03383493423461914
test_files_set_quantifiers/CSI/CSI-corrected.sleec,concern,3,unsat,0.10756850242614746
test_files_set_quantifiers/CSI/CSI-corrected.sleec,concern,4,unsat,0.11901593208312988
test_files_set_quantifiers/CSI/CSI-corrected.sleec,concern,5,unsat,0.05051445960998535
test_files_set_quantifiers/CSI/CSI-corrected.sleec,concern,6,unsat,0.03304648399353027
test_files_set_quantifiers/Autocar/Autocar-corrected.sleec,redundancy,0,sat,0.08599162101745605
test_files_set_quantifiers/Autocar/Autocar-corrected.sleec,redundancy,1,unsat,0.0722653865814209
test_files_set_quantifiers/Autocar/Autocar-corrected.sleec,redundancy,2,sat,0.17484331130981445
test_files_set_quantifiers/Autocar/Autocar-corrected.sleec,redundancy,3,sat,0.07120680809020996
test_files_set_quantifiers/Autocar/Autocar-corrected.sleec,redundancy,4,sat,0.13128256797790527
test_files_set_quantifiers/Autocar/Autocar-corrected.sleec,redundancy,5,sat,0.06710004806518555
test_files_set_quantifiers/Autocar/Autocar-corrected.sleec,redundancy,6,sat,0.0697469711303711
test_files_set_quantifiers/Autocar/Autocar-corrected.sleec,redundancy,7,sat,0.07052397727966309
test_files_set_quantifiers/Autocar/Autocar-corrected.sleec,redundancy,8,sat,0.0713348388671875
test_files_set_quantifiers/Autocar/Autocar-corrected.sleec,redundancy,9,sat,0.07107234001159668
test_files_set_quantifiers/Autocar/Autocar-corrected.sleec,redundancy,10,sat,0.1991274356842041
test_files_set_quantifiers/Autocar/Autocar-corrected.sleec,redundancy,11,sat,0.229630708694458
test_files_set_quantifiers/Autocar/Autocar-corrected.sleec,redundancy,12,sat,0.22095561027526855
test_files_set_quantifiers/Autocar/Autocar-corrected.sleec,redundancy,13,sat,0.1141660213470459
test_files_set_quantifiers/Autocar/Autocar-corrected.sleec,redundancy,14,sat,0.07092022895812988
test_files_set_quantifiers/Autocar/Autocar-corrected.sleec,redundancy,15,sat,0.07400941848754883
test_files_set_quantifiers/Autocar/Autocar-corrected.sleec,redundancy,16,sat,0.11653542518615723
test_files_set_quantifiers/Autocar/Autocar-corrected.sleec,redundancy,17,sat,0.593714714050293
test_files_set_quantifiers/Autocar/Autocar-corrected.sleec,redundancy,18,sat,0.20446157455444336
test_files_set_quantifiers/Autocar/Autocar-corrected.sleec,redundancy,19,sat,0.838228702545166
test_files_set_quantifiers/Autocar/Autocar-corrected.sleec,redundancy,20,sat,0.09899735450744629
test_files_set_quantifiers/Autocar/Autocar-corrected.sleec,redundancy,21,sat,0.07382512092590332
test_files_set_quantifiers/Autocar/Autocar-corrected.sleec,redundancy,22,sat,0.6150550842285156
test_files_set_quantifiers/Autocar/Autocar-corrected.sleec,redundancy,23,sat,0.8600308895111084
test_files_set_quantifiers/Autocar/Autocar-corrected.sleec,redundancy,24,sat,0.4386899471282959
test_files_set_quantifiers/Autocar/Autocar-corrected.sleec,redundancy,25,sat,0.07915496826171875
test_files_set_quantifiers/Autocar/Autocar-corrected.sleec,redundancy,26,sat,0.07474994659423828
test_files_set_quantifiers/Autocar/Autocar-corrected.sleec,redundancy,27,unsat,0.7680773735046387
test_files_set_quantifiers/Autocar/Autocar-corrected.sleec,redundancy,28,sat,0.2312321662902832
test_files_set_quantifiers/Autocar/Autocar-corrected.sleec,redundancy,29,unsat,0.049321651458740234
test_files_set_quantifiers/Autocar/Autocar-corrected.sleec,redundancy,30,sat,0.1161050796508789
test_files_set_quantifiers/Autocar/Autocar-corrected.sleec,redundancy,31,unsat,0.6357884407043457
test_files_set_quantifiers/Autocar/Autocar-corrected.sleec,redundancy,32,sat,0.5972702503204346
test_files_set_quantifiers/Autocar/Autocar-corrected.sleec,redundancy,33,unsat,0.34972500801086426
test_files_set_quantifiers/Autocar/Autocar-corrected.sleec,redundancy,34,unsat,0.22571134567260742
test_files_set_quantifiers/Autocar/Autocar-corrected.sleec,redundancy,35,sat,0.12857699394226074
test_files_set_quantifiers/Autocar/Autocar-corrected.sleec,redundancy,36,unsat,0.6365907192230225
test_files_set_quantifiers/Autocar/Autocar-corrected.sleec,redundancy,37,sat,0.09474492073059082
test_files_set_quantifiers/Autocar/Autocar-corrected.sleec,redundancy,38,sat,0.09136486053466797
test_files_set_quantifiers/Autocar/Autocar-corrected.sleec,redundancy,39,unsat,0.3430054187774658
test_files_set_quantifiers/Autocar/Autocar-corrected.sleec,redundancy,40,sat,0.7192971706390381
test_files_set_quantifiers/Autocar/Autocar-corrected.sleec,redundancy,41,sat,0.09340739250183105
test_files_set_quantifiers/Autocar/Autocar-corrected.sleec,redundancy,42,sat,0.0902397632598877
test_files_set_quantifiers/Autocar/Autocar-corrected.sleec,redundancy,43,sat,0.08886075019836426
test_files_set_quantifiers/Autocar/Autocar-corrected.sleec,redundancy,44,sat,0.0883328914642334
test_files_set_quantifiers/Autocar/Autocar-corrected.sleec,redundancy,45,sat,0.08883857727050781
test_files_set_quantifiers/Autocar/Autocar-corrected.sleec,conflict,0,sat,0.18178582191467285
test_files_set_quantifiers/Autocar/Autocar-corrected.sleec,conflict,1,sat,0.16588330268859863
test_files_set_quantifiers/Autocar/Autocar-corrected.sleec,conflict,2,sat,0.1757183074951172
test_files_set_quantifiers/Autocar/Autocar-corrected.sleec,conflict,3,sat,0.11206746101379395
test_files_set_quantifiers/Autocar/Autocar-corrected.sleec,conflict,4,sat,0.2820165157318115
test_files_set_quantifiers/Autocar/Autocar-corrected.sleec,conflict,5,sat,0.15504956245422363
test_files_set_quantifiers/Autocar/Autocar-corrected.sleec,conflict,6,sat,0.11621546745300293
test_files_set_quantifiers/Autocar/Autocar-corrected.sleec,conflict,7,sat,0.07713675498962402
test_files_set_quantifiers/Autocar/Autocar-corrected.sleec,conflict,8,sat,0.15176844596862793
test_files_set_quantifiers/Autocar/Autocar-corrected.sleec,conflict,9,sat,0.11955785751342773
test_files_set_quantifiers/Autocar/Autocar-corrected.sleec,conflict,10,sat,0.2832024097442627
test_files_set_quantifiers/Autocar/Autocar-corrected.sleec,conflict,11,sat,0.28504037857055664
test_files_set_quantifiers/Autocar/Autocar-corrected.sleec,conflict,12,sat,0.2860097885131836
test_files_set_quantifiers/Autocar/Autocar-corrected.sleec,conflict,13,sat,0.17433404922485352
test_files_set_quantifiers/Autocar/Autocar-corrected.sleec,conflict,14,sat,0.1136624813079834
test_files_set_quantifiers/Autocar/Autocar-corrected.sleec,conflict,15,sat,0.11715364456176758
test_files_set_quantifiers/Autocar/Autocar-corrected.sleec,conflict,16,sat,0.1236257553100586
test_files_set_quantifiers/Autocar/Autocar-corrected.sleec,conflict,17,sat,1.0225858688354492
test_files_set_quantifiers/Autocar/Autocar-corrected.sleec,conflict,18,sat,1.0487418174743652
test_files_set_quantifiers/Autocar/Autocar-corrected.sleec,conflict,19,sat,1.0322368144989014
test_files_set_quantifiers/Autocar/Autocar-corrected.sleec,conflict,20,sat,0.8438961505889893
test_files_set_quantifiers/Autocar/Autocar-corrected.sleec,conflict,21,sat,0.35974979400634766
test_files_set_quantifiers/Autocar/Autocar-corrected.sleec,conflict,22,sat,0.8957395553588867
test_files_set_quantifiers/Autocar/Autocar-corrected.sleec,conflict,23,sat,1.163182258605957
test_files_set_quantifiers/Autocar/Autocar-corrected.sleec,conflict,24,sat,0.8883075714111328
test_files_set_quantifiers/Autocar/Autocar-corrected.sleec,conflict,25,sat,0.1361067295074463
test_files_set_quantifiers/Autocar/Autocar-corrected.sleec,conflict,26,sat,0.11967349052429199
test_files_set_quantifiers/Autocar/Autocar-corrected.sleec,conflict,27,sat,1.1525235176086426
test_files_set_quantifiers/Autocar/Autocar-corrected.sleec,conflict,28,sat,0.30982136726379395
test_files_set_quantifiers/Autocar/Autocar-corrected.sleec,conflict,29,sat,0.18538165092468262
test_files_set_quantifiers/Autocar/Autocar-corrected.sleec,conflict,30,sat,0.1235654354095459
test_files_set_quantifiers/Autocar/Autocar-corrected.sleec,conflict,31,sat,0.3077223300933838
test_files_set_quantifiers/Autocar/Autocar-corrected.sleec,conflict,32,sat,0.8670530319213867
test_files_set_quantifiers/Autocar/Autocar-corrected.sleec,conflict,33,sat,0.3257443904876709
test_files_set_quantifiers/Autocar/Autocar-corrected.sleec,conflict,34,sat,0.19744658470153809
test_files_set_quantifiers/Autocar/Autocar-corrected.sleec,conflict,35,sat,0.12728595733642578
test_files_set_quantifiers/Autocar/Autocar-corrected.sleec,conflict,36,sat,0.6295089721679688
test_files_set_quantifiers/Autocar/Autocar-corrected.sleec,conflict,37,sat,0.08571767807006836
test_files_set_quantifiers/Autocar/Autocar-corrected.sleec,conflict,38,sat,0.07931184768676758
test_files_set_quantifiers/Autocar/Autocar-corrected.sleec,conflict,39,sat,0.32140493392944336
test_files_set_quantifiers/Autocar/Autocar-corrected.sleec,conflict,40,sat,0.47159576416015625
test_files_set_quantifiers/Autocar/Autocar-corrected.sleec,conflict,41,sat,0.0857541561126709
test_files_set_quantifiers/Autocar/Autocar-corrected.sleec,conflict,42,sat,0.08362913131713867
test_files_set_quantifiers/Autocar/Autocar-corrected.sleec,conflict,43,sat,0.08388400077819824
test_files_set_quantifiers/Autocar/Autocar-corrected.sleec,conflict,44,sat,0.07860827445983887
test_files_set_quantifiers/Autocar/Autocar-corrected.sleec,conflict,45,sat,0.08078885078430176
test_files_set_quantifiers/Autocar/Autocar-corrected.sleec,concern,0,sat,2.0815365314483643
test_files_set_quantifiers/Autocar/Autocar-corrected.sleec,concern,1,unsat,0.8003263473510742
test_files_set_quantifiers/Autocar/Autocar-corrected.sleec,concern,2,unsat,0.12164998054504395
test_files_set_quantifiers/Autocar/Autocar-corrected.sleec,concern,3,unsat,0.8063158988952637
test_files_set_quantifiers/Autocar/Autocar-corrected.sleec,concern,4,sat,0.43890929222106934
test_files_set_quantifiers/Autocar/Autocar-corrected.sleec,concern,5,unsat,0.3492412567138672
test_files_set_quantifiers/Autocar/Autocar-corrected.sleec,concern,6,unsat,0.1544480323791504
test_files_set_quantifiers/Autocar/Autocar-corrected.sleec,concern,7,unsat,0.17641782760620117
test_files_set_quantifiers/Autocar/Autocar-corrected.sleec,concern,8,unsat,0.021100759506225586
test_files_set_quantifiers/Autocar/Autocar-corrected.sleec,concern,9,sat,0.18070292472839355
test_files_set_quantifiers/Autocar/Autocar-corrected.sleec,concern,10,unsat,0.05032920837402344
test_files_set_quantifiers/Autocar/Autocar-corrected.sleec,concern,11,unsat,0.09819936752319336
test_files_set_quantifiers/Autocar/Autocar.sleec,redundancy,0,sat,0.07366943359375
test_files_set_quantifiers/Autocar/Autocar.sleec,redundancy,1,sat,0.06473803520202637
test_files_set_quantifiers/Autocar/Autocar.sleec,redundancy,2,sat,0.10550594329833984
test_files_set_quantifiers/Autocar/Autocar.sleec,redundancy,3,sat,0.06390261650085449
test_files_set_quantifiers/Autocar/Autocar.sleec,redundancy,4,sat,0.06373882293701172
test_files_set_quantifiers/Autocar/Autocar.sleec,redundancy,5,sat,0.06149721145629883
test_files_set_quantifiers/Autocar/Autocar.sleec,redundancy,6,sat,0.06584763526916504
test_files_set_quantifiers/Autocar/Autocar.sleec,redundancy,7,sat,0.06472516059875488
test_files_set_quantifiers/Autocar/Autocar.sleec,redundancy,8,sat,0.17665529251098633
test_files_set_quantifiers/Autocar/Autocar.sleec,redundancy,9,sat,0.20244741439819336
test_files_set_quantifiers/Autocar/Autocar.sleec,redundancy,10,sat,0.19749045372009277
test_files_set_quantifiers/Autocar/Autocar.sleec,redundancy,11,sat,0.10376191139221191
test_files_set_quantifiers/Autocar/Autocar.sleec,redundancy,12,sat,0.06275510787963867
test_files_set_quantifiers/Autocar/Autocar.sleec,redundancy,13,sat,0.06810474395751953
test_files_set_quantifiers/Autocar/Autocar.sleec,redundancy,14,sat,0.10072898864746094
test_files_set_quantifiers/Autocar/Autocar.sleec,redundancy,15,sat,0.534752368927002
test_files_set_quantifiers/Autocar/Autocar.sleec,redundancy,16,sat,0.19650983810424805
test_files_set_quantifiers/Autocar/Autocar.sleec,redundancy,17,sat,0.7638275623321533
test_files_set_quantifiers/Autocar/Autocar.sleec,redundancy,18,sat,0.08957910537719727
test_files_set_quantifiers/Autocar/Autocar.sleec,redundancy,19,sat,0.06864643096923828
test_files_set_quantifiers/Autocar/Autocar.sleec,redundancy,20,sat,0.3746633529663086
test_files_set_quantifiers/Autocar/Autocar.sleec,redundancy,21,sat,0.07016229629516602
test_files_set_quantifiers/Autocar/Autocar.sleec,redundancy,22,sat,0.19370698928833008
test_files_set_quantifiers/Autocar/Autocar.sleec,redundancy,23,sat,0.1581122875213623
test_files_set_quantifiers/Autocar/Autocar.sleec,redundancy,24,sat,0.10760784149169922
test_files_set_quantifiers/Autocar/Autocar.sleec,redundancy,25,unsat,0.39044642448425293
test_files_set_quantifiers/Autocar/Autocar.sleec,redundancy,26,unsat,0.3948853015899658
test_files_set_quantifiers/Autocar/Autocar.sleec,conflict,0,sat,0.160797119140625
test_files_set_quantifiers/Autocar/Autocar.sleec,conflict,1,sat,0.10076069831848145
test_files_set_quantifiers/Autocar/Autocar.sleec,conflict,2,sat,0.24338006973266602
test_files_set_quantifiers/Autocar/Autocar.sleec,conflict,3,sat,0.14493775367736816
test_files_set_quantifiers/Autocar/Autocar.sleec,conflict,4,sat,0.10641837120056152
test_files_set_quantifiers/Autocar/Autocar.sleec,conflict,5,sat,0.06922459602355957
test_files_set_quantifiers/Autocar/Autocar.sleec,conflict,6,sat,0.1392507553100586
test_files_set_quantifiers/Autocar/Autocar.sleec,conflict,7,sat,0.11122655868530273
test_files_set_quantifiers/Autocar/Autocar.sleec,conflict,8,sat,0.25655055046081543
test_files_set_quantifiers/Autocar/Autocar.sleec,conflict,9,sat,0.2591867446899414
test_files_set_quantifiers/Autocar/Autocar.sleec,conflict,10,sat,0.26080322265625
test_files_set_quantifiers/Autocar/Autocar.sleec,conflict,11,sat,0.16413474082946777
test_files_set_quantifiers/Autocar/Autocar.sleec,conflict,12,sat,0.10730719566345215
test_files_set_quantifiers/Autocar/Autocar.sleec,conflict,13,sat,0.11217331886291504
test_files_set_quantifiers/Autocar/Autocar.sleec,conflict,14,sat,0.11487412452697754
test_files_set_quantifiers/Autocar/Autocar.sleec,conflict,15,sat,0.9298205375671387
test_files_set_quantifiers/Autocar/Autocar.sleec,conflict,16,sat,0.9617671966552734
test_files_set_quantifiers/Autocar/Autocar.sleec,conflict,17,sat,0.9555044174194336
test_files_set_quantifiers/Autocar/Autocar.sleec,conflict,18,sat,0.7853002548217773
test_files_set_quantifiers/Autocar/Autocar.sleec,conflict,19,sat,0.3299093246459961
test_files_set_quantifiers/Autocar/Autocar.sleec,conflict,20,sat,0.6019926071166992
test_files_set_quantifiers/Autocar/Autocar.sleec,conflict,21,sat,0.321042537689209
test_files_set_quantifiers/Autocar/Autocar.sleec,conflict,22,sat,0.2620420455932617
test_files_set_quantifiers/Autocar/Autocar.sleec,conflict,23,sat,0.17272019386291504
test_files_set_quantifiers/Autocar/Autocar.sleec,conflict,24,sat,0.1168067455291748
test_files_set_quantifiers/Autocar/Autocar.sleec,conflict,25,sat,0.2615227699279785
test_files_set_quantifiers/Autocar/Autocar.sleec,conflict,26,sat,0.261275053024292
test_files_set_quantifiers/Autocar/Autocar.sleec,concern,0,sat,1.1985971927642822
test_files_set_quantifiers/Autocar/Autocar.sleec,concern,1,sat,0.37869811058044434
test_files_set_quantifiers/Autocar/Autocar.sleec,concern,2,unsat,0.1369917392730713
test_files_set_quantifiers/Autocar/Autocar.sleec,concern,3,sat,0.3847370147705078
test_files_set_quantifiers/Autocar/Autocar.sleec,concern,4,sat,0.28154706954956055
test_files_set_quantifiers/Autocar/Autocar.sleec,concern,5,sat,0.27948498725891113
test_files_set_quantifiers/Autocar/Autocar.sleec,concern,6,unsat,0.14318490028381348
test_files_set_quantifiers/Autocar/Autocar.sleec,concern,7,unsat,0.1652083396911621
test_files_set_quantifiers/Autocar/Autocar.sleec,concern,8,unsat,0.0204317569732666
test_files_set_quantifiers/Autocar/Autocar.sleec,concern,9,sat,0.1587817668914795
test_files_set_quantifiers/Autocar/Autocar.sleec,concern,10,unsat,0.06574010848999023
test_files_set_quantifiers/Autocar/Autocar.sleec,concern,11,sat,0.07661676406860352
test_files_set_quantifiers/DAISY/Daisy-corrected.sleec,redundancy,0,sat,0.06661581993103027
test_files_set_quantifiers/DAISY/Daisy-corrected.sleec,redundancy,1,sat,0.05648446083068848
test_files_set_quantifiers/DAISY/Daisy-corrected.sleec,redundancy,2,sat,0.05089688301086426
test_files_set_quantifiers/DAISY/Daisy-corrected.sleec,redundancy,3,sat,0.05370187759399414
test_files_set_quantifiers/DAISY/Daisy-corrected.sleec,redundancy,4,sat,0.05433511734008789
test_files_set_quantifiers/DAISY/Daisy-corrected.sleec,redundancy,5,sat,0.10317349433898926
test_files_set_quantifiers/DAISY/Daisy-corrected.sleec,redundancy,6,sat,0.05515265464782715
test_files_set_quantifiers/DAISY/Daisy-corrected.sleec,redundancy,7,sat,0.09497785568237305
test_files_set_quantifiers/DAISY/Daisy-corrected.sleec,redundancy,8,sat,0.051956892013549805
test_files_set_quantifiers/DAISY/Daisy-corrected.sleec,redundancy,9,sat,0.05401015281677246
test_files_set_quantifiers/DAISY/Daisy-corrected.sleec,redundancy,10,sat,0.2409827709197998
test_files_set_quantifiers/DAISY/Daisy-corrected.sleec,redundancy,11,sat,0.10744428634643555
test_files_set_quantifiers/DAISY/Daisy-corrected.sleec,redundancy,12,sat,0.05702066421508789
test_files_set_quantifiers/DAISY/Daisy-corrected.sleec,redundancy,13,sat,0.09828424453735352
test_files_set_quantifiers/DAISY/Daisy-corrected.sleec,redundancy,14,sat,0.3419811725616455
test_files_set_quantifiers/DAISY/Daisy-corrected.sleec,redundancy,15,sat,0.2430248260498047
test_files_set_quantifiers/DAISY/Daisy-corrected.sleec,redundancy,16,sat,0.0590512752532959
test_files_set_quantifiers/DAISY/Daisy-corrected.sleec,redundancy,17,sat,0.05731463432312012
test_files_set_quantifiers/DAISY/Daisy-corrected.sleec,redundancy,18,sat,0.25280022621154785
test_files_set_quantifiers/DAISY/Daisy-corrected.sleec,redundancy,19,sat,0.254993200302124
test_files_set_quantifiers/DAISY/Daisy-corrected.sleec,redundancy,20,sat,0.25615620613098145
test_files_set_quantifiers/DAISY/Daisy-corrected.sleec,redundancy,21,sat,0.06661558151245117
test_files_set_quantifiers/DAISY/Daisy-corrected.sleec,redundancy,22,sat,0.35514259338378906
test_files_set_quantifiers/DAISY/Daisy-corrected.sleec,redundancy,23,sat,0.06096053123474121
test_files_set_quantifiers/DAISY/Daisy-corrected.sleec,redundancy,24,sat,0.52779221534729
test_files_set_quantifiers/DAISY/Daisy-corrected.sleec,redundancy,25,sat,0.3387875556945801
test_files_set_quantifiers/DAISY/Daisy-corrected.sleec,redundancy,26,sat,0.269519567489624
test_files_set_quantifiers/DAISY/Daisy-corrected.sleec,redundancy,27,sat,0.2687549591064453
test_files_set_quantifiers/DAISY/Daisy-corrected.sleec,redundancy,28,sat,0.06096482276916504
test_files_set_quantifiers/DAISY/Daisy-corrected.sleec,redundancy,29,sat,0.3239173889160156
test_files_set_quantifiers/DAISY/Daisy-corrected.sleec,redundancy,30,sat,0.3331632614135742
test_files_set_quantifiers/DAISY/Daisy-corrected.sleec,redundancy,31,sat,0.4568521976470947
test_files_set_quantifiers/DAISY/Daisy-corrected.sleec,conflict,0,sat,0.06843400001525879
test_files_set_quantifiers/DAISY/Daisy-corrected.sleec,conflict,1,sat,0.05825662612915039
test_files_set_quantifiers/DAISY/Daisy-corrected.sleec,conflict,2,sat,0.05290699005126953
test_files_set_quantifiers/DAISY/Daisy-corrected.sleec,conflict,3,sat,0.05578207969665527
test_files_set_quantifiers/DAISY/Daisy-corrected.sleec,conflict,4,sat,0.09600090980529785
test_files_set_quantifiers/DAISY/Daisy-corrected.sleec,conflict,5,sat,0.09579205513000488
test_files_set_quantifiers/DAISY/Daisy-corrected.sleec,conflict,6,sat,0.09822893142700195
test_files_set_quantifiers/DAISY/Daisy-corrected.sleec,conflict,7,sat,0.1647937297821045
test_files_set_quantifiers/DAISY/Daisy-corrected.sleec,conflict,8,sat,0.0955197811126709
test_files_set_quantifiers/DAISY/Daisy-corrected.sleec,conflict,9,sat,0.09387612342834473
test_files_set_quantifiers/DAISY/Daisy-corrected.sleec,conflict,10,sat,0.4196958541870117
test_files_set_quantifiers/DAISY/Daisy-corrected.sleec,conflict,11,sat,0.1022043228149414
test_files_set_quantifiers/DAISY/Daisy-corrected.sleec,conflict,12,sat,0.09903073310852051
test_files_set_quantifiers/DAISY/Daisy-corrected.sleec,conflict,13,sat,0.16394400596618652
test_files_set_quantifiers/DAISY/Daisy-corrected.sleec,conflict,14,sat,0.34668660163879395
test_files_set_quantifiers/DAISY/Daisy-corrected.sleec,conflict,15,sat,0.4235217571258545
test_files_set_quantifiers/DAISY/Daisy-corrected.sleec,conflict,16,sat,0.14775562286376953
test_files_set_quantifiers/DAISY/Daisy-corrected.sleec,conflict,17,sat,0.10100221633911133
test_files_set_quantifiers/DAISY/Daisy-corrected.sleec,conflict,18,sat,0.3468747138977051
test_files_set_quantifiers/DAISY/Daisy-corrected.sleec,conflict,19,sat,0.350017786026001
test_files_set_quantifiers/DAISY/Daisy-corrected.sleec,conflict,20,sat,0.3561427593231201
test_files_set_quantifiers/DAISY/Daisy-corrected.sleec,conflict,21,sat,0.1031484603881836
test_files_set_quantifiers/DAISY/Daisy-corrected.sleec,conflict,22,sat,0.35779690742492676
test_files_set_quantifiers/DAISY/Daisy-corrected.sleec,conflict,23,sat,0.09953188896179199
test_files_set_quantifiers/DAISY/Daisy-corrected.sleec,conflict,24,sat,0.47477245330810547
test_files_set_quantifiers/DAISY/Daisy-corrected.sleec,conflict,25,sat,0.4452979564666748
test_files_set_quantifiers/DAISY/Daisy-corrected.sleec,conflict,26,sat,0.3656306266784668
test_files_set_quantifiers/DAISY/Daisy-corrected.sleec,conflict,27,sat,0.3598484992980957
test_files_set_quantifiers/DAISY/Daisy-corrected.sleec,conflict,28,sat,0.10517597198486328
test_files_set_quantifiers/DAISY/Daisy-corrected.sleec,conflict,29,sat,0.06103086471557617
test_files_set_quantifiers/DAISY/Daisy-corrected.sleec,conflict,30,sat,0.06138038635253906
test_files_set_quantifiers/DAISY/Daisy-corrected.sleec,conflict,31,sat,0.6760971546173096
test_files_set_quantifiers/DAISY/Daisy-corrected.sleec,concern,0,unsat,0.0921318531036377
test_files_set_quantifiers/DAISY/Daisy-corrected.sleec,concern,1,unsat,0.03497195243835449
test_files_set_quantifiers/DAISY/Daisy-corrected.sleec,concern,2,unsat,0.4667513370513916
test_files_set_quantifiers/DAISY/Daisy-corrected.sleec,concern,3,unsat,0.33093786239624023
test_files_set_quantifiers/DAISY/Daisy-corrected.sleec,concern,4,unsat,0.5305612087249756
test_files_set_quantifiers/DAISY/Daisy-corrected.sleec,concern,5,unsat,0.2212052345275879
test_files_set_quantifiers/DAISY/Daisy.sleec,redundancy,0,sat,0.06548070907592773
test_files_set_quantifiers/DAISY/Daisy.sleec,redundancy,1,sat,0.054996490478515625
test_files_set_quantifiers/DAISY/Daisy.sleec,redundancy,2,sat,0.05031943321228027
test_files_set_quantifiers/DAISY/Daisy.sleec,redundancy,3,sat,0.05326557159423828
test_files_set_quantifiers/DAISY/Daisy.sleec,redundancy,4,sat,0.051165103912353516
test_files_set_quantifiers/DAISY/Daisy.sleec,redundancy,5,sat,0.05166053771972656
test_files_set_quantifiers/DAISY/Daisy.sleec,redundancy,6,sat,0.0955967903137207
test_files_set_quantifiers/DAISY/Daisy.sleec,redundancy,7,sat,0.051305294036865234
test_files_set_quantifiers/DAISY/Daisy.sleec,redundancy,8,sat,0.05307435989379883
test_files_set_quantifiers/DAISY/Daisy.sleec,redundancy,9,sat,0.5933904647827148
test_files_set_quantifiers/DAISY/Daisy.sleec,redundancy,10,sat,0.10924410820007324
test_files_set_quantifiers/DAISY/Daisy.sleec,redundancy,11,sat,0.05619692802429199
test_files_set_quantifiers/DAISY/Daisy.sleec,redundancy,12,sat,0.0974268913269043
test_files_set_quantifiers/DAISY/Daisy.sleec,redundancy,13,sat,0.19081902503967285
test_files_set_quantifiers/DAISY/Daisy.sleec,redundancy,14,sat,0.4903252124786377
test_files_set_quantifiers/DAISY/Daisy.sleec,redundancy,15,sat,0.055303335189819336
test_files_set_quantifiers/DAISY/Daisy.sleec,redundancy,16,sat,0.056944847106933594
test_files_set_quantifiers/DAISY/Daisy.sleec,redundancy,17,sat,0.13912105560302734
test_files_set_quantifiers/DAISY/Daisy.sleec,redundancy,18,sat,0.05301666259765625
test_files_set_quantifiers/DAISY/Daisy.sleec,redundancy,19,unsat,0.029021501541137695
test_files_set_quantifiers/DAISY/Daisy.sleec,redundancy,20,sat,0.05206108093261719
test_files_set_quantifiers/DAISY/Daisy.sleec,redundancy,21,sat,0.392747163772583
test_files_set_quantifiers/DAISY/Daisy.sleec,redundancy,22,sat,0.9278309345245361
test_files_set_quantifiers/DAISY/Daisy.sleec,redundancy,23,sat,0.7373805046081543
test_files_set_quantifiers/DAISY/Daisy.sleec,redundancy,24,sat,0.14961028099060059
test_files_set_quantifiers/DAISY/Daisy.sleec,redundancy,25,sat,0.14211797714233398
test_files_set_quantifiers/DAISY/Daisy.sleec,conflict,0,sat,0.06679677963256836
test_files_set_quantifiers/DAISY/Daisy.sleec,conflict,1,sat,0.05656003952026367
test_files_set_quantifiers/DAISY/Daisy.sleec,conflict,2,sat,0.051592111587524414
test_files_set_quantifiers/DAISY/Daisy.sleec,conflict,3,sat,0.0521700382232666
test_files_set_quantifiers/DAISY/Daisy.sleec,conflict,4,sat,0.09231877326965332
test_files_set_quantifiers/DAISY/Daisy.sleec,conflict,5,sat,0.09763550758361816
test_files_set_quantifiers/DAISY/Daisy.sleec,conflict,6,sat,0.16070961952209473
test_files_set_quantifiers/DAISY/Daisy.sleec,conflict,7,sat,0.0954139232635498
test_files_set_quantifiers/DAISY/Daisy.sleec,conflict,8,sat,0.09248900413513184
test_files_set_quantifiers/DAISY/Daisy.sleec,conflict,9,sat,0.8742804527282715
test_files_set_quantifiers/DAISY/Daisy.sleec,conflict,10,sat,0.10304594039916992
test_files_set_quantifiers/DAISY/Daisy.sleec,conflict,11,sat,0.10181951522827148
test_files_set_quantifiers/DAISY/Daisy.sleec,conflict,12,sat,0.16660046577453613
test_files_set_quantifiers/DAISY/Daisy.sleec,conflict,13,sat,0.20186519622802734
test_files_set_quantifiers/DAISY/Daisy.sleec,conflict,14,sat,0.8785614967346191
test_files_set_quantifiers/DAISY/Daisy.sleec,conflict,15,sat,0.14550495147705078
test_files_set_quantifiers/DAISY/Daisy.sleec,conflict,16,sat,0.09868288040161133
test_files_set_quantifiers/DAISY/Daisy.sleec,conflict,17,sat,0.20600128173828125
test_files_set_quantifiers/DAISY/Daisy.sleec,conflict,18,sat,0.10030937194824219
test_files_set_quantifiers/DAISY/Daisy.sleec,conflict,19,sat,0.2140657901763916
test_files_set_quantifiers/DAISY/Daisy.sleec,conflict,20,sat,0.09989333152770996
test_files_set_quantifiers/DAISY/Daisy.sleec,conflict,21,sat,0.8924989700317383
test_files_set_quantifiers/DAISY/Daisy.sleec,conflict,22,sat,0.9059140682220459
test_files_set_quantifiers/DAISY/Daisy.sleec,conflict,23,sat,0.9136471748352051
test_files_set_quantifiers/DAISY/Daisy.sleec,conflict,24,sat,0.21764755249023438
test_files_set_quantifiers/DAISY/Daisy.sleec,conflict,25,sat,0.2147066593170166
test_files_set_quantifiers/DAISY/Daisy.sleec,concern,0,sat,0.11370611190795898
test_files_set_quantifiers/DAISY/Daisy.sleec,concern,1,sat,0.051122188568115234
test_files_set_quantifiers/DAISY/Daisy.sleec,concern,2,sat,0.20543408393859863
test_files_set_quantifiers/DAISY/Daisy.sleec,concern,3,unsat,0.19710206985473633
test_files_set_quantifiers/DAISY/Daisy.sleec,concern,4,sat,0.9676170349121094
test_files_set_quantifiers/DAISY/Daisy.sleec,concern,5,sat,0.1986684799194336
test_files_set_quantifiers/dressingAssist/DRESSASSIST-corrected.sleec,redundancy,0,sat,0.12503695487976074
test_files_set_quantifiers/dressingAssist/DRESSASSIST-corrected.sleec,redundancy,1,sat,0.17026114463806152
test_files_set_quantifiers/dressingAssist/DRESSASSIST-corrected.sleec,redundancy,2,sat,0.10866260528564453
test_files_set_quantifiers/dressingAssist/DRESSASSIST-corrected.sleec,redundancy,3,sat,0.17350101470947266
test_files_set_quantifiers/dressingAssist/DRESSASSIST-corrected.sleec,redundancy,4,sat,0.2371687889099121
test_files_set_quantifiers/dressingAssist/DRESSASSIST-corrected.sleec,redundancy,5,sat,0.1141977310180664
test_files_set_quantifiers/dressingAssist/DRESSASSIST-corrected.sleec,redundancy,6,sat,0.12455987930297852
test_files_set_quantifiers/dressingAssist/DRESSASSIST-corrected.sleec,redundancy,7,sat,0.11452960968017578
test_files_set_quantifiers/dressingAssist/DRESSASSIST-corrected.sleec,redundancy,8,sat,0.11216139793395996
test_files_set_quantifiers/dressingAssist/DRESSASSIST-corrected.sleec,redundancy,9,sat,0.17957568168640137
test_files_set_quantifiers/dressingAssist/DRESSASSIST-corrected.sleec,redundancy,10,sat,0.11638379096984863
test_files_set_quantifiers/dressingAssist/DRESSASSIST-corrected.sleec,redundancy,11,sat,0.1603100299835205
test_files_set_quantifiers/dressingAssist/DRESSASSIST-corrected.sleec,redundancy,12,sat,0.1596689224243164
test_files_set_quantifiers/dressingAssist/DRESSASSIST-corrected.sleec,redundancy,13,sat,0.1975569725036621
test_files_set_quantifiers/dressingAssist/DRESSASSIST-corrected.sleec,redundancy,14,sat,0.11299586296081543
test_files_set_quantifiers/dressingAssist/DRESSASSIST-corrected.sleec,redundancy,15,sat,0.13343572616577148
test_files_set_quantifiers/dressingAssist/DRESSASSIST-corrected.sleec,redundancy,16,sat,0.11290431022644043
test_files_set_quantifiers/dressingAssist/DRESSASSIST-corrected.sleec,redundancy,17,sat,0.16824555397033691
test_files_set_quantifiers/dressingAssist/DRESSASSIST-corrected.sleec,redundancy,18,sat,0.1142570972442627
test_files_set_quantifiers/dressingAssist/DRESSASSIST-corrected.sleec,redundancy,19,sat,0.11230659484863281
test_files_set_quantifiers/dressingAssist/DRESSASSIST-corrected.sleec,redundancy,20,sat,0.11216616630554199
test_files_set_quantifiers/dressingAssist/DRESSASSIST-corrected.sleec,redundancy,21,sat,0.11188817024230957
test_files_set_quantifiers/dressingAssist/DRESSASSIST-corrected.sleec,redundancy,22,sat,0.16229033470153809
test_files_set_quantifiers/dressingAssist/DRESSASSIST-corrected.sleec,redundancy,23,sat,0.2204122543334961
test_files_set_quantifiers/dressingAssist/DRESSASSIST-corrected.sleec,redundancy,24,sat,0.11479640007019043
test_files_set_quantifiers/dressingAssist/DRESSASSIST-corrected.sleec,redundancy,25,sat,0.11345291137695312
test_files_set_quantifiers/dressingAssist/DRESSASSIST-corrected.sleec,redundancy,26,sat,0.11314511299133301
test_files_set_quantifiers/dressingAssist/DRESSASSIST-corrected.sleec,redundancy,27,sat,0.1718909740447998
test_files_set_quantifiers/dressingAssist/DRESSASSIST-corrected.sleec,redundancy,28,sat,0.18092584609985352
test_files_set_quantifiers/dressingAssist/DRESSASSIST-corrected.sleec,redundancy,29,sat,0.1174774169921875
test_files_set_quantifiers/dressingAssist/DRESSASSIST-corrected.sleec,redundancy,30,sat,0.24482321739196777
test_files_set_quantifiers/dressingAssist/DRESSASSIST-corrected.sleec,conflict,0,sat,0.20056533813476562
test_files_set_quantifiers/dressingAssist/DRESSASSIST-corrected.sleec,conflict,1,sat,0.18824076652526855
test_files_set_quantifiers/dressingAssist/DRESSASSIST-corrected.sleec,conflict,2,sat,0.12301921844482422
test_files_set_quantifiers/dressingAssist/DRESSASSIST-corrected.sleec,conflict,3,sat,0.18613409996032715
test_files_set_quantifiers/dressingAssist/DRESSASSIST-corrected.sleec,conflict,4,sat,0.253894567489624
test_files_set_quantifiers/dressingAssist/DRESSASSIST-corrected.sleec,conflict,5,sat,0.18394160270690918
test_files_set_quantifiers/dressingAssist/DRESSASSIST-corrected.sleec,conflict,6,sat,0.19497966766357422
test_files_set_quantifiers/dressingAssist/DRESSASSIST-corrected.sleec,conflict,7,sat,0.18118524551391602
test_files_set_quantifiers/dressingAssist/DRESSASSIST-corrected.sleec,conflict,8,sat,0.18054938316345215
test_files_set_quantifiers/dressingAssist/DRESSASSIST-corrected.sleec,conflict,9,sat,0.1944124698638916
test_files_set_quantifiers/dressingAssist/DRESSASSIST-corrected.sleec,conflict,10,sat,0.19330859184265137
test_files_set_quantifiers/dressingAssist/DRESSASSIST-corrected.sleec,conflict,11,sat,0.24873828887939453
test_files_set_quantifiers/dressingAssist/DRESSASSIST-corrected.sleec,conflict,12,sat,0.2505173683166504
test_files_set_quantifiers/dressingAssist/DRESSASSIST-corrected.sleec,conflict,13,sat,0.19895124435424805
test_files_set_quantifiers/dressingAssist/DRESSASSIST-corrected.sleec,conflict,14,sat,0.18316006660461426
test_files_set_quantifiers/dressingAssist/DRESSASSIST-corrected.sleec,conflict,15,sat,0.12888383865356445
test_files_set_quantifiers/dressingAssist/DRESSASSIST-corrected.sleec,conflict,16,sat,0.18561458587646484
test_files_set_quantifiers/dressingAssist/DRESSASSIST-corrected.sleec,conflict,17,sat,0.2597181797027588
test_files_set_quantifiers/dressingAssist/DRESSASSIST-corrected.sleec,conflict,18,sat,0.1963329315185547
test_files_set_quantifiers/dressingAssist/DRESSASSIST-corrected.sleec,conflict,19,sat,0.18363332748413086
test_files_set_quantifiers/dressingAssist/DRESSASSIST-corrected.sleec,conflict,20,sat,0.18235015869140625
test_files_set_quantifiers/dressingAssist/DRESSASSIST-corrected.sleec,conflict,21,sat,0.1831986904144287
test_files_set_quantifiers/dressingAssist/DRESSASSIST-corrected.sleec,conflict,22,sat,0.33261656761169434
test_files_set_quantifiers/dressingAssist/DRESSASSIST-corrected.sleec,conflict,23,sat,0.335888147354126
test_files_set_quantifiers/dressingAssist/DRESSASSIST-corrected.sleec,conflict,24,sat,0.19672584533691406
test_files_set_quantifiers/dressingAssist/DRESSASSIST-corrected.sleec,conflict,25,sat,0.1895592212677002
test_files_set_quantifiers/dressingAssist/DRESSASSIST-corrected.sleec,conflict,26,sat,0.19676470756530762
test_files_set_quantifiers/dressingAssist/DRESSASSIST-corrected.sleec,conflict,27,sat,0.265869140625
test_files_set_quantifiers/dressingAssist/DRESSASSIST-corrected.sleec,conflict,28,sat,0.20665669441223145
test_files_set_quantifiers/dressingAssist/DRESSASSIST-corrected.sleec,conflict,29,sat,0.19097447395324707
test_files_set_quantifiers/dressingAssist/DRESSASSIST-corrected.sleec,conflict,30,sat,0.2686793804168701
test_files_set_quantifiers/dressingAssist/DRESSASSIST-corrected.sleec,concern,0,unsat,0.16643714904785156
test_files_set_quantifiers/dressingAssist/DRESSASSIST-corrected.sleec,concern,1,unsat,0.23079872131347656
test_files_set_quantifiers/dressingAssist/DRESSASSIST-corrected.sleec,concern,2,unsat,0.15262603759765625
test_files_set_quantifiers/dressingAssist/DRESSASSIST.sleec,redundancy,0,sat,0.12241411209106445
test_files_set_quantifiers/dressingAssist/DRESSASSIST.sleec,redundancy,1,sat,0.16992664337158203
test_files_set_quantifiers/dressingAssist/DRESSASSIST.sleec,redundancy,2,sat,0.10883927345275879
test_files_set_quantifiers/dressingAssist/DRESSASSIST.sleec,redundancy,3,sat,0.1693282127380371
test_files_set_quantifiers/dressingAssist/DRESSASSIST.sleec,redundancy,4,sat,0.23351335525512695
test_files_set_quantifiers/dressingAssist/DRESSASSIST.sleec,redundancy,5,sat,0.11354517936706543
test_files_set_quantifiers/dressingAssist/DRESSASSIST.sleec,redundancy,6,sat,0.12314844131469727
test_files_set_quantifiers/dressingAssist/DRESSASSIST.sleec,redundancy,7,sat,0.1135718822479248
test_files_set_quantifiers/dressingAssist/DRESSASSIST.sleec,redundancy,8,sat,0.10769033432006836
test_files_set_quantifiers/dressingAssist/DRESSASSIST.sleec,redundancy,9,sat,0.174757719039917
test_files_set_quantifiers/dressingAssist/DRESSASSIST.sleec,redundancy,10,sat,0.11413264274597168
test_files_set_quantifiers/dressingAssist/DRESSASSIST.sleec,redundancy,11,sat,0.16023993492126465
test_files_set_quantifiers/dressingAssist/DRESSASSIST.sleec,redundancy,12,sat,0.16089630126953125
test_files_set_quantifiers/dressingAssist/DRESSASSIST.sleec,redundancy,13,sat,0.1979987621307373
test_files_set_quantifiers/dressingAssist/DRESSASSIST.sleec,redundancy,14,sat,0.11274003982543945
test_files_set_quantifiers/dressingAssist/DRESSASSIST.sleec,redundancy,15,sat,0.13164353370666504
test_files_set_quantifiers/dressingAssist/DRESSASSIST.sleec,redundancy,16,sat,0.11227154731750488
test_files_set_quantifiers/dressingAssist/DRESSASSIST.sleec,redundancy,17,sat,0.1651456356048584
test_files_set_quantifiers/dressingAssist/DRESSASSIST.sleec,redundancy,18,sat,0.11441850662231445
test_files_set_quantifiers/dressingAssist/DRESSASSIST.sleec,redundancy,19,sat,0.11526632308959961
test_files_set_quantifiers/dressingAssist/DRESSASSIST.sleec,redundancy,20,sat,0.1102912425994873
test_files_set_quantifiers/dressingAssist/DRESSASSIST.sleec,redundancy,21,sat,0.11295533180236816
test_files_set_quantifiers/dressingAssist/DRESSASSIST.sleec,redundancy,22,sat,0.16240310668945312
test_files_set_quantifiers/dressingAssist/DRESSASSIST.sleec,redundancy,23,sat,0.22891545295715332
test_files_set_quantifiers/dressingAssist/DRESSASSIST.sleec,redundancy,24,sat,0.11636495590209961
test_files_set_quantifiers/dressingAssist/DRESSASSIST.sleec,redundancy,25,sat,0.11358809471130371
test_files_set_quantifiers/dressingAssist/DRESSASSIST.sleec,redundancy,26,sat,0.11285853385925293
test_files_set_quantifiers/dressingAssist/DRESSASSIST.sleec,redundancy,27,sat,0.16823887825012207
test_files_set_quantifiers/dressingAssist/DRESSASSIST.sleec,redundancy,28,sat,0.17618632316589355
test_files_set_quantifiers/dressingAssist/DRESSASSIST.sleec,redundancy,29,sat,0.11715984344482422
test_files_set_quantifiers/dressingAssist/DRESSASSIST.sleec,redundancy,30,sat,0.26284027099609375
test_files_set_quantifiers/dressingAssist/DRESSASSIST.sleec,conflict,0,sat,0.19457244873046875
test_files_set_quantifiers/dressingAssist/DRESSASSIST.sleec,conflict,1,sat,0.1857306957244873
test_files_set_quantifiers/dressingAssist/DRESSASSIST.sleec,conflict,2,sat,0.12248563766479492
test_files_set_quantifiers/dressingAssist/DRESSASSIST.sleec,conflict,3,sat,0.1843268871307373
test_files_set_quantifiers/dressingAssist/DRESSASSIST.sleec,conflict,4,sat,0.24838924407958984
test_files_set_quantifiers/dressingAssist/DRESSASSIST.sleec,conflict,5,sat,0.1818697452545166
test_files_set_quantifiers/dressingAssist/DRESSASSIST.sleec,conflict,6,sat,0.1927809715270996
test_files_set_quantifiers/dressingAssist/DRESSASSIST.sleec,conflict,7,sat,0.1824512481689453
test_files_set_quantifiers/dressingAssist/DRESSASSIST.sleec,conflict,8,sat,0.17825794219970703
test_files_set_quantifiers/dressingAssist/DRESSASSIST.sleec,conflict,9,sat,0.1920626163482666
test_files_set_quantifiers/dressingAssist/DRESSASSIST.sleec,conflict,10,sat,0.18983817100524902
test_files_set_quantifiers/dressingAssist/DRESSASSIST.sleec,conflict,11,sat,0.24452590942382812
test_files_set_quantifiers/dressingAssist/DRESSASSIST.sleec,conflict,12,sat,0.24531269073486328
test_files_set_quantifiers/dressingAssist/DRESSASSIST.sleec,conflict,13,sat,0.19676709175109863
test_files_set_quantifiers/dressingAssist/DRESSASSIST.sleec,conflict,14,sat,0.1796715259552002
test_files_set_quantifiers/dressingAssist/DRESSASSIST.sleec,conflict,15,sat,0.12676239013671875
test_files_set_quantifiers/dressingAssist/DRESSASSIST.sleec,conflict,16,sat,0.18326139450073242
test_files_set_quantifiers/dressingAssist/DRESSASSIST.sleec,conflict,17,sat,0.2537260055541992
test_files_set_quantifiers/dressingAssist/DRESSASSIST.sleec,conflict,18,sat,0.19336652755737305
test_files_set_quantifiers/dressingAssist/DRESSASSIST.sleec,conflict,19,sat,0.18116521835327148
test_files_set_quantifiers/dressingAssist/DRESSASSIST.sleec,conflict,20,sat,0.1805436611175537
test_files_set_quantifiers/dressingAssist/DRESSASSIST.sleec,conflict,21,sat,0.18127822875976562
test_files_set_quantifiers/dressingAssist/DRESSASSIST.sleec,conflict,22,sat,0.32729339599609375
test_files_set_quantifiers/dressingAssist/DRESSASSIST.sleec,conflict,23,sat,0.3293633460998535
test_files_set_quantifiers/dressingAssist/DRESSASSIST.sleec,conflict,24,sat,0.19080114364624023
test_files_set_quantifiers/dressingAssist/DRESSASSIST.sleec,conflict,25,sat,0.18553996086120605
test_files_set_quantifiers/dressingAssist/DRESSASSIST.sleec,conflict,26,sat,0.19133567810058594
test_files_set_quantifiers/dressingAssist/DRESSASSIST.sleec,conflict,27,sat,0.2618837356567383
test_files_set_quantifiers/dressingAssist/DRESSASSIST.sleec,conflict,28,sat,0.20271778106689453
test_files_set_quantifiers/dressingAssist/DRESSASSIST.sleec,conflict,29,sat,0.1882319450378418
test_files_set_quantifiers/dressingAssist/DRESSASSIST.sleec,conflict,30,sat,0.2648293972015381
test_files_set_quantifiers/dressingAssist/DRESSASSIST.sleec,concern,0,unsat,0.16259098052978516
test_files_set_quantifiers/dressingAssist/DRESSASSIST.sleec,concern,1,unsat,0.22894787788391113
test_files_set_quantifiers/dressingAssist/DRESSASSIST.sleec,concern,2,sat,0.19737553596496582
test_files_set_quantifiers/gdpr/DPA-corrected.sleec,redundancy,0,sat,0.11676931381225586
test_files_set_quantifiers/gdpr/DPA-corrected.sleec,redundancy,1,sat,0.10367512702941895
test_files_set_quantifiers/gdpr/DPA-corrected.sleec,redundancy,2,sat,0.22346019744873047
test_files_set_quantifiers/gdpr/DPA-corrected.sleec,redundancy,3,sat,0.07527780532836914
test_files_set_quantifiers/gdpr/DPA-corrected.sleec,redundancy,4,sat,0.07220625877380371
test_files_set_quantifiers/gdpr/DPA-corrected.sleec,redundancy,5,sat,0.09141421318054199
test_files_set_quantifiers/gdpr/DPA-corrected.sleec,redundancy,6,sat,0.10498762130737305
test_files_set_quantifiers/gdpr/DPA-corrected.sleec,redundancy,7,sat,0.1431872844696045
test_files_set_quantifiers/gdpr/DPA-corrected.sleec,redundancy,8,sat,0.10548663139343262
test_files_set_quantifiers/gdpr/DPA-corrected.sleec,redundancy,9,sat,0.07006287574768066
test_files_set_quantifiers/gdpr/DPA-corrected.sleec,redundancy,10,sat,0.2198019027709961
test_files_set_quantifiers/gdpr/DPA-corrected.sleec,redundancy,11,sat,0.1077127456665039
test_files_set_quantifiers/gdpr/DPA-corrected.sleec,redundancy,12,sat,0.10593128204345703
test_files_set_quantifiers/gdpr/DPA-corrected.sleec,redundancy,13,sat,0.33916664123535156
test_files_set_quantifiers/gdpr/DPA-corrected.sleec,redundancy,14,sat,0.07765889167785645
test_files_set_quantifiers/gdpr/DPA-corrected.sleec,redundancy,15,sat,0.2186756134033203
test_files_set_quantifiers/gdpr/DPA-corrected.sleec,redundancy,16,sat,0.12816190719604492
test_files_set_quantifiers/gdpr/DPA-corrected.sleec,redundancy,17,sat,0.23169636726379395
test_files_set_quantifiers/gdpr/DPA-corrected.sleec,redundancy,18,sat,0.14496970176696777
test_files_set_quantifiers/gdpr/DPA-corrected.sleec,redundancy,19,sat,0.14148378372192383
test_files_set_quantifiers/gdpr/DPA-corrected.sleec,redundancy,20,sat,0.10823869705200195
test_files_set_quantifiers/gdpr/DPA-corrected.sleec,redundancy,21,sat,0.10737323760986328
test_files_set_quantifiers/gdpr/DPA-corrected.sleec,redundancy,22,sat,0.2518913745880127
test_files_set_quantifiers/gdpr/DPA-corrected.sleec,redundancy,23,sat,0.07974123954772949
test_files_set_quantifiers/gdpr/DPA-corrected.sleec,redundancy,24,sat,0.11101293563842773
test_files_set_quantifiers/gdpr/DPA-corrected.sleec,conflict,0,sat,0.13163208961486816
test_files_set_quantifiers/gdpr/DPA-corrected.sleec,conflict,1,sat,0.12389755249023438
test_files_set_quantifiers/gdpr/DPA-corrected.sleec,conflict,2,sat,0.12194347381591797
test_files_set_quantifiers/gdpr/DPA-corrected.sleec,conflict,3,sat,0.12549614906311035
test_files_set_quantifiers/gdpr/DPA-corrected.sleec,conflict,4,sat,0.21280622482299805
test_files_set_quantifiers/gdpr/DPA-corrected.sleec,conflict,5,sat,0.23909544944763184
test_files_set_quantifiers/gdpr/DPA-corrected.sleec,conflict,6,sat,0.16621947288513184
test_files_set_quantifiers/gdpr/DPA-corrected.sleec,conflict,7,sat,0.21354317665100098
test_files_set_quantifiers/gdpr/DPA-corrected.sleec,conflict,8,sat,0.2164905071258545
test_files_set_quantifiers/gdpr/DPA-corrected.sleec,conflict,9,sat,0.1197507381439209
test_files_set_quantifiers/gdpr/DPA-corrected.sleec,conflict,10,sat,0.35202622413635254
test_files_set_quantifiers/gdpr/DPA-corrected.sleec,conflict,11,sat,0.16657757759094238
test_files_set_quantifiers/gdpr/DPA-corrected.sleec,conflict,12,sat,0.16461396217346191
test_files_set_quantifiers/gdpr/DPA-corrected.sleec,conflict,13,sat,0.12905192375183105
test_files_set_quantifiers/gdpr/DPA-corrected.sleec,conflict,14,sat,0.12887907028198242
test_files_set_quantifiers/gdpr/DPA-corrected.sleec,conflict,15,sat,0.3467879295349121
test_files_set_quantifiers/gdpr/DPA-corrected.sleec,conflict,16,sat,0.25761985778808594
test_files_set_quantifiers/gdpr/DPA-corrected.sleec,conflict,17,sat,0.3743555545806885
test_files_set_quantifiers/gdpr/DPA-corrected.sleec,conflict,18,sat,0.27728939056396484
test_files_set_quantifiers/gdpr/DPA-corrected.sleec,conflict,19,sat,0.25588011741638184
test_files_set_quantifiers/gdpr/DPA-corrected.sleec,conflict,20,sat,0.17014646530151367
test_files_set_quantifiers/gdpr/DPA-corrected.sleec,conflict,21,sat,0.1682300567626953
test_files_set_quantifiers/gdpr/DPA-corrected.sleec,conflict,22,sat,0.255260705947876
test_files_set_quantifiers/gdpr/DPA-corrected.sleec,conflict,23,sat,0.2589082717895508
test_files_set_quantifiers/gdpr/DPA-corrected.sleec,conflict,24,sat,0.17087745666503906
test_files_set_quantifiers/gdpr/DPA-corrected.sleec,concern,0,unsat,0.126556396484375
test_files_set_quantifiers/gdpr/DPA-corrected.sleec,concern,1,unsat,0.238328218460083
test_files_set_quantifiers/gdpr/DPA-corrected.sleec,concern,2,unsat,0.19762754440307617
test_files_set_quantifiers/gdpr/DPA-corrected.sleec,concern,3,unsat,0.1959068775177002
test_files_set_quantifiers/gdpr/DPA-corrected.sleec,concern,4,unsat,0.0993340015411377
test_files_set_quantifiers/gdpr/DPA-corrected.sleec,concern,5,unsat,0.2771618366241455
test_files_set_quantifiers/gdpr/DPA-corrected.sleec,concern,6,unsat,0.161346435546875
test_files_set_quantifiers/gdpr/DPA-corrected.sleec,concern,7,unsat,0.07351040840148926
test_files_set_quantifiers/gdpr/DPA-corrected.sleec,concern,8,unsat,0.1321735382080078
test_files_set_quantifiers/gdpr/DPA-corrected.sleec,concern,9,unsat,0.08571958541870117
test_files_set_quantifiers/gdpr/DPA-corrected.sleec,concern,10,unsat,0.07758855819702148
test_files_set_quantifiers/gdpr/DPA.sleec,redundancy,0,sat,0.11714792251586914
test_files_set_quantifiers/gdpr/DPA.sleec,redundancy,1,sat,0.11464190483093262
test_files_set_quantifiers/gdpr/DPA.sleec,redundancy,2,sat,0.07031917572021484
test_files_set_quantifiers/gdpr/DPA.sleec,redundancy,3,sat,0.06825590133666992
test_files_set_quantifiers/gdpr/DPA.sleec,redundancy,4,sat,0.08747220039367676
test_files_set_quantifiers/gdpr/DPA.sleec,redundancy,5,sat,0.10358691215515137
test_files_set_quantifiers/gdpr/DPA.sleec,redundancy,6,sat,0.10445547103881836
test_files_set_quantifiers/gdpr/DPA.sleec,redundancy,7,sat,0.10422492027282715
test_files_set_quantifiers/gdpr/DPA.sleec,redundancy,8,sat,0.22178173065185547
test_files_set_quantifiers/gdpr/DPA.sleec,redundancy,9,sat,0.10962963104248047
test_files_set_quantifiers/gdpr/DPA.sleec,redundancy,10,sat,0.10586118698120117
test_files_set_quantifiers/gdpr/DPA.sleec,redundancy,11,sat,0.3394138813018799
test_files_set_quantifiers/gdpr/DPA.sleec,redundancy,12,sat,0.07856249809265137
test_files_set_quantifiers/gdpr/DPA.sleec,redundancy,13,sat,0.22177767753601074
test_files_set_quantifiers/gdpr/DPA.sleec,redundancy,14,sat,0.12873315811157227
test_files_set_quantifiers/gdpr/DPA.sleec,redundancy,15,sat,0.23140406608581543
test_files_set_quantifiers/gdpr/DPA.sleec,redundancy,16,sat,0.14351892471313477
test_files_set_quantifiers/gdpr/DPA.sleec,redundancy,17,sat,0.14205098152160645
test_files_set_quantifiers/gdpr/DPA.sleec,redundancy,18,sat,0.11030030250549316
test_files_set_quantifiers/gdpr/DPA.sleec,redundancy,19,sat,0.10661506652832031
test_files_set_quantifiers/gdpr/DPA.sleec,redundancy,20,sat,0.07280564308166504
test_files_set_quantifiers/gdpr/DPA.sleec,redundancy,21,sat,0.10933518409729004
test_files_set_quantifiers/gdpr/DPA.sleec,conflict,0,sat,0.13077878952026367
test_files_set_quantifiers/gdpr/DPA.sleec,conflict,1,sat,0.12052416801452637
test_files_set_quantifiers/gdpr/DPA.sleec,conflict,2,sat,0.20539474487304688
test_files_set_quantifiers/gdpr/DPA.sleec,conflict,3,sat,0.2096877098083496
test_files_set_quantifiers/gdpr/DPA.sleec,conflict,4,sat,0.2393794059753418
test_files_set_quantifiers/gdpr/DPA.sleec,conflict,5,sat,0.16434550285339355
test_files_set_quantifiers/gdpr/DPA.sleec,conflict,6,sat,0.1602919101715088
test_files_set_quantifiers/gdpr/DPA.sleec,conflict,7,sat,0.16085100173950195
test_files_set_quantifiers/gdpr/DPA.sleec,conflict,8,sat,0.35480809211730957
test_files_set_quantifiers/gdpr/DPA.sleec,conflict,9,sat,0.16683578491210938
test_files_set_quantifiers/gdpr/DPA.sleec,conflict,10,sat,0.16577482223510742
test_files_set_quantifiers/gdpr/DPA.sleec,conflict,11,sat,0.12699413299560547
test_files_set_quantifiers/gdpr/DPA.sleec,conflict,12,sat,0.1259140968322754
test_files_set_quantifiers/gdpr/DPA.sleec,conflict,13,sat,0.3454258441925049
test_files_set_quantifiers/gdpr/DPA.sleec,conflict,14,sat,0.25223302841186523
test_files_set_quantifiers/gdpr/DPA.sleec,conflict,15,sat,0.3658738136291504
test_files_set_quantifiers/gdpr/DPA.sleec,conflict,16,sat,0.25599169731140137
test_files_set_quantifiers/gdpr/DPA.sleec,conflict,17,sat,0.25699591636657715
test_files_set_quantifiers/gdpr/DPA.sleec,conflict,18,sat,0.16648626327514648
test_files_set_quantifiers/gdpr/DPA.sleec,conflict,19,sat,0.16449666023254395
test_files_set_quantifiers/gdpr/DPA.sleec,conflict,20,sat,0.13060832023620605
test_files_set_quantifiers/gdpr/DPA.sleec,conflict,21,sat,0.17085790634155273
test_files_set_quantifiers/gdpr/DPA.sleec,concern,0,unsat,0.13941311836242676
test_files_set_quantifiers/gdpr/DPA.sleec,concern,1,unsat,0.23819875717163086
test_files_set_quantifiers/gdpr/DPA.sleec,concern,2,unsat,0.1991579532623291
test_files_set_quantifiers/gdpr/DPA.sleec,concern,3,sat,0.2286520004272461
test_files_set_quantifiers/gdpr/DPA.sleec,concern,4,sat,0.15081310272216797
test_files_set_quantifiers/gdpr/DPA.sleec,concern,5,unsat,0.27907657623291016
test_files_set_quantifiers/gdpr/DPA.sleec,concern,6,unsat,0.16330647468566895
test_files_set_quantifiers/gdpr/DPA.sleec,concern,7,unsat,0.07300066947937012
test_files_set_quantifiers/gdpr/DPA.sleec,concern,8,sat,0.2589995861053467
test_files_set_quantifiers/gdpr/DPA.sleec,concern,9,unsat,0.08639001846313477
test_files_set_quantifiers/gdpr/DPA.sleec,concern,10,unsat,0.0769948959350586
test_files_set_quantifiers/ALMI/ALMI.sleec,redundancy,0,sat,0.06862568855285645
test_files_set_quantifiers/ALMI/ALMI.sleec,redundancy,1,sat,0.0852057933807373
test_files_set_quantifiers/ALMI/ALMI.sleec,redundancy,2,sat,0.1706080436706543
test_files_set_quantifiers/ALMI/ALMI.sleec,redundancy,3,sat,0.12013459205627441
test_files_set_quantifiers/ALMI/ALMI.sleec,redundancy,4,sat,0.05939459800720215
test_files_set_quantifiers/ALMI/ALMI.sleec,redundancy,5,sat,0.05850052833557129
test_files_set_quantifiers/ALMI/ALMI.sleec,redundancy,6,sat,0.11557936668395996
test_files_set_quantifiers/ALMI/ALMI.sleec,redundancy,7,sat,0.059128522872924805
test_files_set_quantifiers/ALMI/ALMI.sleec,redundancy,8,sat,0.05849742889404297
test_files_set_quantifiers/ALMI/ALMI.sleec,redundancy,9,sat,0.11771941184997559
test_files_set_quantifiers/ALMI/ALMI.sleec,redundancy,10,sat,0.0565495491027832
test_files_set_quantifiers/ALMI/ALMI.sleec,redundancy,11,sat,0.05879640579223633
test_files_set_quantifiers/ALMI/ALMI.sleec,redundancy,12,sat,0.06358671188354492
test_files_set_quantifiers/ALMI/ALMI.sleec,redundancy,13,sat,0.11800432205200195
test_files_set_quantifiers/ALMI/ALMI.sleec,redundancy,14,sat,0.12947607040405273
test_files_set_quantifiers/ALMI/ALMI.sleec,redundancy,15,sat,0.05997300148010254
test_files_set_quantifiers/ALMI/ALMI.sleec,redundancy,16,sat,0.08485531806945801
test_files_set_quantifiers/ALMI/ALMI.sleec,redundancy,17,sat,0.0562741756439209
test_files_set_quantifiers/ALMI/ALMI.sleec,redundancy,18,sat,0.24538135528564453
test_files_set_quantifiers/ALMI/ALMI.sleec,redundancy,19,sat,0.05822324752807617
test_files_set_quantifiers/ALMI/ALMI.sleec,redundancy,20,sat,0.06987476348876953
test_files_set_quantifiers/ALMI/ALMI.sleec,redundancy,21,sat,0.17696070671081543
test_files_set_quantifiers/ALMI/ALMI.sleec,redundancy,22,sat,0.08714485168457031
test_files_set_quantifiers/ALMI/ALMI.sleec,redundancy,23,sat,0.062100887298583984
test_files_set_quantifiers/ALMI/ALMI.sleec,redundancy,24,sat,0.08685088157653809
test_files_set_quantifiers/ALMI/ALMI.sleec,redundancy,25,sat,0.08627867698669434
test_files_set_quantifiers/ALMI/ALMI.sleec,redundancy,26,sat,0.060289621353149414
test_files_set_quantifiers/ALMI/ALMI.sleec,redundancy,27,sat,0.057291507720947266
test_files_set_quantifiers/ALMI/ALMI.sleec,redundancy,28,sat,0.06224322319030762
test_files_set_quantifiers/ALMI/ALMI.sleec,redundancy,29,sat,0.0581517219543457
test_files_set_quantifiers/ALMI/ALMI.sleec,redundancy,30,sat,0.12144231796264648
test_files_set_quantifiers/ALMI/ALMI.sleec,redundancy,31,sat,0.11864376068115234
test_files_set_quantifiers/ALMI/ALMI.sleec,redundancy,32,sat,0.1174001693725586
test_files_set_quantifiers/ALMI/ALMI.sleec,conflict,0,sat,0.09838104248046875
test_files_set_quantifiers/ALMI/ALMI.sleec,conflict,1,sat,0.1765439510345459
test_files_set_quantifiers/ALMI/ALMI.sleec,conflict,2,sat,0.25206565856933594
test_files_set_quantifiers/ALMI/ALMI.sleec,conflict,3,sat,0.2530364990234375
test_files_set_quantifiers/ALMI/ALMI.sleec,conflict,4,sat,0.0885167121887207
test_files_set_quantifiers/ALMI/ALMI.sleec,conflict,5,sat,0.05861949920654297
test_files_set_quantifiers/ALMI/ALMI.sleec,conflict,6,sat,0.21478915214538574
test_files_set_quantifiers/ALMI/ALMI.sleec,conflict,7,sat,0.09383344650268555
test_files_set_quantifiers/ALMI/ALMI.sleec,conflict,8,sat,0.09027361869812012
test_files_set_quantifiers/ALMI/ALMI.sleec,conflict,9,sat,0.21561694145202637
test_files_set_quantifiers/ALMI/ALMI.sleec,conflict,10,sat,0.09159517288208008
test_files_set_quantifiers/ALMI/ALMI.sleec,conflict,11,sat,0.1323566436767578
test_files_set_quantifiers/ALMI/ALMI.sleec,conflict,12,sat,0.09869194030761719
test_files_set_quantifiers/ALMI/ALMI.sleec,conflict,13,sat,0.16467761993408203
test_files_set_quantifiers/ALMI/ALMI.sleec,conflict,14,sat,0.17895030975341797
test_files_set_quantifiers/ALMI/ALMI.sleec,conflict,15,sat,0.09121084213256836
test_files_set_quantifiers/ALMI/ALMI.sleec,conflict,16,sat,0.1635141372680664
test_files_set_quantifiers/ALMI/ALMI.sleec,conflict,17,sat,0.0897684097290039
test_files_set_quantifiers/ALMI/ALMI.sleec,conflict,18,sat,0.18795228004455566
test_files_set_quantifiers/ALMI/ALMI.sleec,conflict,19,sat,0.09206962585449219
test_files_set_quantifiers/ALMI/ALMI.sleec,conflict,20,sat,0.06069779396057129
test_files_set_quantifiers/ALMI/ALMI.sleec,conflict,21,sat,0.1822502613067627
test_files_set_quantifiers/ALMI/ALMI.sleec,conflict,22,sat,0.09148454666137695
test_files_set_quantifiers/ALMI/ALMI.sleec,conflict,23,sat,0.09057450294494629
test_files_set_quantifiers/ALMI/ALMI.sleec,conflict,24,sat,0.1223597526550293
test_files_set_quantifiers/ALMI/ALMI.sleec,conflict,25,sat,0.12307405471801758
test_files_set_quantifiers/ALMI/ALMI.sleec,conflict,26,sat,0.08695864677429199
test_files_set_quantifiers/ALMI/ALMI.sleec,conflict,27,sat,0.059897422790527344
test_files_set_quantifiers/ALMI/ALMI.sleec,conflict,28,sat,0.0969545841217041
test_files_set_quantifiers/ALMI/ALMI.sleec,conflict,29,sat,0.09105157852172852
test_files_set_quantifiers/ALMI/ALMI.sleec,conflict,30,sat,0.1637125015258789
test_files_set_quantifiers/ALMI/ALMI.sleec,conflict,31,sat,0.16361474990844727
test_files_set_quantifiers/ALMI/ALMI.sleec,conflict,32,sat,0.16544628143310547
test_files_set_quantifiers/ALMI/ALMI.sleec,concern,0,sat,0.09285759925842285
test_files_set_quantifiers/ALMI/ALMI.sleec,concern,1,unsat,0.06226205825805664
test_files_set_quantifiers/ALMI/ALMI.sleec,concern,2,unsat,0.05983328819274902
test_files_set_quantifiers/ALMI/ALMI.sleec,concern,3,sat,0.08742046356201172
test_files_set_quantifiers/ALMI/ALMI.sleec,concern,4,unsat,0.0434417724609375
test_files_set_quantifiers/ALMI/ALMI.sleec,concern,5,unsat,0.04071497917175293
test_files_set_quantifiers/ALMI/ALMI.sleec,concern,6,unsat,0.040338754653930664
test_files_set_quantifiers/ALMI/ALMI.sleec,concern,7,unsat,0.0729985237121582
test_files_set_quantifiers/ALMI/ALMI.sleec,concern,8,unsat,0.03916525840759277
test_files_set_quantifiers/ALMI/ALMI.sleec,concern,9,unsat,0.24151945114135742
test_files_set_quantifiers/ALMI/ALMI.sleec,concern,10,unsat,0.06534337997436523
test_files_set_quantifiers/ALMI/ALMI-Corrected.sleec,redundancy,0,sat,0.07110810279846191
test_files_set_quantifiers/ALMI/ALMI-Corrected.sleec,redundancy,1,sat,0.08693933486938477
test_files_set_quantifiers/ALMI/ALMI-Corrected.sleec,redundancy,2,sat,0.17281103134155273
test_files_set_quantifiers/ALMI/ALMI-Corrected.sleec,redundancy,3,sat,0.12149953842163086
test_files_set_quantifiers/ALMI/ALMI-Corrected.sleec,redundancy,4,sat,0.059671640396118164
test_files_set_quantifiers/ALMI/ALMI-Corrected.sleec,redundancy,5,sat,0.08925127983093262
test_files_set_quantifiers/ALMI/ALMI-Corrected.sleec,redundancy,6,sat,0.0886073112487793
test_files_set_quantifiers/ALMI/ALMI-Corrected.sleec,redundancy,7,sat,0.0603795051574707
test_files_set_quantifiers/ALMI/ALMI-Corrected.sleec,redundancy,8,sat,0.11681890487670898
test_files_set_quantifiers/ALMI/ALMI-Corrected.sleec,redundancy,9,sat,0.05786418914794922
test_files_set_quantifiers/ALMI/ALMI-Corrected.sleec,redundancy,10,sat,0.060062408447265625
test_files_set_quantifiers/ALMI/ALMI-Corrected.sleec,redundancy,11,sat,0.11904311180114746
test_files_set_quantifiers/ALMI/ALMI-Corrected.sleec,redundancy,12,sat,0.05755209922790527
test_files_set_quantifiers/ALMI/ALMI-Corrected.sleec,redundancy,13,sat,0.06011390686035156
test_files_set_quantifiers/ALMI/ALMI-Corrected.sleec,redundancy,14,sat,0.06753778457641602
test_files_set_quantifiers/ALMI/ALMI-Corrected.sleec,redundancy,15,sat,0.11723113059997559
test_files_set_quantifiers/ALMI/ALMI-Corrected.sleec,redundancy,16,sat,0.13605117797851562
test_files_set_quantifiers/ALMI/ALMI-Corrected.sleec,redundancy,17,sat,0.06133699417114258
test_files_set_quantifiers/ALMI/ALMI-Corrected.sleec,redundancy,18,sat,0.08676004409790039
test_files_set_quantifiers/ALMI/ALMI-Corrected.sleec,redundancy,19,sat,0.06047821044921875
test_files_set_quantifiers/ALMI/ALMI-Corrected.sleec,redundancy,20,sat,0.24826598167419434
test_files_set_quantifiers/ALMI/ALMI-Corrected.sleec,redundancy,21,sat,0.061797142028808594
test_files_set_quantifiers/ALMI/ALMI-Corrected.sleec,redundancy,22,sat,0.07303905487060547
test_files_set_quantifiers/ALMI/ALMI-Corrected.sleec,redundancy,23,sat,0.17830920219421387
test_files_set_quantifiers/ALMI/ALMI-Corrected.sleec,redundancy,24,sat,0.090850830078125
test_files_set_quantifiers/ALMI/ALMI-Corrected.sleec,redundancy,25,sat,0.06090140342712402
test_files_set_quantifiers/ALMI/ALMI-Corrected.sleec,redundancy,26,sat,0.08522319793701172
test_files_set_quantifiers/ALMI/ALMI-Corrected.sleec,redundancy,27,sat,0.08791828155517578
test_files_set_quantifiers/ALMI/ALMI-Corrected.sleec,redundancy,28,sat,0.05820345878601074
test_files_set_quantifiers/ALMI/ALMI-Corrected.sleec,redundancy,29,sat,0.06165051460266113
test_files_set_quantifiers/ALMI/ALMI-Corrected.sleec,redundancy,30,sat,0.06337213516235352
test_files_set_quantifiers/ALMI/ALMI-Corrected.sleec,redundancy,31,unsat,0.18210792541503906
test_files_set_quantifiers/ALMI/ALMI-Corrected.sleec,redundancy,32,sat,0.09222197532653809
test_files_set_quantifiers/ALMI/ALMI-Corrected.sleec,redundancy,33,sat,0.12276601791381836
test_files_set_quantifiers/ALMI/ALMI-Corrected.sleec,redundancy,34,sat,0.11926770210266113
test_files_set_quantifiers/ALMI/ALMI-Corrected.sleec,redundancy,35,sat,0.11986732482910156
test_files_set_quantifiers/ALMI/ALMI-Corrected.sleec,conflict,0,sat,0.10028457641601562
test_files_set_quantifiers/ALMI/ALMI-Corrected.sleec,conflict,1,sat,0.17736005783081055
test_files_set_quantifiers/ALMI/ALMI-Corrected.sleec,conflict,2,sat,0.2515416145324707
test_files_set_quantifiers/ALMI/ALMI-Corrected.sleec,conflict,3,sat,0.2534615993499756
test_files_set_quantifiers/ALMI/ALMI-Corrected.sleec,conflict,4,sat,0.09293866157531738
test_files_set_quantifiers/ALMI/ALMI-Corrected.sleec,conflict,5,sat,0.14369416236877441
test_files_set_quantifiers/ALMI/ALMI-Corrected.sleec,conflict,6,sat,0.14442062377929688
test_files_set_quantifiers/ALMI/ALMI-Corrected.sleec,conflict,7,sat,0.06171846389770508
test_files_set_quantifiers/ALMI/ALMI-Corrected.sleec,conflict,8,sat,0.21560955047607422
test_files_set_quantifiers/ALMI/ALMI-Corrected.sleec,conflict,9,sat,0.09490251541137695
test_files_set_quantifiers/ALMI/ALMI-Corrected.sleec,conflict,10,sat,0.09227705001831055
test_files_set_quantifiers/ALMI/ALMI-Corrected.sleec,conflict,11,sat,0.21916961669921875
test_files_set_quantifiers/ALMI/ALMI-Corrected.sleec,conflict,12,sat,0.09240412712097168
test_files_set_quantifiers/ALMI/ALMI-Corrected.sleec,conflict,13,sat,0.13216185569763184
test_files_set_quantifiers/ALMI/ALMI-Corrected.sleec,conflict,14,sat,0.10003471374511719
test_files_set_quantifiers/ALMI/ALMI-Corrected.sleec,conflict,15,sat,0.16434907913208008
test_files_set_quantifiers/ALMI/ALMI-Corrected.sleec,conflict,16,sat,0.1836552619934082
test_files_set_quantifiers/ALMI/ALMI-Corrected.sleec,conflict,17,sat,0.09166240692138672
test_files_set_quantifiers/ALMI/ALMI-Corrected.sleec,conflict,18,sat,0.16358351707458496
test_files_set_quantifiers/ALMI/ALMI-Corrected.sleec,conflict,19,sat,0.09206461906433105
test_files_set_quantifiers/ALMI/ALMI-Corrected.sleec,conflict,20,sat,0.18931961059570312
test_files_set_quantifiers/ALMI/ALMI-Corrected.sleec,conflict,21,sat,0.0911417007446289
test_files_set_quantifiers/ALMI/ALMI-Corrected.sleec,conflict,22,sat,0.05917239189147949
test_files_set_quantifiers/ALMI/ALMI-Corrected.sleec,conflict,23,sat,0.18484282493591309
test_files_set_quantifiers/ALMI/ALMI-Corrected.sleec,conflict,24,sat,0.09304428100585938
test_files_set_quantifiers/ALMI/ALMI-Corrected.sleec,conflict,25,sat,0.09263134002685547
test_files_set_quantifiers/ALMI/ALMI-Corrected.sleec,conflict,26,sat,0.1264650821685791
test_files_set_quantifiers/ALMI/ALMI-Corrected.sleec,conflict,27,sat,0.12717890739440918
test_files_set_quantifiers/ALMI/ALMI-Corrected.sleec,conflict,28,sat,0.08931231498718262
test_files_set_quantifiers/ALMI/ALMI-Corrected.sleec,conflict,29,sat,0.06111621856689453
test_files_set_quantifiers/ALMI/ALMI-Corrected.sleec,conflict,30,sat,0.09994387626647949
test_files_set_quantifiers/ALMI/ALMI-Corrected.sleec,conflict,31,sat,0.09959578514099121
test_files_set_quantifiers/ALMI/ALMI-Corrected.sleec,conflict,32,sat,0.09654521942138672
test_files_set_quantifiers/ALMI/ALMI-Corrected.sleec,conflict,33,sat,0.16343379020690918
test_files_set_quantifiers/ALMI/ALMI-Corrected.sleec,conflict,34,sat,0.16558027267456055
test_files_set_quantifiers/ALMI/ALMI-Corrected.sleec,conflict,35,sat,0.16605162620544434
test_files_set_quantifiers/ALMI/ALMI-Corrected.sleec,concern,0,unsat,0.07448458671569824
test_files_set_quantifiers/ALMI/ALMI-Corrected.sleec,concern,1,unsat,0.06136178970336914
test_files_set_quantifiers/ALMI/ALMI-Corrected.sleec,concern,2,unsat,0.2287278175354004
test_files_set_quantifiers/ALMI/ALMI-Corrected.sleec,concern,3,unsat,0.04249715805053711
test_files_set_quantifiers/ALMI/ALMI-Corrected.sleec,concern,4,unsat,0.041788339614868164
test_files_set_quantifiers/ALMI/ALMI-Corrected.sleec,concern,5,unsat,0.044113874435424805
test_files_set_quantifiers/ALMI/ALMI-Corrected.sleec,concern,6,unsat,0.07256269454956055
test_files_set_quantifiers/ALMI/ALMI-Corrected.sleec,concern,7,unsat,0.03984642028808594
test_files_set_quantifiers/ALMI/ALMI-Corrected.sleec,concern,8,unsat,0.2413628101348877
test_files_set_quantifiers/ALMI/ALMI-Corrected.sleec,concern,9,unsat,0.06528759002685547
